BEGIN;

-- Positions
INSERT INTO "Position" ("id", "name", "min_salary", "max_salary") VALUES (1, 'Doctor', 80000, 150000);
INSERT INTO "Position" ("id", "name", "min_salary", "max_salary") VALUES (2, 'Nurse', 45000, 75000);
INSERT INTO "Position" ("id", "name", "min_salary", "max_salary") VALUES (3, 'Administrative Staff', 35000, 55000);
INSERT INTO "Position" ("id", "name", "min_salary", "max_salary") VALUES (4, 'Lab Technician', 40000, 70000);
INSERT INTO "Position" ("id", "name", "min_salary", "max_salary") VALUES (5, 'Therapist', 50000, 90000);

-- Services
INSERT INTO "Service" ("id", "name", "price") VALUES (1, 'General Consultation', 377);
INSERT INTO "Service" ("id", "name", "price") VALUES (2, 'Dental Check-up', 107);
INSERT INTO "Service" ("id", "name", "price") VALUES (3, 'Physical Therapy', 62);
INSERT INTO "Service" ("id", "name", "price") VALUES (4, 'Blood Test', 429);
INSERT INTO "Service" ("id", "name", "price") VALUES (5, 'X-Ray', 190);
INSERT INTO "Service" ("id", "name", "price") VALUES (6, 'Vaccination', 175);
INSERT INTO "Service" ("id", "name", "price") VALUES (7, 'Mental Health Consultation', 164);
INSERT INTO "Service" ("id", "name", "price") VALUES (8, 'Nutrition Consultation', 121);
INSERT INTO "Service" ("id", "name", "price") VALUES (9, 'Eye Examination', 427);
INSERT INTO "Service" ("id", "name", "price") VALUES (10, 'ECG', 102);

-- Medical Inventory
INSERT INTO "MedicalInventory" ("id", "name", "description", "price", "stock", "type", "created_at", "updated_at") VALUES (1, 'Cough Syrup Purpose', 'Score each cause. Quality throughout beautiful instead.
Despite measure ago current.', 549.91, 158, 'MEDICINE', '2023-07-20T22:37:37.037291', '2023-10-29T21:40:44.928891');
INSERT INTO "MedicalInventory" ("id", "name", "description", "price", "stock", "type", "created_at", "updated_at") VALUES (2, 'Antiseptic Solution', 'Seem shoulder future fall citizen about reveal. Will seven medical blood personal.', 240.33, 56, 'OTHER', '2023-10-25T00:46:44.910760', '2023-12-22T23:40:21.132355');
INSERT INTO "MedicalInventory" ("id", "name", "description", "price", "stock", "type", "created_at", "updated_at") VALUES (3, 'Neck Brace', 'Eat couple large instead. Leg themselves away space task. Anything yourself structure why.', 704.31, 157, 'MEDICINE', '2023-06-15T14:57:11.149469', '2023-06-03T23:23:36.231396');
INSERT INTO "MedicalInventory" ("id", "name", "description", "price", "stock", "type", "created_at", "updated_at") VALUES (4, 'Gloves', 'Price north first end prove fire. How public feel first sell.
Leader your you. Mrs media car give.', 811.34, 51, 'MEDICINE', '2023-02-08T23:03:58.684570', '2023-07-21T08:57:42.216371');
INSERT INTO "MedicalInventory" ("id", "name", "description", "price", "stock", "type", "created_at", "updated_at") VALUES (5, 'Blood Pressure Monitor Expert', 'Sister this image per choice upon. Wish specific thing agent.', 285.09, 105, 'AID', '2023-01-26T06:27:34.965844', '2023-10-09T11:46:53.416844');
INSERT INTO "MedicalInventory" ("id", "name", "description", "price", "stock", "type", "created_at", "updated_at") VALUES (6, 'Stethoscope', 'Issue we TV perhaps professional by. Medical project for recent never.', 105.75, 138, 'OTHER', '2023-08-09T19:47:43.726960', '2023-04-28T07:10:09.375522');
INSERT INTO "MedicalInventory" ("id", "name", "description", "price", "stock", "type", "created_at", "updated_at") VALUES (7, 'Ibuprofen', 'Increase picture create recent manager during prevent. Throughout team those.', 732.43, 187, 'MEDICINE', '2023-02-27T22:24:12.529064', '2023-11-10T14:01:10.314720');
INSERT INTO "MedicalInventory" ("id", "name", "description", "price", "stock", "type", "created_at", "updated_at") VALUES (8, 'Stethoscope Listen', 'Style everyone sing machine dream. Back experience even floor music catch.', 88.01, 125, 'OTHER', '2023-11-17T13:25:00.095564', '2023-07-29T13:13:51.131038');
INSERT INTO "MedicalInventory" ("id", "name", "description", "price", "stock", "type", "created_at", "updated_at") VALUES (9, 'Inhaler Me', 'Fear hope through structure Mrs same.', 368.02, 99, 'OTHER', '2023-06-21T04:36:01.876166', '2023-09-30T15:28:33.401351');
INSERT INTO "MedicalInventory" ("id", "name", "description", "price", "stock", "type", "created_at", "updated_at") VALUES (10, 'Elastic Bandage', 'Difference attention whatever American all easy.
Charge call prove nor design record short cold.', 235.62, 124, 'MEDICINE', '2023-07-04T04:04:24.451028', '2023-05-05T04:59:43.956918');
INSERT INTO "MedicalInventory" ("id", "name", "description", "price", "stock", "type", "created_at", "updated_at") VALUES (11, 'Inhaler Time', 'Animal approach factor want point. Bill activity expect long future whole education.', 109.99, 121, 'AID', '2023-10-15T19:54:42.802244', '2023-03-24T03:36:10.185841');
INSERT INTO "MedicalInventory" ("id", "name", "description", "price", "stock", "type", "created_at", "updated_at") VALUES (12, 'Thermometer Necessary', 'Water positive child usually factor relate indeed. Woman during necessary himself two meet these.', 171.03, 140, 'MEDICINE', '2023-12-30T14:24:38.819129', '2023-06-28T05:29:53.046183');
INSERT INTO "MedicalInventory" ("id", "name", "description", "price", "stock", "type", "created_at", "updated_at") VALUES (13, 'Wound Dressing Church', 'Most not society color bad. People drive tree central leave effect.', 937.29, 68, 'OTHER', '2023-11-04T16:34:30.324165', '2023-03-14T12:21:34.935175');
INSERT INTO "MedicalInventory" ("id", "name", "description", "price", "stock", "type", "created_at", "updated_at") VALUES (14, 'Glucose Meter If', 'Down occur offer yeah. Against stop how account ten. Treat seat strategy.', 731.84, 91, 'AID', '2023-06-10T11:01:53.001344', '2023-07-30T23:09:24.349314');
INSERT INTO "MedicalInventory" ("id", "name", "description", "price", "stock", "type", "created_at", "updated_at") VALUES (15, 'Pain Relief Cream', 'Travel force indeed customer. Theory hand maybe evening clearly trial want.', 643.6, 192, 'MEDICINE', '2023-06-15T13:00:38.657819', '2023-09-02T21:49:43.478577');
INSERT INTO "MedicalInventory" ("id", "name", "description", "price", "stock", "type", "created_at", "updated_at") VALUES (16, 'Antihistamine Remember', 'Break doctor Mr home he we recent. Industry score choice increase between majority impact.', 770.63, 64, 'MEDICINE', '2023-05-11T13:22:28.836591', '2023-05-25T22:08:52.508453');
INSERT INTO "MedicalInventory" ("id", "name", "description", "price", "stock", "type", "created_at", "updated_at") VALUES (17, 'Insulin Customer', 'Begin deep police wife anything four writer. Day stop never only spend do similar.', 322.3, 118, 'MEDICINE', '2023-11-12T13:56:42.756684', '2023-07-09T19:23:52.122241');
INSERT INTO "MedicalInventory" ("id", "name", "description", "price", "stock", "type", "created_at", "updated_at") VALUES (18, 'Ice Pack', 'Benefit school speech news only no. Prove improve them wait institution trouble.', 877.6, 130, 'MEDICINE', '2023-03-23T15:00:11.435485', '2023-02-09T09:23:44.824260');
INSERT INTO "MedicalInventory" ("id", "name", "description", "price", "stock", "type", "created_at", "updated_at") VALUES (19, 'Stethoscope Through', 'Scientist will begin most. Information game have return since nothing.', 885.84, 167, 'MEDICINE', '2023-04-10T10:23:07.988534', '2023-10-02T19:10:59.891113');
INSERT INTO "MedicalInventory" ("id", "name", "description", "price", "stock", "type", "created_at", "updated_at") VALUES (20, 'Surgical Masks', 'Involve exist question main project animal. Worker area daughter war should share.', 747.54, 187, 'AID', '2023-11-10T19:23:35.084094', '2023-07-29T13:49:55.301509');
INSERT INTO "MedicalInventory" ("id", "name", "description", "price", "stock", "type", "created_at", "updated_at") VALUES (21, 'Cotton Swabs Painting', 'Behind question exist rich prevent trade. Four old center glass.', 898.84, 152, 'AID', '2023-03-11T21:21:27.796651', '2023-12-30T23:47:44.743042');
INSERT INTO "MedicalInventory" ("id", "name", "description", "price", "stock", "type", "created_at", "updated_at") VALUES (22, 'Bandages', 'Fast small medical music. Also from short capital heavy class story.', 514.43, 73, 'MEDICINE', '2023-11-15T04:17:08.275115', '2023-07-21T20:28:04.627300');
INSERT INTO "MedicalInventory" ("id", "name", "description", "price", "stock", "type", "created_at", "updated_at") VALUES (23, 'Bandages Board', 'Expect several evening town. Store begin treat stage. Us increase how hear history bank.', 631.17, 158, 'OTHER', '2023-09-14T19:33:50.498371', '2023-06-13T06:58:56.916152');
INSERT INTO "MedicalInventory" ("id", "name", "description", "price", "stock", "type", "created_at", "updated_at") VALUES (24, 'Stethoscope', 'Affect democratic change vote.', 599.93, 169, 'OTHER', '2023-10-14T06:05:53.397401', '2023-07-04T18:35:27.369647');
INSERT INTO "MedicalInventory" ("id", "name", "description", "price", "stock", "type", "created_at", "updated_at") VALUES (25, 'Glucose Meter', 'Them analysis hit health section ground.', 862.17, 52, 'OTHER', '2023-08-18T22:50:39.717661', '2023-10-23T09:14:37.495034');
INSERT INTO "MedicalInventory" ("id", "name", "description", "price", "stock", "type", "created_at", "updated_at") VALUES (26, 'Elastic Bandage At', 'Son join hundred keep. Fund cost reality happen something entire.', 885.94, 118, 'OTHER', '2023-01-16T10:00:52.929571', '2023-11-13T16:38:41.140654');
INSERT INTO "MedicalInventory" ("id", "name", "description", "price", "stock", "type", "created_at", "updated_at") VALUES (27, 'Syringes', 'Your ever woman way avoid point guy song. Well central parent sit. Call door population.', 440.42, 166, 'MEDICINE', '2023-02-12T20:45:36.203784', '2023-10-10T02:05:23.021272');
INSERT INTO "MedicalInventory" ("id", "name", "description", "price", "stock", "type", "created_at", "updated_at") VALUES (28, 'Cough Syrup Score', 'Meeting building cut catch so ago. Occur level work candidate this assume huge.', 722.48, 178, 'MEDICINE', '2023-12-07T05:52:11.067164', '2023-03-24T01:42:30.266187');
INSERT INTO "MedicalInventory" ("id", "name", "description", "price", "stock", "type", "created_at", "updated_at") VALUES (29, 'Amoxicillin Yourself', 'Keep machine daughter parent. Technology floor write generation human set.', 871.81, 126, 'OTHER', '2023-08-01T08:05:38.984305', '2023-01-18T17:04:38.817384');
INSERT INTO "MedicalInventory" ("id", "name", "description", "price", "stock", "type", "created_at", "updated_at") VALUES (30, 'Antiseptic Solution Father', 'From stock mOTHER remember feel staff happy purpose. On someone rise read ago listen.', 161.31, 91, 'OTHER', '2023-07-11T06:34:06.220670', '2023-04-25T04:56:33.729265');
INSERT INTO "MedicalInventory" ("id", "name", "description", "price", "stock", "type", "created_at", "updated_at") VALUES (31, 'Pain Relief Cream Consumer', 'Business quality here woman stand. Fact explain research get.', 535.05, 50, 'OTHER', '2023-12-18T02:02:09.421731', '2023-12-22T23:01:40.722866');
INSERT INTO "MedicalInventory" ("id", "name", "description", "price", "stock", "type", "created_at", "updated_at") VALUES (32, 'Paracetamol', 'Present thing little practice sense expert. Position traditional become off movement.', 120.75, 142, 'AID', '2023-11-01T09:04:16.099359', '2023-10-14T19:37:26.625343');
INSERT INTO "MedicalInventory" ("id", "name", "description", "price", "stock", "type", "created_at", "updated_at") VALUES (33, 'Surgical Masks', 'Theory across nothing blue work. Lawyer political modern threat care.', 879.23, 70, 'MEDICINE', '2023-04-01T06:56:21.562498', '2023-04-05T22:13:12.649597');
INSERT INTO "MedicalInventory" ("id", "name", "description", "price", "stock", "type", "created_at", "updated_at") VALUES (34, 'Antihistamine Eat', 'Check security paper indeed near likely Mr. Seven quite OTHER skin moment.', 78.52, 186, 'MEDICINE', '2023-09-02T21:17:55.442466', '2023-04-23T04:10:09.521017');
INSERT INTO "MedicalInventory" ("id", "name", "description", "price", "stock", "type", "created_at", "updated_at") VALUES (35, 'Vitamin D', 'Effort able design authority interest red.', 947.38, 92, 'AID', '2023-02-18T09:47:56.213334', '2023-11-10T03:27:48.861815');
INSERT INTO "MedicalInventory" ("id", "name", "description", "price", "stock", "type", "created_at", "updated_at") VALUES (36, 'Heat Pack By', 'Special information she. Drive attack order.', 428.91, 104, 'OTHER', '2023-07-09T17:38:57.156210', '2023-05-31T12:51:43.068669');
INSERT INTO "MedicalInventory" ("id", "name", "description", "price", "stock", "type", "created_at", "updated_at") VALUES (37, 'Wound Dressing Face', 'We they treatment personal interview many win. Skill five indicate chance heavy senior.', 209.14, 129, 'AID', '2023-11-14T23:56:53.971313', '2023-03-10T11:47:40.328868');
INSERT INTO "MedicalInventory" ("id", "name", "description", "price", "stock", "type", "created_at", "updated_at") VALUES (38, 'Neck Brace Sort', 'Whom politics make collection some college result. Contain threat wrong whatever model stuff avoid.', 379.69, 182, 'AID', '2023-09-15T09:49:59.910648', '2023-01-04T07:51:35.313587');
INSERT INTO "MedicalInventory" ("id", "name", "description", "price", "stock", "type", "created_at", "updated_at") VALUES (39, 'Surgical Masks', 'Reflect bar suddenly. Not teach believe month amount deep.', 73.39, 55, 'OTHER', '2023-05-01T17:59:30.764171', '2023-10-03T01:00:09.125476');
INSERT INTO "MedicalInventory" ("id", "name", "description", "price", "stock", "type", "created_at", "updated_at") VALUES (40, 'Ice Pack Challenge', 'Cost large never impact. Bed never OTHERs.', 228.02, 68, 'OTHER', '2023-09-20T09:46:39.419947', '2023-06-30T11:19:48.313959');
INSERT INTO "MedicalInventory" ("id", "name", "description", "price", "stock", "type", "created_at", "updated_at") VALUES (41, 'Surgical Masks Practice', 'Blood fight we forward per sound forget. Issue statement prepare organization feel owner.', 76.73, 58, 'AID', '2023-03-14T17:27:11.611929', '2023-12-30T00:06:23.008252');
INSERT INTO "MedicalInventory" ("id", "name", "description", "price", "stock", "type", "created_at", "updated_at") VALUES (42, 'Surgical Masks', 'Agree road wall decide something story attorney. Pull cause field education child institution.', 285.69, 174, 'MEDICINE', '2023-08-12T00:21:14.956592', '2023-07-25T00:17:32.901814');
INSERT INTO "MedicalInventory" ("id", "name", "description", "price", "stock", "type", "created_at", "updated_at") VALUES (43, 'Saline Solution Quite', 'Miss give best reveal laugh. Feel special boy support. Quality clearly worker during.', 936.16, 196, 'OTHER', '2023-03-20T04:27:31.586019', '2023-04-12T07:37:13.581778');
INSERT INTO "MedicalInventory" ("id", "name", "description", "price", "stock", "type", "created_at", "updated_at") VALUES (44, 'Insulin', 'Big the cost for leader energy television. Whole finish home hotel box goal leader.', 478.24, 154, 'MEDICINE', '2023-02-20T04:24:31.391992', '2023-05-20T16:05:24.847260');
INSERT INTO "MedicalInventory" ("id", "name", "description", "price", "stock", "type", "created_at", "updated_at") VALUES (45, 'Elastic Bandage', 'Player really population yourself never majority cell. Success people tend weight machine crime.', 436.74, 158, 'AID', '2023-07-20T02:24:28.613248', '2023-02-11T05:00:40.517536');
INSERT INTO "MedicalInventory" ("id", "name", "description", "price", "stock", "type", "created_at", "updated_at") VALUES (46, 'Saline Solution', 'Simple statement happen state among. National wrong bill stop seem fear.', 63.63, 75, 'MEDICINE', '2023-09-26T11:47:13.238843', '2023-09-08T20:16:15.661230');
INSERT INTO "MedicalInventory" ("id", "name", "description", "price", "stock", "type", "created_at", "updated_at") VALUES (47, 'Blood Pressure Monitor', 'Majority officer environmental increase later plant. Idea seek reason theory.', 802.59, 77, 'MEDICINE', '2023-09-06T10:46:25.054861', '2023-01-18T14:54:11.899517');
INSERT INTO "MedicalInventory" ("id", "name", "description", "price", "stock", "type", "created_at", "updated_at") VALUES (48, 'Glucose Meter', 'Six least buy tax kid a when dark. Think few themselves theory.', 454.13, 158, 'MEDICINE', '2023-08-05T02:23:02.703853', '2023-07-09T01:51:54.030620');
INSERT INTO "MedicalInventory" ("id", "name", "description", "price", "stock", "type", "created_at", "updated_at") VALUES (49, 'Surgical Masks', 'Most across practice key. Physical character in rather team.', 875.74, 69, 'AID', '2023-08-10T03:55:59.923654', '2023-10-11T13:04:43.983681');
INSERT INTO "MedicalInventory" ("id", "name", "description", "price", "stock", "type", "created_at", "updated_at") VALUES (50, 'Inhaler Rock', 'Day parent country hot position.', 554.82, 62, 'OTHER', '2023-12-14T10:06:04.563747', '2023-10-08T09:55:35.551294');
INSERT INTO "MedicalInventory" ("id", "name", "description", "price", "stock", "type", "created_at", "updated_at") VALUES (51, 'Antihistamine Adult', 'Each under break partner. Finally score scientist budget.', 24.61, 73, 'MEDICINE', '2023-10-08T19:12:54.063782', '2023-01-11T16:27:22.356884');
INSERT INTO "MedicalInventory" ("id", "name", "description", "price", "stock", "type", "created_at", "updated_at") VALUES (52, 'Vitamin D', 'Line him change. Need trial scientist.', 486.54, 152, 'MEDICINE', '2023-01-03T21:37:07.320713', '2023-03-15T01:03:47.507634');
INSERT INTO "MedicalInventory" ("id", "name", "description", "price", "stock", "type", "created_at", "updated_at") VALUES (53, 'Paracetamol', 'Science drug happy will young. Run national somebody character usually. Do get style.', 985.46, 117, 'AID', '2023-03-28T16:37:55.580643', '2023-06-29T02:21:51.365379');
INSERT INTO "MedicalInventory" ("id", "name", "description", "price", "stock", "type", "created_at", "updated_at") VALUES (54, 'Wound Dressing', 'Republican behavior TV today. Including time learn security oil measure PM.', 957.74, 192, 'OTHER', '2023-02-08T11:01:33.977630', '2023-06-13T15:24:54.389734');
INSERT INTO "MedicalInventory" ("id", "name", "description", "price", "stock", "type", "created_at", "updated_at") VALUES (55, 'Bandages Former', 'All identify laugh security. Behind big soldier building article.', 198.0, 105, 'MEDICINE', '2023-01-24T11:13:39.744861', '2023-11-25T12:12:20.778369');
INSERT INTO "MedicalInventory" ("id", "name", "description", "price", "stock", "type", "created_at", "updated_at") VALUES (56, 'Glucose Meter Life', 'Toward stop former amount. Anything under item right many him interview.', 70.35, 130, 'MEDICINE', '2023-10-12T10:37:01.504484', '2023-05-06T05:28:55.453744');
INSERT INTO "MedicalInventory" ("id", "name", "description", "price", "stock", "type", "created_at", "updated_at") VALUES (57, 'Vitamin D', 'Argue own after long.', 507.82, 185, 'MEDICINE', '2023-09-24T13:49:38.258795', '2023-06-09T00:28:55.895782');
INSERT INTO "MedicalInventory" ("id", "name", "description", "price", "stock", "type", "created_at", "updated_at") VALUES (58, 'Zinc Supplements', 'Seat draw word collection those become. Land enter economic attack either blue.
History run why.', 89.31, 97, 'MEDICINE', '2023-07-19T02:59:46.014851', '2023-11-23T22:00:45.994954');
INSERT INTO "MedicalInventory" ("id", "name", "description", "price", "stock", "type", "created_at", "updated_at") VALUES (59, 'Elastic Bandage Better', 'About because station person lose best.
Point with list break. Likely thus enter politics hold he.', 863.2, 153, 'MEDICINE', '2023-09-08T02:13:31.646457', '2023-12-07T20:03:12.605461');
INSERT INTO "MedicalInventory" ("id", "name", "description", "price", "stock", "type", "created_at", "updated_at") VALUES (60, 'Ice Pack Page', 'Federal house take alone number might number. Challenge we last we cold deep cover amount.', 253.75, 60, 'OTHER', '2023-07-09T03:59:45.308427', '2023-11-30T20:19:35.229369');
INSERT INTO "MedicalInventory" ("id", "name", "description", "price", "stock", "type", "created_at", "updated_at") VALUES (61, 'Elastic Bandage', 'Onto site both change note old who beyond.', 587.84, 183, 'AID', '2023-11-20T19:19:13.197918', '2023-05-01T15:55:56.084213');
INSERT INTO "MedicalInventory" ("id", "name", "description", "price", "stock", "type", "created_at", "updated_at") VALUES (62, 'Antiseptic Solution Economy', 'Tv today after stage field exactly man.', 673.03, 130, 'MEDICINE', '2023-07-08T00:09:23.003605', '2023-05-17T02:28:46.530766');
INSERT INTO "MedicalInventory" ("id", "name", "description", "price", "stock", "type", "created_at", "updated_at") VALUES (63, 'Bandages', 'Social assume remember idea sister modern notice. Cover strategy student economic.', 674.97, 126, 'AID', '2023-05-21T17:02:15.718536', '2023-03-01T07:09:32.743114');
INSERT INTO "MedicalInventory" ("id", "name", "description", "price", "stock", "type", "created_at", "updated_at") VALUES (64, 'Eye Drops', 'Loss from everybody foot. End represent throughout federal change.', 936.38, 52, 'AID', '2023-06-02T08:35:23.400984', '2023-05-22T07:58:10.955653');
INSERT INTO "MedicalInventory" ("id", "name", "description", "price", "stock", "type", "created_at", "updated_at") VALUES (65, 'Ice Pack Also', 'Perhaps order answer blue structure answer break. Herself natural listen check receive piece.', 996.14, 68, 'OTHER', '2023-07-01T04:14:54.441803', '2023-08-10T16:14:23.303545');
INSERT INTO "MedicalInventory" ("id", "name", "description", "price", "stock", "type", "created_at", "updated_at") VALUES (66, 'Gloves', 'Win group important civil nature travel read. Former able public trade structure protect chance.', 141.13, 139, 'MEDICINE', '2023-04-16T18:23:41.497254', '2023-10-19T18:44:36.791173');
INSERT INTO "MedicalInventory" ("id", "name", "description", "price", "stock", "type", "created_at", "updated_at") VALUES (67, 'Thermometer Form', 'Believe serve animal system. Forget thus western environmental. Head garden box hundred.', 292.14, 162, 'OTHER', '2023-06-09T11:47:24.952141', '2023-08-11T12:31:08.799023');
INSERT INTO "MedicalInventory" ("id", "name", "description", "price", "stock", "type", "created_at", "updated_at") VALUES (68, 'Heat Pack Start', 'Learn soon large task. Firm wonder seat adult idea along near.', 984.01, 185, 'MEDICINE', '2023-05-13T05:44:28.190670', '2023-06-14T17:19:24.733711');
INSERT INTO "MedicalInventory" ("id", "name", "description", "price", "stock", "type", "created_at", "updated_at") VALUES (69, 'Glucose Meter Bill', 'Game stop who. Natural hear blood to manage.', 306.38, 76, 'MEDICINE', '2023-07-21T08:59:06.753507', '2023-06-07T13:01:53.322255');
INSERT INTO "MedicalInventory" ("id", "name", "description", "price", "stock", "type", "created_at", "updated_at") VALUES (70, 'Cough Syrup', 'Decide research rather TV car. Mean reason follow break.', 115.97, 191, 'MEDICINE', '2023-10-13T12:08:46.516834', '2023-03-16T06:09:06.809061');
INSERT INTO "MedicalInventory" ("id", "name", "description", "price", "stock", "type", "created_at", "updated_at") VALUES (71, 'Heat Pack', 'Grow laugh pattern. Ten score night down six sometimes explain. Unit hold what.', 218.52, 137, 'MEDICINE', '2023-02-13T10:40:29.623010', '2023-01-15T18:58:50.373272');
INSERT INTO "MedicalInventory" ("id", "name", "description", "price", "stock", "type", "created_at", "updated_at") VALUES (72, 'Inhaler Family', 'Attention measure indeed Mr begin determine degree. Former family wear peace little no.', 271.34, 175, 'AID', '2023-08-15T02:12:23.437584', '2023-12-16T00:55:21.306799');
INSERT INTO "MedicalInventory" ("id", "name", "description", "price", "stock", "type", "created_at", "updated_at") VALUES (73, 'Inhaler Rest', 'Trouble war history music executive treat. Method meet main fast prepare fly. Way cold what Mrs.', 60.29, 158, 'AID', '2023-12-22T08:17:31.836544', '2023-10-10T04:12:21.904867');
INSERT INTO "MedicalInventory" ("id", "name", "description", "price", "stock", "type", "created_at", "updated_at") VALUES (74, 'Blood Pressure Monitor', 'Agency response also available. Some newspaper offer direction.', 773.41, 117, 'MEDICINE', '2023-08-09T18:57:33.078989', '2023-04-13T11:20:11.016014');
INSERT INTO "MedicalInventory" ("id", "name", "description", "price", "stock", "type", "created_at", "updated_at") VALUES (75, 'Glucose Meter With', 'OTHERs Mr water fight security tough gas.', 708.61, 193, 'MEDICINE', '2023-05-10T23:57:38.535578', '2023-09-02T08:26:17.025556');
INSERT INTO "MedicalInventory" ("id", "name", "description", "price", "stock", "type", "created_at", "updated_at") VALUES (76, 'Cough Syrup', 'Expect attorney cover magazine. Pattern figure once not hair first.', 694.11, 88, 'OTHER', '2023-10-28T19:48:42.945403', '2023-11-21T10:22:15.355605');
INSERT INTO "MedicalInventory" ("id", "name", "description", "price", "stock", "type", "created_at", "updated_at") VALUES (77, 'Thermometer', 'Safe phone road throughout support. All old if operation trade necessary myself your.', 586.68, 87, 'AID', '2023-06-12T10:10:54.470559', '2023-03-07T05:00:44.375853');
INSERT INTO "MedicalInventory" ("id", "name", "description", "price", "stock", "type", "created_at", "updated_at") VALUES (78, 'Syringes', 'Name community president half president structure might heavy. Might good test main lot.', 371.01, 60, 'AID', '2023-08-04T14:44:56.979608', '2023-02-19T00:56:57.419985');
INSERT INTO "MedicalInventory" ("id", "name", "description", "price", "stock", "type", "created_at", "updated_at") VALUES (79, 'Surgical Masks', 'Three chair coach. Might if wide point. Water describe paper likely loss.', 670.26, 140, 'OTHER', '2023-07-10T06:24:22.653352', '2023-11-27T23:59:14.830476');
INSERT INTO "MedicalInventory" ("id", "name", "description", "price", "stock", "type", "created_at", "updated_at") VALUES (80, 'Cotton Swabs Return', 'Impact blood international one end movie. Hand every quite sense including six lot.', 974.1, 89, 'MEDICINE', '2023-01-19T22:43:59.647191', '2023-05-22T15:12:35.112929');
INSERT INTO "MedicalInventory" ("id", "name", "description", "price", "stock", "type", "created_at", "updated_at") VALUES (81, 'Insulin Provide', 'Statement likely outside because.', 812.66, 155, 'MEDICINE', '2023-11-06T14:33:31.935135', '2023-12-05T19:06:21.494637');
INSERT INTO "MedicalInventory" ("id", "name", "description", "price", "stock", "type", "created_at", "updated_at") VALUES (82, 'Pain Relief Cream', 'Crime six member recognize past. Growth pretty wish. You sister good house.', 338.86, 155, 'OTHER', '2023-10-08T06:26:00.224602', '2023-10-03T17:17:11.825404');
INSERT INTO "MedicalInventory" ("id", "name", "description", "price", "stock", "type", "created_at", "updated_at") VALUES (83, 'Insulin Stand', 'Finish despite off consumer second us couple. Dog drug enter director strong.', 255.69, 90, 'OTHER', '2023-10-10T10:17:49.301651', '2023-06-16T10:03:52.400825');
INSERT INTO "MedicalInventory" ("id", "name", "description", "price", "stock", "type", "created_at", "updated_at") VALUES (84, 'Inhaler', 'Least ready activity decision ok foot party. Cost enjoy especially when gas.', 48.34, 170, 'MEDICINE', '2023-10-19T05:07:38.046496', '2023-09-26T19:54:10.923008');
INSERT INTO "MedicalInventory" ("id", "name", "description", "price", "stock", "type", "created_at", "updated_at") VALUES (85, 'Pain Relief Cream', 'Professional team foot.', 465.7, 128, 'MEDICINE', '2023-01-01T00:48:24.257182', '2023-10-24T19:09:28.217194');
INSERT INTO "MedicalInventory" ("id", "name", "description", "price", "stock", "type", "created_at", "updated_at") VALUES (86, 'Elastic Bandage', 'Expert movement reach man sense federal. Something OTHERs someone nature country think.', 201.2, 134, 'AID', '2023-09-12T23:19:43.016406', '2023-06-29T02:04:37.842750');
INSERT INTO "MedicalInventory" ("id", "name", "description", "price", "stock", "type", "created_at", "updated_at") VALUES (87, 'Eye Drops Full', 'Anyone movement control bill.', 286.33, 180, 'AID', '2023-01-30T04:49:44.318694', '2023-10-01T04:58:33.114280');
INSERT INTO "MedicalInventory" ("id", "name", "description", "price", "stock", "type", "created_at", "updated_at") VALUES (88, 'Antihistamine Child', 'Simply author like court success. Stock business should eat side kitchen.', 540.85, 57, 'MEDICINE', '2023-09-06T01:04:48.388891', '2023-04-24T14:35:14.703873');
INSERT INTO "MedicalInventory" ("id", "name", "description", "price", "stock", "type", "created_at", "updated_at") VALUES (89, 'Gloves Future', 'Rock seat near business loss federal growth appear. Wind door its address some.', 186.78, 117, 'MEDICINE', '2023-11-24T02:43:13.277075', '2023-06-26T15:35:57.967108');
INSERT INTO "MedicalInventory" ("id", "name", "description", "price", "stock", "type", "created_at", "updated_at") VALUES (90, 'Cotton Swabs', 'Whether best rise mOTHER country. Prevent now way next newspaper second short.', 352.23, 130, 'AID', '2023-07-18T14:35:26.984370', '2023-05-17T12:33:03.679423');
INSERT INTO "MedicalInventory" ("id", "name", "description", "price", "stock", "type", "created_at", "updated_at") VALUES (91, 'Zinc Supplements Oil', 'Which language however risk work OTHER. Career three according worker Democrat fire sign.', 124.49, 197, 'MEDICINE', '2023-06-25T15:24:35.279505', '2023-06-27T17:34:57.418285');
INSERT INTO "MedicalInventory" ("id", "name", "description", "price", "stock", "type", "created_at", "updated_at") VALUES (92, 'Wound Dressing', 'Organization feel room office. Sister two free they. Indicate test thank dinner present own.', 441.7, 183, 'OTHER', '2023-09-24T07:04:13.507188', '2023-05-24T00:13:23.904042');
INSERT INTO "MedicalInventory" ("id", "name", "description", "price", "stock", "type", "created_at", "updated_at") VALUES (93, 'Saline Solution Like', 'Science drug per challenge. Add really born late age.', 739.67, 100, 'AID', '2023-04-03T23:39:59.853942', '2023-01-22T21:07:17.015135');
INSERT INTO "MedicalInventory" ("id", "name", "description", "price", "stock", "type", "created_at", "updated_at") VALUES (94, 'Elastic Bandage', 'Even let war at produce production tree growth. Affect test power discuss.', 921.56, 130, 'OTHER', '2023-03-27T23:29:05.399585', '2023-12-23T01:56:30.907134');
INSERT INTO "MedicalInventory" ("id", "name", "description", "price", "stock", "type", "created_at", "updated_at") VALUES (95, 'Saline Solution More', 'Personal these three spring. Want we difficult.', 901.05, 179, 'AID', '2023-09-14T16:04:17.341286', '2023-07-10T15:57:52.933940');
INSERT INTO "MedicalInventory" ("id", "name", "description", "price", "stock", "type", "created_at", "updated_at") VALUES (96, 'Blood Pressure Monitor Central', 'Prevent north citizen attack. We brOTHER fish they risk she they. Which field seat start PM scene.', 408.38, 125, 'OTHER', '2023-11-04T23:51:49.065702', '2023-06-20T15:07:04.516337');
INSERT INTO "MedicalInventory" ("id", "name", "description", "price", "stock", "type", "created_at", "updated_at") VALUES (97, 'Cotton Swabs', 'System man case cover. Impact why understand. Development provide dark daughter computer western.', 668.28, 147, 'OTHER', '2023-01-16T10:32:43.592120', '2023-12-29T11:37:35.549883');
INSERT INTO "MedicalInventory" ("id", "name", "description", "price", "stock", "type", "created_at", "updated_at") VALUES (98, 'Gauze Natural', 'Worker always hold share while couple. Huge fight still leave institution party. Ready tough less.', 619.36, 127, 'AID', '2023-09-15T01:35:47.534196', '2023-08-19T19:15:23.924518');
INSERT INTO "MedicalInventory" ("id", "name", "description", "price", "stock", "type", "created_at", "updated_at") VALUES (99, 'Paracetamol Bed', 'People newspaper stay any challenge. Already take project study fear turn. Board year claim.', 310.84, 103, 'AID', '2023-01-24T15:11:32.531728', '2023-06-21T09:03:21.423796');
INSERT INTO "MedicalInventory" ("id", "name", "description", "price", "stock", "type", "created_at", "updated_at") VALUES (100, 'Heat Pack Campaign', 'Offer perhaps until pass market role marriage. This discussion fact cover.', 658.16, 169, 'AID', '2023-08-21T01:13:51.444427', '2023-01-05T02:41:34.559002');
INSERT INTO "MedicalInventory" ("id", "name", "description", "price", "stock", "type", "created_at", "updated_at") VALUES (101, 'Antiseptic Solution', 'Effort attack feel nearly short. Rate game right pattern.
Create street two look.', 516.06, 93, 'OTHER', '2023-01-25T02:26:13.664221', '2023-02-24T08:19:39.575929');
INSERT INTO "MedicalInventory" ("id", "name", "description", "price", "stock", "type", "created_at", "updated_at") VALUES (102, 'Zinc Supplements', 'Worker phone success number hope organization.', 667.22, 135, 'MEDICINE', '2023-11-29T11:03:33.120415', '2023-06-11T12:48:37.714808');
INSERT INTO "MedicalInventory" ("id", "name", "description", "price", "stock", "type", "created_at", "updated_at") VALUES (103, 'Eye Drops Ago', 'Child future low them financial force show. State visit quality car. Least require mission.', 242.52, 129, 'MEDICINE', '2023-01-17T19:04:37.311356', '2023-07-09T11:46:00.814620');
INSERT INTO "MedicalInventory" ("id", "name", "description", "price", "stock", "type", "created_at", "updated_at") VALUES (104, 'Bandages Reason', 'Officer fine throughout. Customer expert mOTHER significant provide evening.', 34.18, 112, 'AID', '2023-05-04T07:13:22.674503', '2023-06-11T11:42:20.766777');
INSERT INTO "MedicalInventory" ("id", "name", "description", "price", "stock", "type", "created_at", "updated_at") VALUES (105, 'Eye Drops Case', 'Tough anyone himself beat hot relate through.', 82.1, 156, 'OTHER', '2023-06-17T21:24:26.455846', '2023-03-04T04:07:20.263415');
INSERT INTO "MedicalInventory" ("id", "name", "description", "price", "stock", "type", "created_at", "updated_at") VALUES (106, 'Wound Dressing Special', 'Race first now tree fight. Response trip wrong old particularly member.', 699.39, 176, 'AID', '2023-09-17T02:03:16.636821', '2023-05-28T19:06:04.571143');
INSERT INTO "MedicalInventory" ("id", "name", "description", "price", "stock", "type", "created_at", "updated_at") VALUES (107, 'Neck Brace', 'Safe inside whether sometimes eye along type. Risk nor article list college. Prevent factor say.', 690.75, 77, 'AID', '2023-08-13T03:36:33.239054', '2023-04-11T04:17:48.174244');
INSERT INTO "MedicalInventory" ("id", "name", "description", "price", "stock", "type", "created_at", "updated_at") VALUES (108, 'Insulin', 'Scientist page travel. Process have compare site.', 958.39, 182, 'AID', '2023-11-03T10:15:12.225041', '2023-01-20T18:35:24.256614');
INSERT INTO "MedicalInventory" ("id", "name", "description", "price", "stock", "type", "created_at", "updated_at") VALUES (109, 'Surgical Masks', 'Apply less live live. Do raise hope enjoy most itself eye.', 918.3, 81, 'AID', '2023-03-07T11:45:06.751032', '2023-07-19T07:56:35.822429');
INSERT INTO "MedicalInventory" ("id", "name", "description", "price", "stock", "type", "created_at", "updated_at") VALUES (110, 'Vitamin C', 'Activity best billion land.
Edge alone people arm order. Wear point remain build task.', 670.9, 193, 'OTHER', '2023-10-08T01:07:16.890707', '2023-09-09T23:14:49.028800');
INSERT INTO "MedicalInventory" ("id", "name", "description", "price", "stock", "type", "created_at", "updated_at") VALUES (111, 'Eye Drops', 'Movement which ball least short possible. Never whose produce federal.', 892.51, 179, 'AID', '2023-10-23T11:41:36.118350', '2023-12-18T19:59:30.069004');
INSERT INTO "MedicalInventory" ("id", "name", "description", "price", "stock", "type", "created_at", "updated_at") VALUES (112, 'Glucose Meter Admit', 'Argue skin amount brOTHER southern project.', 451.45, 90, 'OTHER', '2023-08-05T13:43:21.463945', '2023-08-13T02:07:50.930857');
INSERT INTO "MedicalInventory" ("id", "name", "description", "price", "stock", "type", "created_at", "updated_at") VALUES (113, 'Vitamin C At', 'Front structure scene I building range. Case student soldier share or friend building.', 266.6, 113, 'OTHER', '2023-11-19T20:05:26.448834', '2023-06-01T12:07:03.028845');
INSERT INTO "MedicalInventory" ("id", "name", "description", "price", "stock", "type", "created_at", "updated_at") VALUES (114, 'Eye Drops', 'Deal policy mission include. Particular also conference matter. Physical site girl above.', 526.09, 111, 'AID', '2023-11-04T03:16:36.780470', '2023-11-28T18:43:38.895591');
INSERT INTO "MedicalInventory" ("id", "name", "description", "price", "stock", "type", "created_at", "updated_at") VALUES (115, 'Wound Dressing', 'Civil two approach hair. Itself free source serve analysis. Understand compare size.', 292.87, 119, 'AID', '2023-08-10T20:00:41.375724', '2023-03-06T19:32:19.849727');
INSERT INTO "MedicalInventory" ("id", "name", "description", "price", "stock", "type", "created_at", "updated_at") VALUES (116, 'Glucose Meter', 'Leader create grow especially. Camera realize arrive carry surface learn. Set detail far church.', 89.77, 88, 'MEDICINE', '2023-05-24T12:46:51.186654', '2023-10-22T17:41:00.704778');
INSERT INTO "MedicalInventory" ("id", "name", "description", "price", "stock", "type", "created_at", "updated_at") VALUES (117, 'Bandages', 'Manager bar send really image design grow. Positive before look fight reflect.', 709.35, 66, 'AID', '2023-03-17T09:37:52.268806', '2023-09-07T05:14:06.087257');
INSERT INTO "MedicalInventory" ("id", "name", "description", "price", "stock", "type", "created_at", "updated_at") VALUES (118, 'Glucose Meter', 'Health laugh may stop.', 471.27, 65, 'MEDICINE', '2023-09-11T17:42:33.553440', '2023-06-30T15:55:40.183713');
INSERT INTO "MedicalInventory" ("id", "name", "description", "price", "stock", "type", "created_at", "updated_at") VALUES (119, 'Stethoscope Two', 'Weight age indicate radio use listen information. Factor as the.', 905.79, 199, 'OTHER', '2023-12-20T08:14:43.031843', '2023-10-08T04:32:01.332686');
INSERT INTO "MedicalInventory" ("id", "name", "description", "price", "stock", "type", "created_at", "updated_at") VALUES (120, 'Cough Syrup', 'Good lay coach under.', 767.94, 147, 'AID', '2023-02-23T20:26:26.375833', '2023-06-13T05:28:35.722318');
INSERT INTO "MedicalInventory" ("id", "name", "description", "price", "stock", "type", "created_at", "updated_at") VALUES (121, 'Thermometer', 'Feeling turn identify material certainly leader floor. Wife national medical.', 305.63, 149, 'AID', '2023-01-10T00:36:51.538964', '2023-08-13T18:40:19.659427');
INSERT INTO "MedicalInventory" ("id", "name", "description", "price", "stock", "type", "created_at", "updated_at") VALUES (122, 'Saline Solution Discussion', 'Face morning view. Create physical share out cold follow first. Even recently guy move goal.', 550.67, 106, 'AID', '2023-11-23T12:41:15.422727', '2023-08-12T06:54:36.531837');
INSERT INTO "MedicalInventory" ("id", "name", "description", "price", "stock", "type", "created_at", "updated_at") VALUES (123, 'Cotton Swabs', 'Campaign reason read film decide. Interesting several born affect.', 490.79, 149, 'AID', '2023-05-07T14:42:00.104157', '2023-02-28T10:37:43.995082');
INSERT INTO "MedicalInventory" ("id", "name", "description", "price", "stock", "type", "created_at", "updated_at") VALUES (124, 'Insulin Month', 'Both world buy book career several. News American foreign break exist.', 410.27, 92, 'AID', '2023-03-14T11:13:07.189676', '2023-03-14T21:30:06.881410');
INSERT INTO "MedicalInventory" ("id", "name", "description", "price", "stock", "type", "created_at", "updated_at") VALUES (125, 'Heat Pack Three', 'Store marriage ago. Him quickly check perform.', 538.78, 150, 'OTHER', '2023-07-18T23:16:21.415407', '2023-12-13T17:44:35.532728');
INSERT INTO "MedicalInventory" ("id", "name", "description", "price", "stock", "type", "created_at", "updated_at") VALUES (126, 'Paracetamol Almost', 'Himself fire heavy least. Computer process single. Man care resource maintain.', 93.11, 159, 'MEDICINE', '2023-01-23T08:35:59.364239', '2023-08-03T22:17:18.220296');
INSERT INTO "MedicalInventory" ("id", "name", "description", "price", "stock", "type", "created_at", "updated_at") VALUES (127, 'Gauze Career', 'Special once she personal herself into. In argue each doctor fine be. Than boy college Mrs.', 59.78, 147, 'AID', '2023-04-26T05:04:09.102221', '2023-07-27T14:36:30.713784');
INSERT INTO "MedicalInventory" ("id", "name", "description", "price", "stock", "type", "created_at", "updated_at") VALUES (128, 'Blood Pressure Monitor', 'Best major real day market specific property. Pass guy job market. Subject movie explain answer.', 344.13, 147, 'AID', '2023-04-02T11:02:57.229742', '2023-07-07T14:15:56.211146');
INSERT INTO "MedicalInventory" ("id", "name", "description", "price", "stock", "type", "created_at", "updated_at") VALUES (129, 'Antihistamine Remain', 'Improve team treat plant suffer environment. Position either over image box.', 427.35, 70, 'AID', '2023-04-12T02:36:58.037353', '2023-07-20T10:58:06.946430');
INSERT INTO "MedicalInventory" ("id", "name", "description", "price", "stock", "type", "created_at", "updated_at") VALUES (130, 'Glucose Meter', 'Site area to finish fear as western.', 61.56, 139, 'MEDICINE', '2023-08-01T16:40:25.906791', '2023-05-22T22:36:32.555232');
INSERT INTO "MedicalInventory" ("id", "name", "description", "price", "stock", "type", "created_at", "updated_at") VALUES (131, 'Eye Drops Smile', 'Design blood degree ever impact television. Make hear we first.', 957.71, 60, 'MEDICINE', '2023-07-21T04:37:51.467989', '2023-04-23T13:46:10.670786');
INSERT INTO "MedicalInventory" ("id", "name", "description", "price", "stock", "type", "created_at", "updated_at") VALUES (132, 'Antiseptic Solution School', 'Movement door kind account. Until truth feeling view series father. Trouble place these short.', 840.84, 89, 'MEDICINE', '2023-06-14T23:41:40.831426', '2023-01-10T22:56:14.654977');
INSERT INTO "MedicalInventory" ("id", "name", "description", "price", "stock", "type", "created_at", "updated_at") VALUES (133, 'Elastic Bandage', 'Picture social carry husband.', 123.25, 105, 'AID', '2023-12-03T00:18:34.221793', '2023-08-24T13:07:26.535939');
INSERT INTO "MedicalInventory" ("id", "name", "description", "price", "stock", "type", "created_at", "updated_at") VALUES (134, 'Eye Drops Produce', 'Wind cup red collection. Peace outside chance when color note.', 375.21, 79, 'MEDICINE', '2023-11-10T17:52:45.204101', '2023-10-12T16:37:02.272116');
INSERT INTO "MedicalInventory" ("id", "name", "description", "price", "stock", "type", "created_at", "updated_at") VALUES (135, 'Amoxicillin Field', 'Unit executive theory party seven enough. Job close say man wear new.', 582.9, 129, 'OTHER', '2023-03-07T18:12:06.359318', '2023-03-03T06:13:30.482654');
INSERT INTO "MedicalInventory" ("id", "name", "description", "price", "stock", "type", "created_at", "updated_at") VALUES (136, 'Stethoscope Movie', 'Through one on will moment number indicate. East marriage behind forget.', 402.69, 100, 'MEDICINE', '2023-08-17T17:19:28.115991', '2023-04-09T00:45:57.086178');
INSERT INTO "MedicalInventory" ("id", "name", "description", "price", "stock", "type", "created_at", "updated_at") VALUES (137, 'Antihistamine Really', 'Wide prevent week foot rule same.', 630.97, 76, 'OTHER', '2023-03-01T07:26:59.331603', '2023-10-11T17:38:48.747815');
INSERT INTO "MedicalInventory" ("id", "name", "description", "price", "stock", "type", "created_at", "updated_at") VALUES (138, 'Inhaler Feel', 'Fear song save TV. Capital program story mention majority those live none.', 687.42, 80, 'OTHER', '2023-12-25T05:51:03.354681', '2023-09-07T02:09:59.602455');
INSERT INTO "MedicalInventory" ("id", "name", "description", "price", "stock", "type", "created_at", "updated_at") VALUES (139, 'Thermometer First', 'Into notice necessary true message member including. Produce nothing effect effort bank me box.', 537.42, 144, 'MEDICINE', '2023-11-14T06:26:08.101651', '2023-02-08T16:54:16.685338');
INSERT INTO "MedicalInventory" ("id", "name", "description", "price", "stock", "type", "created_at", "updated_at") VALUES (140, 'Blood Pressure Monitor Nor', 'House actually pretty.', 22.53, 157, 'AID', '2023-08-25T02:22:20.873303', '2023-08-25T12:07:37.632928');
INSERT INTO "MedicalInventory" ("id", "name", "description", "price", "stock", "type", "created_at", "updated_at") VALUES (141, 'Thermometer', 'AnOTHER adult thing ground city still thus. Southern front box.
No main year size. Show news to.', 639.23, 167, 'OTHER', '2023-08-24T13:00:15.098734', '2023-05-02T19:07:52.828071');
INSERT INTO "MedicalInventory" ("id", "name", "description", "price", "stock", "type", "created_at", "updated_at") VALUES (142, 'Gauze', 'Summer keep indeed shoulder. Strong list expert commercial entire.', 736.46, 119, 'OTHER', '2023-07-08T07:33:29.639409', '2023-01-26T07:51:40.558214');
INSERT INTO "MedicalInventory" ("id", "name", "description", "price", "stock", "type", "created_at", "updated_at") VALUES (143, 'Glucose Meter Ground', 'Land day name small present recently. Simple thing base Mr hope rest.', 776.9, 169, 'AID', '2023-10-30T22:21:08.740950', '2023-04-21T15:14:17.145026');
INSERT INTO "MedicalInventory" ("id", "name", "description", "price", "stock", "type", "created_at", "updated_at") VALUES (144, 'Ice Pack Knowledge', 'Rule success employee medical. Answer prepare by fear. Law work south.', 275.71, 112, 'MEDICINE', '2023-08-03T02:51:35.655097', '2023-07-08T21:30:12.653692');
INSERT INTO "MedicalInventory" ("id", "name", "description", "price", "stock", "type", "created_at", "updated_at") VALUES (145, 'Vitamin C', 'Tend religious occur someone. Night buy nice court peace.', 251.42, 168, 'OTHER', '2023-06-01T00:53:04.543906', '2023-11-09T21:53:18.648935');
INSERT INTO "MedicalInventory" ("id", "name", "description", "price", "stock", "type", "created_at", "updated_at") VALUES (146, 'Stethoscope Free', 'Walk tonight appear dream OTHERs door. Sell his boy art let imagine machine.', 343.03, 176, 'AID', '2023-06-04T05:54:05.259575', '2023-11-28T18:48:01.819058');
INSERT INTO "MedicalInventory" ("id", "name", "description", "price", "stock", "type", "created_at", "updated_at") VALUES (147, 'Antiseptic Solution', 'A let stop. President cold art two event. Style herself goal place one.', 361.28, 116, 'AID', '2023-04-06T03:14:44.230707', '2023-10-01T23:32:05.257201');
INSERT INTO "MedicalInventory" ("id", "name", "description", "price", "stock", "type", "created_at", "updated_at") VALUES (148, 'Heat Pack', 'Early work game least outside. Trial card two. Live top pull including time reflect several Mrs.', 704.17, 120, 'OTHER', '2023-03-12T05:58:05.278161', '2023-01-04T09:47:52.126129');
INSERT INTO "MedicalInventory" ("id", "name", "description", "price", "stock", "type", "created_at", "updated_at") VALUES (149, 'Antiseptic Solution', 'Quite remember course staff personal.', 94.76, 154, 'AID', '2023-08-29T04:20:54.410960', '2023-07-25T22:01:00.371164');
INSERT INTO "MedicalInventory" ("id", "name", "description", "price", "stock", "type", "created_at", "updated_at") VALUES (150, 'Surgical Masks Rest', 'Culture forget as personal agreement. Space or phone free economy blue.', 693.7, 175, 'AID', '2023-04-25T00:48:32.894433', '2023-11-05T13:26:18.871212');

-- Profiles and Related Data
INSERT INTO "Profile" ("id", "name", "dob", "age", "gender", "address", "phone", "type", "created_at", "updated_at") VALUES (1, 'Cameron Ellison', '1971-08-28', 68, 'Male', '10804 Morales River Suite 399
South Patrickchester, FM 81793', '+1-315-507-8593x110', 'staff', '2023-11-26T04:34:34.494684', '2023-02-15T20:34:31.751118');
INSERT INTO "Account" ("id", "profile_id", "username", "email", "password", "role", "created_at", "updated_at") VALUES (1, 1, 'michael79', 'ilopez@example.org', '048074024b2ba7ade6ee5a03d1fd774c6a1940521c9c11d8767be7a89bebad18', 'medics', '2023-04-24T10:43:18.019902', '2023-06-08T15:34:09.291015');
INSERT INTO "Staff" ("id", "profile_id", "position_id", "join_date", "active", "created_at", "updated_at") VALUES (1, 1, 3, '2024-08-14', True, '2023-10-02T14:12:29.072454', '2023-04-24T06:32:25.679862');
INSERT INTO "StaffService" ("staff_id", "service_id", "start_date", "end_date") VALUES (1, 7, '2024-09-14', NULL);
INSERT INTO "Profile" ("id", "name", "dob", "age", "gender", "address", "phone", "type", "created_at", "updated_at") VALUES (2, 'Brittany Parker', '1965-06-02', 37, 'Female', '920 William Village
South Mauriceborough, SC 26880', '753-677-9599', 'staff', '2023-06-02T09:43:19.340955', '2023-03-01T01:40:40.667402');
INSERT INTO "Account" ("id", "profile_id", "username", "email", "password", "role", "created_at", "updated_at") VALUES (2, 2, 'cwalter', 'arobinson@example.net', 'e7b2eae000567d341608b921708b19dd808d07a705f2bfc95e6fb1d53606341a', 'officer', '2023-03-25T19:40:25.511196', '2023-08-16T02:33:54.984844');
INSERT INTO "Staff" ("id", "profile_id", "position_id", "join_date", "active", "created_at", "updated_at") VALUES (2, 2, 5, '2021-01-05', True, '2023-09-25T09:20:41.448863', '2023-12-13T17:48:38.766461');
INSERT INTO "StaffService" ("staff_id", "service_id", "start_date", "end_date") VALUES (2, 6, '2024-02-25', NULL);
INSERT INTO "StaffService" ("staff_id", "service_id", "start_date", "end_date") VALUES (2, 7, '2024-07-23', NULL);
INSERT INTO "StaffService" ("staff_id", "service_id", "start_date", "end_date") VALUES (2, 10, '2024-01-10', NULL);
INSERT INTO "Profile" ("id", "name", "dob", "age", "gender", "address", "phone", "type", "created_at", "updated_at") VALUES (3, 'William Cox', '1948-06-17', 32, 'Male', '47395 Theresa Flat
West Grant, FM 34841', '001-825-383-2302x4102', 'staff', '2023-05-04T04:06:58.779567', '2023-03-18T12:38:01.464058');
INSERT INTO "Account" ("id", "profile_id", "username", "email", "password", "role", "created_at", "updated_at") VALUES (3, 3, 'zallen', 'donna89@example.com', '7662a040170f8aa8201031284cbcfeede8dee7ddfdccfbba9a872a2888349bbd', 'owner', '2023-01-24T19:08:16.834673', '2023-02-22T13:45:36.357865');
INSERT INTO "Staff" ("id", "profile_id", "position_id", "join_date", "active", "created_at", "updated_at") VALUES (3, 3, 2, '2024-06-10', True, '2023-10-17T08:13:47.805037', '2023-03-11T18:31:39.965619');
INSERT INTO "StaffService" ("staff_id", "service_id", "start_date", "end_date") VALUES (3, 2, '2024-03-13', '2024-06-06');
INSERT INTO "StaffService" ("staff_id", "service_id", "start_date", "end_date") VALUES (3, 9, '2024-06-02', NULL);
INSERT INTO "Profile" ("id", "name", "dob", "age", "gender", "address", "phone", "type", "created_at", "updated_at") VALUES (4, 'Dana Williams', '1982-08-17', 30, 'Male', '53042 Clark Common Suite 912
Potterhaven, MN 65851', '572.555.8777x49690', 'staff', '2023-11-22T17:42:43.505533', '2023-06-14T13:22:17.367993');
INSERT INTO "Account" ("id", "profile_id", "username", "email", "password", "role", "created_at", "updated_at") VALUES (4, 4, 'randytorres', 'xduncan@example.com', '57d90b0be46a69ccaf71e6b6b77607f03379379438f8c39330a425697f656448', 'owner', '2023-02-18T21:30:34.691213', '2023-01-31T14:04:11.686090');
INSERT INTO "Staff" ("id", "profile_id", "position_id", "join_date", "active", "created_at", "updated_at") VALUES (4, 4, 4, '2022-01-16', True, '2023-05-08T23:21:31.598944', '2023-08-01T13:29:38.382882');
INSERT INTO "StaffService" ("staff_id", "service_id", "start_date", "end_date") VALUES (4, 10, '2024-04-14', NULL);
INSERT INTO "StaffService" ("staff_id", "service_id", "start_date", "end_date") VALUES (4, 9, '2024-06-10', '2024-08-08');
INSERT INTO "Profile" ("id", "name", "dob", "age", "gender", "address", "phone", "type", "created_at", "updated_at") VALUES (5, 'Jason Ballard', '1963-10-15', 71, 'Male', '3415 Kelly Parkway
Port Joshuabury, CT 16044', '650-683-5354', 'staff', '2023-03-11T09:27:08.375222', '2023-08-08T20:50:29.064949');
INSERT INTO "Account" ("id", "profile_id", "username", "email", "password", "role", "created_at", "updated_at") VALUES (5, 5, 'yeseniagoodwin', 'alan44@example.com', '4a83e4e00ce8009e8d7798195a21ef26298111328cf30ac879d31a58e5af34f1', 'officer', '2023-05-27T23:41:38.873984', '2023-05-28T16:42:22.014343');
INSERT INTO "Staff" ("id", "profile_id", "position_id", "join_date", "active", "created_at", "updated_at") VALUES (5, 5, 2, '2022-09-20', True, '2023-08-27T12:46:30.436574', '2023-06-21T19:25:36.803255');
INSERT INTO "StaffService" ("staff_id", "service_id", "start_date", "end_date") VALUES (5, 3, '2024-05-01', NULL);
INSERT INTO "StaffService" ("staff_id", "service_id", "start_date", "end_date") VALUES (5, 5, '2024-07-31', NULL);
INSERT INTO "Profile" ("id", "name", "dob", "age", "gender", "address", "phone", "type", "created_at", "updated_at") VALUES (6, 'James Perez', '1991-01-05', 35, 'Male', '751 Singleton Meadow Suite 377
West Donberg, ME 97206', '6757536668', 'staff', '2023-08-02T15:38:22.659140', '2023-07-26T14:21:23.064425');
INSERT INTO "Account" ("id", "profile_id", "username", "email", "password", "role", "created_at", "updated_at") VALUES (6, 6, 'weekseric', 'ashley99@example.net', '2e555fae61251d473352cf99608268245080ed57bfc659831d67a0a9696a1d6e', 'medics', '2023-12-23T18:47:00.961275', '2023-03-16T07:55:53.571504');
INSERT INTO "Staff" ("id", "profile_id", "position_id", "join_date", "active", "created_at", "updated_at") VALUES (6, 6, 5, '2021-10-09', True, '2023-07-14T13:18:34.968535', '2023-03-10T13:19:36.092103');
INSERT INTO "StaffService" ("staff_id", "service_id", "start_date", "end_date") VALUES (6, 3, '2023-12-06', NULL);
INSERT INTO "StaffService" ("staff_id", "service_id", "start_date", "end_date") VALUES (6, 8, '2024-05-22', NULL);
INSERT INTO "Profile" ("id", "name", "dob", "age", "gender", "address", "phone", "type", "created_at", "updated_at") VALUES (7, 'Steven Davis', '1950-05-22', 36, 'Female', '970 James Lights
Jamieport, TN 69234', '870-458-0256', 'staff', '2023-12-27T05:06:10.794782', '2023-02-17T00:08:48.035933');
INSERT INTO "Account" ("id", "profile_id", "username", "email", "password", "role", "created_at", "updated_at") VALUES (7, 7, 'emendoza', 'nfriedman@example.org', '5c8db03ef54ab5839f4669510e44531c49d973b6ad000c83e70b579d6bf26836', 'officer', '2023-04-23T18:02:19.291183', '2023-10-25T17:08:25.286757');
INSERT INTO "Staff" ("id", "profile_id", "position_id", "join_date", "active", "created_at", "updated_at") VALUES (7, 7, 4, '2023-02-22', True, '2023-02-27T19:06:46.795246', '2023-07-29T07:59:53.987036');
INSERT INTO "StaffService" ("staff_id", "service_id", "start_date", "end_date") VALUES (7, 3, '2024-02-17', NULL);
INSERT INTO "StaffService" ("staff_id", "service_id", "start_date", "end_date") VALUES (7, 1, '2024-01-09', '2024-08-05');
INSERT INTO "Profile" ("id", "name", "dob", "age", "gender", "address", "phone", "type", "created_at", "updated_at") VALUES (8, 'Dakota Ritter', '1971-11-24', 25, 'Male', '597 Ford Canyon
West Debbiemouth, MI 92292', '001-446-392-6329x676', 'staff', '2023-05-24T06:03:51.517751', '2023-12-11T05:31:29.240673');
INSERT INTO "Account" ("id", "profile_id", "username", "email", "password", "role", "created_at", "updated_at") VALUES (8, 8, 'nicolemoore', 'elizabeth13@example.com', '97eedc2589620e68619515fe347de34c2be5ea188845c86434fb26e538748aa3', 'officer', '2023-10-05T07:36:57.398003', '2023-02-14T03:04:14.650831');
INSERT INTO "Staff" ("id", "profile_id", "position_id", "join_date", "active", "created_at", "updated_at") VALUES (8, 8, 4, '2021-08-30', True, '2023-10-02T23:08:49.279855', '2023-07-03T14:23:36.036643');
INSERT INTO "StaffService" ("staff_id", "service_id", "start_date", "end_date") VALUES (8, 10, '2024-08-07', NULL);
INSERT INTO "Profile" ("id", "name", "dob", "age", "gender", "address", "phone", "type", "created_at", "updated_at") VALUES (9, 'Christopher Clark', '1946-08-18', 21, 'Male', '5636 Alex Crescent Apt. 577
Jonesside, TN 32258', '001-372-874-2209x124', 'staff', '2023-03-03T07:36:31.218150', '2023-09-02T09:16:54.746584');
INSERT INTO "Account" ("id", "profile_id", "username", "email", "password", "role", "created_at", "updated_at") VALUES (9, 9, 'byrderic', 'gregory08@example.org', '236dde9d9a6f4f36850ae2af959ce884c81ff7cdfe3d53c15f35c089c09b6f88', 'medics', '2023-01-18T09:11:47.804802', '2023-08-20T01:31:44.531086');
INSERT INTO "Staff" ("id", "profile_id", "position_id", "join_date", "active", "created_at", "updated_at") VALUES (9, 9, 5, '2022-06-08', True, '2023-08-30T03:56:56.158030', '2023-08-29T06:06:46.803031');
INSERT INTO "StaffService" ("staff_id", "service_id", "start_date", "end_date") VALUES (9, 2, '2023-12-03', NULL);
INSERT INTO "StaffService" ("staff_id", "service_id", "start_date", "end_date") VALUES (9, 4, '2024-07-05', '2024-08-24');
INSERT INTO "Profile" ("id", "name", "dob", "age", "gender", "address", "phone", "type", "created_at", "updated_at") VALUES (10, 'Amber Bennett', '1956-07-11', 56, 'Male', '10600 Hoover Springs
East Susanville, AS 87547', '(520)568-1558', 'staff', '2023-12-07T02:17:01.992775', '2023-05-24T19:16:42.301019');
INSERT INTO "Account" ("id", "profile_id", "username", "email", "password", "role", "created_at", "updated_at") VALUES (10, 10, 'nmartinez', 'kellyglenn@example.com', '44c3cfc795ba5fc2dd2ebfcbfcf4f62224007dedfa4ae6f48f3bc7bb352704ab', 'owner', '2023-01-05T08:40:09.558604', '2023-03-19T10:44:26.596624');
INSERT INTO "Staff" ("id", "profile_id", "position_id", "join_date", "active", "created_at", "updated_at") VALUES (10, 10, 4, '2020-12-02', True, '2023-08-28T11:57:12.357661', '2023-04-12T08:36:20.894653');
INSERT INTO "StaffService" ("staff_id", "service_id", "start_date", "end_date") VALUES (10, 8, '2024-06-11', '2024-06-17');
INSERT INTO "StaffService" ("staff_id", "service_id", "start_date", "end_date") VALUES (10, 5, '2024-09-14', '2024-10-01');
INSERT INTO "Profile" ("id", "name", "dob", "age", "gender", "address", "phone", "type", "created_at", "updated_at") VALUES (11, 'Kathryn Mooney', '1988-09-15', 37, 'Male', '1956 Martin Roads
Tiffanyfort, CA 44423', '2995768389', 'staff', '2023-01-08T17:19:12.303826', '2023-10-04T06:06:31.855563');
INSERT INTO "Account" ("id", "profile_id", "username", "email", "password", "role", "created_at", "updated_at") VALUES (11, 11, 'parkerjoann', 'christinebrown@example.com', '5235aae0a31c64cfa788e17d2a08b55c31f08a4dfbcdcf4ee0a137d48694528d', 'owner', '2023-03-15T12:46:29.913145', '2023-05-17T18:32:02.506826');
INSERT INTO "Staff" ("id", "profile_id", "position_id", "join_date", "active", "created_at", "updated_at") VALUES (11, 11, 1, '2023-01-11', True, '2023-03-28T15:43:36.572649', '2023-09-22T00:17:39.771487');
INSERT INTO "StaffService" ("staff_id", "service_id", "start_date", "end_date") VALUES (11, 4, '2024-10-22', NULL);
INSERT INTO "Profile" ("id", "name", "dob", "age", "gender", "address", "phone", "type", "created_at", "updated_at") VALUES (12, 'Shawn Taylor', '1963-10-27', 23, 'Male', '640 Melanie Isle
Johnside, AR 87664', '339.968.5270', 'staff', '2023-01-26T11:23:17.739329', '2023-03-12T01:22:41.330703');
INSERT INTO "Account" ("id", "profile_id", "username", "email", "password", "role", "created_at", "updated_at") VALUES (12, 12, 'shawnamartinez', 'brittanyguerra@example.org', 'e14927d20b3b992031a177ee0ca2630dbbf46eb3098d79446d72e7e1fde23bab', 'medics', '2023-01-29T10:50:42.687060', '2023-09-21T21:30:17.349396');
INSERT INTO "Staff" ("id", "profile_id", "position_id", "join_date", "active", "created_at", "updated_at") VALUES (12, 12, 2, '2021-05-18', True, '2023-09-20T16:32:31.263652', '2023-03-31T03:39:51.966325');
INSERT INTO "StaffService" ("staff_id", "service_id", "start_date", "end_date") VALUES (12, 2, '2023-12-30', NULL);
INSERT INTO "StaffService" ("staff_id", "service_id", "start_date", "end_date") VALUES (12, 3, '2024-01-26', NULL);
INSERT INTO "StaffService" ("staff_id", "service_id", "start_date", "end_date") VALUES (12, 1, '2024-02-08', NULL);
INSERT INTO "Profile" ("id", "name", "dob", "age", "gender", "address", "phone", "type", "created_at", "updated_at") VALUES (13, 'Mark Nelson', '1993-01-14', 20, 'Male', '6277 Wagner Street Suite 270
Simmonsland, WV 39852', '+1-982-382-4674x746', 'staff', '2023-05-02T07:08:00.403210', '2023-09-18T05:02:47.068669');
INSERT INTO "Account" ("id", "profile_id", "username", "email", "password", "role", "created_at", "updated_at") VALUES (13, 13, 'ericlopez', 'hensleyjessica@example.com', '685c87966a0567ab737922d78ee173083db6c6f1b559cd6684a6336dbfa9076a', 'officer', '2023-12-03T22:50:13.915030', '2023-12-09T06:19:46.672559');
INSERT INTO "Staff" ("id", "profile_id", "position_id", "join_date", "active", "created_at", "updated_at") VALUES (13, 13, 3, '2024-09-02', True, '2023-05-16T19:47:37.774694', '2023-06-28T04:43:06.725835');
INSERT INTO "StaffService" ("staff_id", "service_id", "start_date", "end_date") VALUES (13, 8, '2024-06-17', '2024-09-02');
INSERT INTO "StaffService" ("staff_id", "service_id", "start_date", "end_date") VALUES (13, 2, '2024-03-24', '2024-04-01');
INSERT INTO "StaffService" ("staff_id", "service_id", "start_date", "end_date") VALUES (13, 4, '2024-09-28', NULL);
INSERT INTO "Profile" ("id", "name", "dob", "age", "gender", "address", "phone", "type", "created_at", "updated_at") VALUES (14, 'Keith Lee', '1971-04-21', 60, 'Male', '750 House Street Apt. 370
Crystaltown, UT 87752', '+1-324-897-2439x9201', 'staff', '2023-05-25T18:01:05.614778', '2023-08-02T08:41:51.016223');
INSERT INTO "Account" ("id", "profile_id", "username", "email", "password", "role", "created_at", "updated_at") VALUES (14, 14, 'stonejacob', 'bmartin@example.com', 'c29af9f601ada3fec3c917950f152a67bb2405eda24630b8d76193124550c4fd', 'officer', '2023-07-02T05:39:02.290458', '2023-07-14T02:02:47.980757');
INSERT INTO "Staff" ("id", "profile_id", "position_id", "join_date", "active", "created_at", "updated_at") VALUES (14, 14, 1, '2024-04-02', True, '2023-08-02T07:59:34.370165', '2023-09-25T03:38:33.018925');
INSERT INTO "StaffService" ("staff_id", "service_id", "start_date", "end_date") VALUES (14, 4, '2024-07-28', '2024-10-19');
INSERT INTO "StaffService" ("staff_id", "service_id", "start_date", "end_date") VALUES (14, 3, '2024-09-08', NULL);
INSERT INTO "StaffService" ("staff_id", "service_id", "start_date", "end_date") VALUES (14, 5, '2023-12-06', NULL);
INSERT INTO "Profile" ("id", "name", "dob", "age", "gender", "address", "phone", "type", "created_at", "updated_at") VALUES (15, 'Rebecca Olsen', '1960-10-06', 37, 'Female', '402 Smith Cliff Suite 864
Jacksonstad, HI 92781', '(437)528-1793', 'staff', '2023-01-22T11:16:02.349753', '2023-03-08T12:19:26.515365');
INSERT INTO "Account" ("id", "profile_id", "username", "email", "password", "role", "created_at", "updated_at") VALUES (15, 15, 'jordanbarrera', 'nalexander@example.org', 'b2c2cf6d93a43c86da134e1c53af26d404be31279a4009d098445588fbc34d6a', 'officer', '2023-03-02T11:16:40.420007', '2023-04-17T16:44:42.409342');
INSERT INTO "Staff" ("id", "profile_id", "position_id", "join_date", "active", "created_at", "updated_at") VALUES (15, 15, 1, '2021-09-16', True, '2023-04-11T17:47:40.575094', '2023-05-05T13:02:20.952100');
INSERT INTO "StaffService" ("staff_id", "service_id", "start_date", "end_date") VALUES (15, 5, '2024-05-28', '2024-08-08');
INSERT INTO "StaffService" ("staff_id", "service_id", "start_date", "end_date") VALUES (15, 7, '2024-06-29', NULL);
INSERT INTO "Profile" ("id", "name", "dob", "age", "gender", "address", "phone", "type", "created_at", "updated_at") VALUES (16, 'Antonio Walton', '1944-04-09', 49, 'Female', '38069 Frederick Mountains
Cassandramouth, MN 89873', '453-256-6905x51076', 'staff', '2023-08-08T02:16:42.835078', '2023-11-13T07:37:48.507553');
INSERT INTO "Account" ("id", "profile_id", "username", "email", "password", "role", "created_at", "updated_at") VALUES (16, 16, 'stephanie35', 'qmontgomery@example.com', '5ecfe9e1c6e4851e45ca9e0a5aacc394b1582d12ad1e32c816ac58a6c5a9a103', 'medics', '2023-08-29T07:45:19.411731', '2023-01-02T03:20:09.246449');
INSERT INTO "Staff" ("id", "profile_id", "position_id", "join_date", "active", "created_at", "updated_at") VALUES (16, 16, 5, '2023-01-04', True, '2023-12-09T20:46:04.077626', '2023-04-28T06:35:44.462191');
INSERT INTO "StaffService" ("staff_id", "service_id", "start_date", "end_date") VALUES (16, 7, '2024-06-14', '2024-10-09');
INSERT INTO "Profile" ("id", "name", "dob", "age", "gender", "address", "phone", "type", "created_at", "updated_at") VALUES (17, 'Nancy Gregory', '1958-07-13', 56, 'Female', '6716 Lawson Station
Port Abigail, OK 94435', '502.571.4872x71783', 'staff', '2023-03-04T00:54:10.079130', '2023-12-10T16:37:02.997760');
INSERT INTO "Account" ("id", "profile_id", "username", "email", "password", "role", "created_at", "updated_at") VALUES (17, 17, 'garciavictoria', 'martinsarah@example.com', 'f7352d96f98bffb7c49ca3d15e288c77de01811ecb70b13d60f32758e47d5473', 'medics', '2023-03-22T05:12:18.149358', '2023-04-04T18:38:34.615745');
INSERT INTO "Staff" ("id", "profile_id", "position_id", "join_date", "active", "created_at", "updated_at") VALUES (17, 17, 1, '2022-03-15', True, '2023-11-23T16:39:18.289210', '2023-02-14T19:23:06.324985');
INSERT INTO "StaffService" ("staff_id", "service_id", "start_date", "end_date") VALUES (17, 10, '2023-12-15', NULL);
INSERT INTO "Profile" ("id", "name", "dob", "age", "gender", "address", "phone", "type", "created_at", "updated_at") VALUES (18, 'Molly Davis', '1987-05-26', 19, 'Female', '566 Stokes Fork
Darrellland, DE 12184', '593-819-5256x90409', 'staff', '2023-12-23T15:57:54.777034', '2023-04-27T08:24:04.150738');
INSERT INTO "Account" ("id", "profile_id", "username", "email", "password", "role", "created_at", "updated_at") VALUES (18, 18, 'lauren28', 'danielsmith@example.com', '97c054ddbfa47e8f2059682d1fbc4319923ea9702a574f5c5122657ffb2c7b67', 'owner', '2023-10-25T01:52:06.892155', '2023-04-19T01:03:01.997589');
INSERT INTO "Staff" ("id", "profile_id", "position_id", "join_date", "active", "created_at", "updated_at") VALUES (18, 18, 1, '2020-11-30', True, '2023-09-05T12:18:48.009592', '2023-02-23T15:54:28.539219');
INSERT INTO "StaffService" ("staff_id", "service_id", "start_date", "end_date") VALUES (18, 8, '2024-02-07', NULL);
INSERT INTO "Profile" ("id", "name", "dob", "age", "gender", "address", "phone", "type", "created_at", "updated_at") VALUES (19, 'Sarah Carey', '1945-12-24', 46, 'Female', '9737 Padilla Lane
Port Masonborough, PR 96531', '802.776.4208', 'staff', '2023-06-03T18:24:49.510975', '2023-06-22T07:48:40.525952');
INSERT INTO "Account" ("id", "profile_id", "username", "email", "password", "role", "created_at", "updated_at") VALUES (19, 19, 'katherine61', 'justin38@example.com', '84e677eaea005f9d87ec8bd8afacf770566f866761c565a2460a91ef725b31e0', 'medics', '2023-04-28T17:23:05.149700', '2023-10-16T00:35:59.765721');
INSERT INTO "Staff" ("id", "profile_id", "position_id", "join_date", "active", "created_at", "updated_at") VALUES (19, 19, 5, '2024-02-24', True, '2023-01-20T16:49:16.250952', '2023-12-07T04:27:03.408266');
INSERT INTO "StaffService" ("staff_id", "service_id", "start_date", "end_date") VALUES (19, 8, '2024-02-15', NULL);
INSERT INTO "StaffService" ("staff_id", "service_id", "start_date", "end_date") VALUES (19, 2, '2024-06-22', NULL);
INSERT INTO "Profile" ("id", "name", "dob", "age", "gender", "address", "phone", "type", "created_at", "updated_at") VALUES (20, 'Jessica Olson', '2000-05-04', 38, 'Male', '059 Erika Walks
South Stephanie, NE 89557', '(701)857-2018', 'staff', '2023-12-19T23:32:05.422290', '2023-08-17T05:13:55.801440');
INSERT INTO "Account" ("id", "profile_id", "username", "email", "password", "role", "created_at", "updated_at") VALUES (20, 20, 'hsanchez', 'randyturner@example.net', '76a11353759ca97c32db01b0cb99e5d1a90e3ffcd14067b5551f186ad5580e5c', 'medics', '2023-08-26T14:50:03.490825', '2023-05-17T15:14:47.952639');
INSERT INTO "Staff" ("id", "profile_id", "position_id", "join_date", "active", "created_at", "updated_at") VALUES (20, 20, 3, '2023-04-12', True, '2023-10-17T11:57:39.715843', '2023-08-28T16:49:14.471223');
INSERT INTO "StaffService" ("staff_id", "service_id", "start_date", "end_date") VALUES (20, 8, '2024-08-06', NULL);
INSERT INTO "StaffService" ("staff_id", "service_id", "start_date", "end_date") VALUES (20, 5, '2024-09-07', NULL);
INSERT INTO "Profile" ("id", "name", "dob", "age", "gender", "address", "phone", "type", "created_at", "updated_at") VALUES (21, 'Denise Delgado', '1966-12-16', 66, 'Male', '78309 Hill Summit
Port Brittanyfurt, NJ 84989', '001-864-992-1518x260', 'staff', '2023-01-24T06:30:25.220198', '2023-11-01T17:17:22.043463');
INSERT INTO "Account" ("id", "profile_id", "username", "email", "password", "role", "created_at", "updated_at") VALUES (21, 21, 'molinajared', 'whitecarol@example.org', '9cf3ab27b65018530590331ed877ec87ea5f26687598356408722208ceea6b88', 'officer', '2023-06-12T19:01:35.126616', '2023-04-25T09:41:26.078675');
INSERT INTO "Staff" ("id", "profile_id", "position_id", "join_date", "active", "created_at", "updated_at") VALUES (21, 21, 1, '2020-01-06', True, '2023-07-29T07:54:28.347903', '2023-08-26T13:28:02.680616');
INSERT INTO "StaffService" ("staff_id", "service_id", "start_date", "end_date") VALUES (21, 5, '2023-11-28', NULL);
INSERT INTO "StaffService" ("staff_id", "service_id", "start_date", "end_date") VALUES (21, 6, '2024-01-29', '2024-08-20');
INSERT INTO "Profile" ("id", "name", "dob", "age", "gender", "address", "phone", "type", "created_at", "updated_at") VALUES (22, 'Caleb Evans', '2004-09-09', 73, 'Male', '40848 Taylor Overpass
Alexandrastad, PA 71045', '731.603.0324x32983', 'staff', '2023-02-16T18:30:25.617066', '2023-08-15T12:31:26.830796');
INSERT INTO "Account" ("id", "profile_id", "username", "email", "password", "role", "created_at", "updated_at") VALUES (22, 22, 'piercejorge', 'ricardomiller@example.com', '3fd83444b1651bca9a70e4f27eb9b26a5dbc93d2673a0359765262a335f153cc', 'owner', '2023-12-09T05:34:52.791312', '2023-02-22T03:22:44.933941');
INSERT INTO "Staff" ("id", "profile_id", "position_id", "join_date", "active", "created_at", "updated_at") VALUES (22, 22, 5, '2020-11-02', True, '2023-08-18T03:54:28.134802', '2023-04-09T01:28:32.415561');
INSERT INTO "StaffService" ("staff_id", "service_id", "start_date", "end_date") VALUES (22, 7, '2024-06-14', NULL);
INSERT INTO "StaffService" ("staff_id", "service_id", "start_date", "end_date") VALUES (22, 1, '2024-06-19', NULL);
INSERT INTO "Profile" ("id", "name", "dob", "age", "gender", "address", "phone", "type", "created_at", "updated_at") VALUES (23, 'Kristy Holland', '1976-01-14', 66, 'Female', '6609 Chris Crossing
Lake Amyland, MA 84410', '855-542-3401', 'staff', '2023-05-18T19:43:55.998490', '2023-02-08T05:18:13.840616');
INSERT INTO "Account" ("id", "profile_id", "username", "email", "password", "role", "created_at", "updated_at") VALUES (23, 23, 'thompsonjessica', 'brianna71@example.net', '64b29c7aa07c8271f03dc3e8cbc71b7f3c9017c50fb8907aeb14486206dea965', 'owner', '2023-07-28T06:22:22.591313', '2023-04-13T15:31:24.160055');
INSERT INTO "Staff" ("id", "profile_id", "position_id", "join_date", "active", "created_at", "updated_at") VALUES (23, 23, 4, '2021-03-05', True, '2023-02-06T01:26:30.866458', '2023-01-18T11:00:26.135113');
INSERT INTO "StaffService" ("staff_id", "service_id", "start_date", "end_date") VALUES (23, 4, '2024-02-20', NULL);
INSERT INTO "Profile" ("id", "name", "dob", "age", "gender", "address", "phone", "type", "created_at", "updated_at") VALUES (24, 'Catherine Shaffer', '1986-07-09', 26, 'Female', '9240 Diane Divide Suite 940
Jasminebury, TX 80284', '(672)875-7844x68341', 'staff', '2023-10-08T11:46:22.499923', '2023-11-04T16:03:56.269233');
INSERT INTO "Account" ("id", "profile_id", "username", "email", "password", "role", "created_at", "updated_at") VALUES (24, 24, 'jonesjohn', 'martinbrian@example.net', '12b6df6afe12bae95c8989991864fc77d713efe804d507157fec26081bff5a3b', 'officer', '2023-12-05T08:53:22.434438', '2023-10-22T05:43:07.256840');
INSERT INTO "Staff" ("id", "profile_id", "position_id", "join_date", "active", "created_at", "updated_at") VALUES (24, 24, 4, '2019-11-15', True, '2023-12-12T05:11:36.412823', '2023-09-04T10:33:39.020923');
INSERT INTO "StaffService" ("staff_id", "service_id", "start_date", "end_date") VALUES (24, 1, '2024-10-01', '2024-10-04');
INSERT INTO "Profile" ("id", "name", "dob", "age", "gender", "address", "phone", "type", "created_at", "updated_at") VALUES (25, 'Mr. Michael Patel Jr.', '1944-09-09', 56, 'Male', '685 Virginia Shore
New Shaneburgh, TX 69119', '921.852.8506', 'staff', '2023-03-04T01:20:52.489391', '2023-12-19T23:32:50.403024');
INSERT INTO "Account" ("id", "profile_id", "username", "email", "password", "role", "created_at", "updated_at") VALUES (25, 25, 'robin38', 'robertstimothy@example.com', '0aac1a7a62dc0a0cf2b3f1c0e38cb5a2318fc3dfd19802dc6367d3370cbc44ab', 'owner', '2023-09-26T15:23:33.751011', '2023-07-27T01:24:11.620496');
INSERT INTO "Staff" ("id", "profile_id", "position_id", "join_date", "active", "created_at", "updated_at") VALUES (25, 25, 2, '2020-11-27', True, '2023-04-21T22:54:20.764200', '2023-12-06T15:39:41.663284');
INSERT INTO "StaffService" ("staff_id", "service_id", "start_date", "end_date") VALUES (25, 9, '2024-06-18', NULL);
INSERT INTO "StaffService" ("staff_id", "service_id", "start_date", "end_date") VALUES (25, 1, '2024-08-23', NULL);
INSERT INTO "Profile" ("id", "name", "dob", "age", "gender", "address", "phone", "type", "created_at", "updated_at") VALUES (26, 'Joel Williamson', '1974-07-30', 71, 'Male', '4510 Zamora Ferry Suite 501
Vasquezland, NC 67913', '(861)770-2437', 'staff', '2023-04-19T22:33:12.045743', '2023-06-05T21:59:27.890369');
INSERT INTO "Account" ("id", "profile_id", "username", "email", "password", "role", "created_at", "updated_at") VALUES (26, 26, 'amandaadams', 'cdouglas@example.org', '1892a3dda7d0fec862d394cfae65f0a3dabd2f5e051e67178881478f831e6d84', 'officer', '2023-09-29T22:35:15.879654', '2023-01-03T02:45:29.055466');
INSERT INTO "Staff" ("id", "profile_id", "position_id", "join_date", "active", "created_at", "updated_at") VALUES (26, 26, 1, '2024-03-28', True, '2023-09-16T03:44:27.538131', '2023-02-10T06:46:30.210416');
INSERT INTO "StaffService" ("staff_id", "service_id", "start_date", "end_date") VALUES (26, 3, '2024-02-08', NULL);
INSERT INTO "StaffService" ("staff_id", "service_id", "start_date", "end_date") VALUES (26, 8, '2023-12-15', NULL);
INSERT INTO "StaffService" ("staff_id", "service_id", "start_date", "end_date") VALUES (26, 5, '2024-03-29', '2024-06-07');
INSERT INTO "Profile" ("id", "name", "dob", "age", "gender", "address", "phone", "type", "created_at", "updated_at") VALUES (27, 'Melvin Vaughan', '2004-04-11', 80, 'Female', 'Unit 1678 Box 7256
DPO AP 95658', '001-762-811-0225x8030', 'staff', '2023-12-22T10:10:01.092057', '2023-09-26T10:12:07.465031');
INSERT INTO "Account" ("id", "profile_id", "username", "email", "password", "role", "created_at", "updated_at") VALUES (27, 27, 'scastillo', 'bmiller@example.org', '7e4b2e1f434c2ec85e29be7cd01f8a320ed73efca2c14c19e483ee35aaa89fe9', 'medics', '2023-09-23T10:42:55.897037', '2023-03-10T00:24:39.659361');
INSERT INTO "Staff" ("id", "profile_id", "position_id", "join_date", "active", "created_at", "updated_at") VALUES (27, 27, 4, '2021-03-23', True, '2023-02-11T20:48:52.708383', '2023-04-06T22:12:16.082639');
INSERT INTO "StaffService" ("staff_id", "service_id", "start_date", "end_date") VALUES (27, 3, '2024-07-09', '2024-09-20');
INSERT INTO "StaffService" ("staff_id", "service_id", "start_date", "end_date") VALUES (27, 7, '2024-04-01', NULL);
INSERT INTO "StaffService" ("staff_id", "service_id", "start_date", "end_date") VALUES (27, 4, '2024-04-17', '2024-09-14');
INSERT INTO "Profile" ("id", "name", "dob", "age", "gender", "address", "phone", "type", "created_at", "updated_at") VALUES (28, 'Nicholas Carr', '1955-09-14', 73, 'Male', '12604 Sarah Meadow
New Jameston, MS 53886', '743.635.6708x60414', 'staff', '2023-12-10T06:02:13.398768', '2023-09-17T00:24:42.464333');
INSERT INTO "Account" ("id", "profile_id", "username", "email", "password", "role", "created_at", "updated_at") VALUES (28, 28, 'luiswilliams', 'smithdonna@example.com', '977d5b115875b55c8980f541fa17dc83fdda671ba9cb27b6f9188113375c8f0e', 'officer', '2023-06-21T19:54:00.440212', '2023-11-27T16:29:54.719336');
INSERT INTO "Staff" ("id", "profile_id", "position_id", "join_date", "active", "created_at", "updated_at") VALUES (28, 28, 4, '2020-04-28', True, '2023-03-09T06:45:44.159776', '2023-12-12T04:35:42.110929');
INSERT INTO "StaffService" ("staff_id", "service_id", "start_date", "end_date") VALUES (28, 9, '2024-03-08', '2024-05-17');
INSERT INTO "StaffService" ("staff_id", "service_id", "start_date", "end_date") VALUES (28, 5, '2023-12-01', NULL);
INSERT INTO "Profile" ("id", "name", "dob", "age", "gender", "address", "phone", "type", "created_at", "updated_at") VALUES (29, 'Juan Atkins', '1964-09-06', 37, 'Female', '989 Allen Harbor Apt. 961
East Crystalville, AZ 77382', '+1-433-271-1895x4738', 'staff', '2023-02-16T12:44:23.529970', '2023-06-02T05:30:17.709691');
INSERT INTO "Account" ("id", "profile_id", "username", "email", "password", "role", "created_at", "updated_at") VALUES (29, 29, 'patricia85', 'shane16@example.org', '8ddf8b7ea83faf4e72ab444a3fe3e6318a8c0e8738778b317bb981635d1faf1e', 'medics', '2023-07-10T15:35:29.360893', '2023-12-13T16:33:10.033913');
INSERT INTO "Staff" ("id", "profile_id", "position_id", "join_date", "active", "created_at", "updated_at") VALUES (29, 29, 4, '2023-10-10', True, '2023-03-02T18:20:43.000519', '2023-04-10T18:57:45.092355');
INSERT INTO "StaffService" ("staff_id", "service_id", "start_date", "end_date") VALUES (29, 8, '2024-10-14', NULL);
INSERT INTO "StaffService" ("staff_id", "service_id", "start_date", "end_date") VALUES (29, 6, '2024-02-10', NULL);
INSERT INTO "StaffService" ("staff_id", "service_id", "start_date", "end_date") VALUES (29, 9, '2024-10-10', NULL);
INSERT INTO "Profile" ("id", "name", "dob", "age", "gender", "address", "phone", "type", "created_at", "updated_at") VALUES (30, 'William Lee', '1995-02-18', 38, 'Male', '78686 Lawson Ford
North Ernest, IL 78110', '001-308-478-8443x448', 'staff', '2023-03-23T12:14:51.638762', '2023-07-14T05:13:50.708055');
INSERT INTO "Account" ("id", "profile_id", "username", "email", "password", "role", "created_at", "updated_at") VALUES (30, 30, 'benjamin24', 'josephgibbs@example.net', '3a0cb4d010319f53624c7b9fd6b762f252d3d7f4f7d7ab1592c35e856efb6b67', 'owner', '2023-12-27T04:35:19.851315', '2023-03-18T10:19:07.537374');
INSERT INTO "Staff" ("id", "profile_id", "position_id", "join_date", "active", "created_at", "updated_at") VALUES (30, 30, 2, '2020-05-26', True, '2023-08-25T02:34:01.530868', '2023-08-19T07:07:03.481071');
INSERT INTO "StaffService" ("staff_id", "service_id", "start_date", "end_date") VALUES (30, 7, '2024-10-16', NULL);
INSERT INTO "StaffService" ("staff_id", "service_id", "start_date", "end_date") VALUES (30, 4, '2024-02-22', '2024-10-13');
INSERT INTO "StaffService" ("staff_id", "service_id", "start_date", "end_date") VALUES (30, 10, '2024-09-14', '2024-09-25');
INSERT INTO "Profile" ("id", "name", "dob", "age", "gender", "address", "phone", "type", "created_at", "updated_at") VALUES (31, 'Steven Phillips', '2005-11-20', 69, 'Female', '3424 Amanda Ways
Lake Juliefurt, SD 34231', '+1-598-837-3543x9627', 'staff', '2023-05-15T04:26:20.754514', '2023-11-25T09:20:27.242176');
INSERT INTO "Account" ("id", "profile_id", "username", "email", "password", "role", "created_at", "updated_at") VALUES (31, 31, 'crawfordstephen', 'jacobhenry@example.net', 'bc47bed2277e941a3ec058aca9bdd95891c451de540dea264d5c75e0753fb9f5', 'officer', '2023-04-13T15:56:18.748866', '2023-04-23T21:33:34.882688');
INSERT INTO "Staff" ("id", "profile_id", "position_id", "join_date", "active", "created_at", "updated_at") VALUES (31, 31, 2, '2024-03-31', True, '2023-10-25T13:40:22.870402', '2023-09-08T04:50:11.712114');
INSERT INTO "StaffService" ("staff_id", "service_id", "start_date", "end_date") VALUES (31, 1, '2024-01-04', NULL);
INSERT INTO "StaffService" ("staff_id", "service_id", "start_date", "end_date") VALUES (31, 3, '2023-12-18', NULL);
INSERT INTO "Profile" ("id", "name", "dob", "age", "gender", "address", "phone", "type", "created_at", "updated_at") VALUES (32, 'Jesse Brewer', '1969-03-05', 73, 'Male', '091 Cruz Creek
Port Mariaton, DC 33051', '001-914-429-0018x51327', 'staff', '2023-04-22T21:18:55.064137', '2023-06-24T07:44:37.097954');
INSERT INTO "Account" ("id", "profile_id", "username", "email", "password", "role", "created_at", "updated_at") VALUES (32, 32, 'brianholt', 'smithbradley@example.net', 'ffb96d7e1133958a666ad9243b5aeafeb806e8959db26d42988a241d9b235529', 'officer', '2023-07-06T04:50:04.374506', '2023-11-01T11:31:07.858062');
INSERT INTO "Staff" ("id", "profile_id", "position_id", "join_date", "active", "created_at", "updated_at") VALUES (32, 32, 1, '2020-07-12', True, '2023-11-29T00:41:26.094679', '2023-01-09T17:40:17.757696');
INSERT INTO "StaffService" ("staff_id", "service_id", "start_date", "end_date") VALUES (32, 8, '2024-03-31', NULL);
INSERT INTO "StaffService" ("staff_id", "service_id", "start_date", "end_date") VALUES (32, 1, '2023-12-20', NULL);
INSERT INTO "StaffService" ("staff_id", "service_id", "start_date", "end_date") VALUES (32, 3, '2024-06-22', NULL);
INSERT INTO "Profile" ("id", "name", "dob", "age", "gender", "address", "phone", "type", "created_at", "updated_at") VALUES (33, 'Shawn Cruz', '1999-07-10', 48, 'Female', '2131 Howard Ridges
Davidland, MH 06182', '+1-622-768-5926x249', 'staff', '2023-11-15T15:30:48.029455', '2023-04-09T16:16:15.171489');
INSERT INTO "Account" ("id", "profile_id", "username", "email", "password", "role", "created_at", "updated_at") VALUES (33, 33, 'qstanley', 'mccormickmichelle@example.org', 'd2c4bff49c9db6d7b51d15704730499d00d9d46dcb6755d601837f856801c43b', 'officer', '2023-02-23T08:36:08.177115', '2023-02-23T19:00:27.639742');
INSERT INTO "Staff" ("id", "profile_id", "position_id", "join_date", "active", "created_at", "updated_at") VALUES (33, 33, 5, '2022-01-20', True, '2023-10-18T01:17:17.011060', '2023-12-22T09:17:58.779841');
INSERT INTO "StaffService" ("staff_id", "service_id", "start_date", "end_date") VALUES (33, 7, '2024-08-19', '2024-08-26');
INSERT INTO "StaffService" ("staff_id", "service_id", "start_date", "end_date") VALUES (33, 2, '2024-03-31', '2024-08-30');
INSERT INTO "StaffService" ("staff_id", "service_id", "start_date", "end_date") VALUES (33, 6, '2023-12-19', NULL);
INSERT INTO "Profile" ("id", "name", "dob", "age", "gender", "address", "phone", "type", "created_at", "updated_at") VALUES (34, 'Cameron Saunders', '1966-01-11', 38, 'Female', '695 Leah Shoal Apt. 668
Ryanfort, ND 70783', '561.796.8931', 'staff', '2023-01-02T01:02:17.879701', '2023-12-28T18:45:24.506561');
INSERT INTO "Account" ("id", "profile_id", "username", "email", "password", "role", "created_at", "updated_at") VALUES (34, 34, 'coxthomas', 'samanthabrown@example.com', 'bb36a7faff2b498e5069fded10bab88fa27c19d44031a1d1c263d3e017b49ca0', 'owner', '2023-11-06T03:44:21.105505', '2023-10-11T10:15:32.840186');
INSERT INTO "Staff" ("id", "profile_id", "position_id", "join_date", "active", "created_at", "updated_at") VALUES (34, 34, 1, '2020-07-07', True, '2023-06-17T13:57:10.579105', '2023-11-01T00:45:51.868304');
INSERT INTO "StaffService" ("staff_id", "service_id", "start_date", "end_date") VALUES (34, 2, '2024-05-15', '2024-10-15');
INSERT INTO "StaffService" ("staff_id", "service_id", "start_date", "end_date") VALUES (34, 4, '2024-03-29', '2024-05-12');
INSERT INTO "StaffService" ("staff_id", "service_id", "start_date", "end_date") VALUES (34, 5, '2024-01-17', NULL);
INSERT INTO "Profile" ("id", "name", "dob", "age", "gender", "address", "phone", "type", "created_at", "updated_at") VALUES (35, 'Autumn Dominguez', '1952-10-30', 24, 'Male', '0191 Monroe Ways Apt. 025
North John, AL 75104', '(422)272-8476x57041', 'staff', '2023-11-17T17:47:19.660598', '2023-01-12T16:35:33.076234');
INSERT INTO "Account" ("id", "profile_id", "username", "email", "password", "role", "created_at", "updated_at") VALUES (35, 35, 'wesleysmith', 'dfrazier@example.net', '5371b295217284d8d8faf0d86e2ff6dcad73b7ecf57d10e58f75eaf9339b8bf6', 'officer', '2023-04-04T22:21:46.404815', '2023-07-28T05:33:39.626150');
INSERT INTO "Staff" ("id", "profile_id", "position_id", "join_date", "active", "created_at", "updated_at") VALUES (35, 35, 2, '2021-05-08', True, '2023-03-24T17:49:21.274334', '2023-12-06T01:08:57.280203');
INSERT INTO "StaffService" ("staff_id", "service_id", "start_date", "end_date") VALUES (35, 5, '2024-02-03', NULL);
INSERT INTO "StaffService" ("staff_id", "service_id", "start_date", "end_date") VALUES (35, 1, '2023-11-29', NULL);
INSERT INTO "StaffService" ("staff_id", "service_id", "start_date", "end_date") VALUES (35, 9, '2024-03-13', NULL);
INSERT INTO "Profile" ("id", "name", "dob", "age", "gender", "address", "phone", "type", "created_at", "updated_at") VALUES (36, 'Natalie Morales', '1947-05-06', 45, 'Male', '775 Wilcox Expressway
Port Nathanchester, ID 35879', '411-359-5034', 'staff', '2023-01-24T18:37:41.679713', '2023-08-06T08:21:34.426343');
INSERT INTO "Account" ("id", "profile_id", "username", "email", "password", "role", "created_at", "updated_at") VALUES (36, 36, 'jacob30', 'josephdavila@example.net', 'c04963fddce3345cc83a8877e56edc1bc83d647a01ad1263b7df3097329da627', 'medics', '2023-12-26T02:00:40.864619', '2023-06-26T02:32:16.326145');
INSERT INTO "Staff" ("id", "profile_id", "position_id", "join_date", "active", "created_at", "updated_at") VALUES (36, 36, 5, '2020-01-23', True, '2023-02-03T22:17:26.626778', '2023-04-23T07:58:19.369796');
INSERT INTO "StaffService" ("staff_id", "service_id", "start_date", "end_date") VALUES (36, 10, '2024-10-19', NULL);
INSERT INTO "StaffService" ("staff_id", "service_id", "start_date", "end_date") VALUES (36, 3, '2024-07-27', NULL);
INSERT INTO "Profile" ("id", "name", "dob", "age", "gender", "address", "phone", "type", "created_at", "updated_at") VALUES (37, 'Kathryn Edwards', '1968-06-05', 73, 'Female', '156 Wayne Trail
North Brenda, MS 63016', '001-504-422-7113', 'staff', '2023-10-07T20:27:41.211919', '2023-02-28T14:54:24.563544');
INSERT INTO "Account" ("id", "profile_id", "username", "email", "password", "role", "created_at", "updated_at") VALUES (37, 37, 'seth25', 'michael60@example.net', '4dacba424aa3ff986788ace1329d26bb4b25b170cf205929403e08fd8fda9fd4', 'owner', '2023-05-22T02:22:22.790460', '2023-03-18T00:15:25.631776');
INSERT INTO "Staff" ("id", "profile_id", "position_id", "join_date", "active", "created_at", "updated_at") VALUES (37, 37, 2, '2022-11-15', True, '2023-01-28T07:11:06.190800', '2023-02-25T11:22:43.283813');
INSERT INTO "StaffService" ("staff_id", "service_id", "start_date", "end_date") VALUES (37, 10, '2024-06-12', NULL);
INSERT INTO "StaffService" ("staff_id", "service_id", "start_date", "end_date") VALUES (37, 3, '2024-04-26', NULL);
INSERT INTO "Profile" ("id", "name", "dob", "age", "gender", "address", "phone", "type", "created_at", "updated_at") VALUES (38, 'Brenda Harrell', '1978-04-15', 47, 'Female', 'Unit 1717 Box 5242
DPO AE 37216', '001-655-911-2747', 'staff', '2023-08-25T16:57:05.895277', '2023-02-21T02:56:49.632317');
INSERT INTO "Account" ("id", "profile_id", "username", "email", "password", "role", "created_at", "updated_at") VALUES (38, 38, 'bonillatracy', 'michele66@example.net', '8b9cdc8ba47dd3298a7b8055620a67e3af1d280ebd949ca7ebd4f58d4eb483db', 'owner', '2023-02-16T22:48:22.707492', '2023-05-14T11:46:23.069435');
INSERT INTO "Staff" ("id", "profile_id", "position_id", "join_date", "active", "created_at", "updated_at") VALUES (38, 38, 1, '2024-01-17', True, '2023-12-13T13:03:53.133853', '2023-05-17T00:29:43.883394');
INSERT INTO "StaffService" ("staff_id", "service_id", "start_date", "end_date") VALUES (38, 5, '2024-07-02', NULL);
INSERT INTO "StaffService" ("staff_id", "service_id", "start_date", "end_date") VALUES (38, 9, '2024-04-29', NULL);
INSERT INTO "Profile" ("id", "name", "dob", "age", "gender", "address", "phone", "type", "created_at", "updated_at") VALUES (39, 'Shawn Fleming', '1982-11-30', 40, 'Female', '802 Kelly Estate
Nashbury, MS 61092', '+1-815-777-8711x21663', 'staff', '2023-01-24T11:13:23.839261', '2023-05-05T15:24:43.467602');
INSERT INTO "Account" ("id", "profile_id", "username", "email", "password", "role", "created_at", "updated_at") VALUES (39, 39, 'vlewis', 'dwilson@example.org', 'c56e578c46f24b7d6c667ea35dc81d475c35f262bc489cd7f04254f2b4089853', 'owner', '2023-12-12T06:23:24.824611', '2023-02-22T23:12:30.807191');
INSERT INTO "Staff" ("id", "profile_id", "position_id", "join_date", "active", "created_at", "updated_at") VALUES (39, 39, 4, '2020-11-20', True, '2023-07-26T19:51:09.383999', '2023-12-26T13:30:52.738747');
INSERT INTO "StaffService" ("staff_id", "service_id", "start_date", "end_date") VALUES (39, 5, '2024-08-05', NULL);
INSERT INTO "StaffService" ("staff_id", "service_id", "start_date", "end_date") VALUES (39, 8, '2023-11-19', NULL);
INSERT INTO "StaffService" ("staff_id", "service_id", "start_date", "end_date") VALUES (39, 10, '2024-08-17', NULL);
INSERT INTO "Profile" ("id", "name", "dob", "age", "gender", "address", "phone", "type", "created_at", "updated_at") VALUES (40, 'Veronica Lewis', '1957-02-20', 33, 'Female', '4212 Joshua Common Suite 768
Lake Patricia, HI 07545', '965-442-3567', 'staff', '2023-12-18T11:23:34.042737', '2023-06-08T23:44:41.675861');
INSERT INTO "Account" ("id", "profile_id", "username", "email", "password", "role", "created_at", "updated_at") VALUES (40, 40, 'jmorrow', 'christiancontreras@example.net', 'c64a9736c05a3dee328c895cb932a828fcf6a460dd3a42ae39ead6c7c78d1ca6', 'owner', '2023-08-30T17:15:13.821555', '2023-10-27T18:07:45.788846');
INSERT INTO "Staff" ("id", "profile_id", "position_id", "join_date", "active", "created_at", "updated_at") VALUES (40, 40, 3, '2023-06-29', True, '2023-10-28T09:15:08.540260', '2023-09-24T20:35:38.958614');
INSERT INTO "StaffService" ("staff_id", "service_id", "start_date", "end_date") VALUES (40, 5, '2023-11-01', '2024-09-19');
INSERT INTO "StaffService" ("staff_id", "service_id", "start_date", "end_date") VALUES (40, 10, '2024-10-02', NULL);
INSERT INTO "StaffService" ("staff_id", "service_id", "start_date", "end_date") VALUES (40, 1, '2024-04-26', NULL);
INSERT INTO "Profile" ("id", "name", "dob", "age", "gender", "address", "phone", "type", "created_at", "updated_at") VALUES (41, 'Ricky Craig', '1960-05-16', 54, 'Male', '79103 Robert Plains Apt. 963
Jasonborough, TX 76108', '9558044817', 'staff', '2023-05-30T09:08:21.046104', '2023-05-09T04:55:02.008806');
INSERT INTO "Account" ("id", "profile_id", "username", "email", "password", "role", "created_at", "updated_at") VALUES (41, 41, 'wmills', 'daniel27@example.com', '51accc8171565e7900b33b309d5168328b656fe0815274dc78179372fc65aa66', 'owner', '2023-07-21T04:51:18.741994', '2023-03-01T04:58:21.936013');
INSERT INTO "Staff" ("id", "profile_id", "position_id", "join_date", "active", "created_at", "updated_at") VALUES (41, 41, 4, '2021-12-31', True, '2023-04-14T18:00:14.542903', '2023-08-29T02:18:52.437207');
INSERT INTO "StaffService" ("staff_id", "service_id", "start_date", "end_date") VALUES (41, 4, '2024-07-01', NULL);
INSERT INTO "StaffService" ("staff_id", "service_id", "start_date", "end_date") VALUES (41, 6, '2024-06-15', NULL);
INSERT INTO "Profile" ("id", "name", "dob", "age", "gender", "address", "phone", "type", "created_at", "updated_at") VALUES (42, 'Teresa Bullock', '1950-01-25', 34, 'Male', '09617 Cynthia Parkway
Lake Kellychester, IL 29714', '001-578-661-3715x76605', 'staff', '2023-04-08T09:50:00.436706', '2023-08-28T18:14:40.447948');
INSERT INTO "Account" ("id", "profile_id", "username", "email", "password", "role", "created_at", "updated_at") VALUES (42, 42, 'mary63', 'mcculloughrobert@example.org', '61a796af13d81aa1cd4eb6eff8da8f7acf576a292dd687195459c6bb37462b0f', 'owner', '2023-10-15T17:53:47.329341', '2023-11-03T00:57:48.393197');
INSERT INTO "Staff" ("id", "profile_id", "position_id", "join_date", "active", "created_at", "updated_at") VALUES (42, 42, 1, '2022-06-01', True, '2023-09-27T19:31:12.297580', '2023-04-26T13:25:34.792167');
INSERT INTO "StaffService" ("staff_id", "service_id", "start_date", "end_date") VALUES (42, 1, '2023-12-28', NULL);
INSERT INTO "StaffService" ("staff_id", "service_id", "start_date", "end_date") VALUES (42, 5, '2024-05-23', NULL);
INSERT INTO "StaffService" ("staff_id", "service_id", "start_date", "end_date") VALUES (42, 8, '2024-04-01', NULL);
INSERT INTO "Profile" ("id", "name", "dob", "age", "gender", "address", "phone", "type", "created_at", "updated_at") VALUES (43, 'Jenna Jensen', '1968-08-05', 76, 'Female', '62658 Samuel Courts Apt. 819
Cameronview, MP 72971', '(453)211-0609', 'staff', '2023-08-13T23:43:06.519958', '2023-07-17T21:31:22.232943');
INSERT INTO "Account" ("id", "profile_id", "username", "email", "password", "role", "created_at", "updated_at") VALUES (43, 43, 'armstronganthony', 'tonyawalters@example.com', '476636a80b16fe602bfbd22c7c6278b04a978b78fb9caac08abcde8f8e52af18', 'officer', '2023-08-26T12:26:18.523461', '2023-03-22T17:15:13.083223');
INSERT INTO "Staff" ("id", "profile_id", "position_id", "join_date", "active", "created_at", "updated_at") VALUES (43, 43, 4, '2020-10-15', True, '2023-11-02T22:13:49.958686', '2023-09-22T09:04:01.398767');
INSERT INTO "StaffService" ("staff_id", "service_id", "start_date", "end_date") VALUES (43, 4, '2024-08-17', NULL);
INSERT INTO "Profile" ("id", "name", "dob", "age", "gender", "address", "phone", "type", "created_at", "updated_at") VALUES (44, 'David Williams', '1949-01-16', 52, 'Female', '911 Ho Crossing
East Justinburgh, CO 10643', '853.761.7061x7136', 'staff', '2023-08-19T14:42:30.628824', '2023-06-14T02:52:29.395524');
INSERT INTO "Account" ("id", "profile_id", "username", "email", "password", "role", "created_at", "updated_at") VALUES (44, 44, 'hectorsmith', 'donnawelch@example.org', 'd74d9d05f335f30aa1b5943c63462bff9e32c7f12a4aa2a99a3cce38d49e4523', 'owner', '2023-05-05T18:47:31.589262', '2023-05-07T05:30:09.392545');
INSERT INTO "Staff" ("id", "profile_id", "position_id", "join_date", "active", "created_at", "updated_at") VALUES (44, 44, 5, '2024-10-17', True, '2023-08-07T09:32:15.698481', '2023-01-02T19:48:25.744091');
INSERT INTO "StaffService" ("staff_id", "service_id", "start_date", "end_date") VALUES (44, 3, '2024-05-04', '2024-06-17');
INSERT INTO "StaffService" ("staff_id", "service_id", "start_date", "end_date") VALUES (44, 5, '2023-12-10', '2024-06-21');
INSERT INTO "Profile" ("id", "name", "dob", "age", "gender", "address", "phone", "type", "created_at", "updated_at") VALUES (45, 'Kelly Hodges', '1957-06-11', 79, 'Female', '52312 Hill Flats
West Jeanport, NH 98175', '668.463.4234x6199', 'staff', '2023-10-17T01:15:12.457631', '2023-12-14T04:03:55.745249');
INSERT INTO "Account" ("id", "profile_id", "username", "email", "password", "role", "created_at", "updated_at") VALUES (45, 45, 'chamilton', 'rcarlson@example.com', 'ea683cbae299b7a2ca4a972dd35ffe6302c37307bbe9d678b8636a23e2fcd0a0', 'owner', '2023-08-10T01:20:05.277933', '2023-06-06T06:28:41.360656');
INSERT INTO "Staff" ("id", "profile_id", "position_id", "join_date", "active", "created_at", "updated_at") VALUES (45, 45, 3, '2022-08-28', True, '2023-05-17T02:55:07.725156', '2023-08-19T07:15:13.724053');
INSERT INTO "StaffService" ("staff_id", "service_id", "start_date", "end_date") VALUES (45, 8, '2023-11-19', '2024-01-15');
INSERT INTO "Profile" ("id", "name", "dob", "age", "gender", "address", "phone", "type", "created_at", "updated_at") VALUES (46, 'Jorge Matthews', '1962-04-22', 27, 'Male', '0125 Gibbs Knolls Apt. 135
Dustinmouth, DE 01763', '505-337-9538x16493', 'staff', '2023-07-24T04:32:06.746098', '2023-09-18T17:17:47.347490');
INSERT INTO "Account" ("id", "profile_id", "username", "email", "password", "role", "created_at", "updated_at") VALUES (46, 46, 'berrydebbie', 'ustewart@example.org', '327b87b0f7f14f73fac10afa9ff6e3166d283ca790114e466fe4d33ea51590da', 'owner', '2023-10-20T04:36:26.201916', '2023-07-01T12:12:53.496529');
INSERT INTO "Staff" ("id", "profile_id", "position_id", "join_date", "active", "created_at", "updated_at") VALUES (46, 46, 4, '2024-10-08', True, '2023-06-03T07:55:42.894651', '2023-02-15T04:04:25.121221');
INSERT INTO "StaffService" ("staff_id", "service_id", "start_date", "end_date") VALUES (46, 6, '2023-12-28', NULL);
INSERT INTO "StaffService" ("staff_id", "service_id", "start_date", "end_date") VALUES (46, 2, '2024-02-23', NULL);
INSERT INTO "StaffService" ("staff_id", "service_id", "start_date", "end_date") VALUES (46, 7, '2024-03-15', NULL);
INSERT INTO "Profile" ("id", "name", "dob", "age", "gender", "address", "phone", "type", "created_at", "updated_at") VALUES (47, 'Dominique Schneider', '1997-10-01', 61, 'Female', 'Unit 7426 Box 0880
DPO AA 85013', '8173164455', 'staff', '2023-07-22T13:08:56.253378', '2023-04-24T23:53:37.824966');
INSERT INTO "Account" ("id", "profile_id", "username", "email", "password", "role", "created_at", "updated_at") VALUES (47, 47, 'longheather', 'psnyder@example.org', '668e862472672087164c877d125c44e00688f3a65b543486dda9bcdddbbb46b8', 'owner', '2023-12-08T07:46:48.033120', '2023-02-07T09:34:05.467182');
INSERT INTO "Staff" ("id", "profile_id", "position_id", "join_date", "active", "created_at", "updated_at") VALUES (47, 47, 4, '2020-12-09', True, '2023-10-28T11:11:17.683787', '2023-02-20T11:59:02.122394');
INSERT INTO "StaffService" ("staff_id", "service_id", "start_date", "end_date") VALUES (47, 6, '2024-10-24', NULL);
INSERT INTO "StaffService" ("staff_id", "service_id", "start_date", "end_date") VALUES (47, 2, '2024-09-06', NULL);
INSERT INTO "StaffService" ("staff_id", "service_id", "start_date", "end_date") VALUES (47, 4, '2024-07-17', '2024-08-09');
INSERT INTO "Profile" ("id", "name", "dob", "age", "gender", "address", "phone", "type", "created_at", "updated_at") VALUES (48, 'Nathaniel Burnett', '1995-03-27', 38, 'Male', '040 Brandon Hollow
West Markfurt, KY 92076', '(829)971-2529', 'staff', '2023-09-01T05:42:11.341331', '2023-07-09T22:07:39.697178');
INSERT INTO "Account" ("id", "profile_id", "username", "email", "password", "role", "created_at", "updated_at") VALUES (48, 48, 'beckystanley', 'marc73@example.org', '2f6bf4e9fbfa2e70349ceffbee5e24868e4679a7cfb286130dc2becfef2025e9', 'owner', '2023-04-18T19:54:06.728789', '2023-01-31T03:17:26.800837');
INSERT INTO "Staff" ("id", "profile_id", "position_id", "join_date", "active", "created_at", "updated_at") VALUES (48, 48, 1, '2022-08-12', True, '2023-11-14T17:24:45.694172', '2023-08-29T01:13:26.667424');
INSERT INTO "StaffService" ("staff_id", "service_id", "start_date", "end_date") VALUES (48, 8, '2024-07-21', NULL);
INSERT INTO "StaffService" ("staff_id", "service_id", "start_date", "end_date") VALUES (48, 5, '2024-01-10', NULL);
INSERT INTO "StaffService" ("staff_id", "service_id", "start_date", "end_date") VALUES (48, 7, '2023-11-24', NULL);
INSERT INTO "Profile" ("id", "name", "dob", "age", "gender", "address", "phone", "type", "created_at", "updated_at") VALUES (49, 'Amy Smith', '1957-06-07', 49, 'Male', '1539 Hodges Inlet
Rioshaven, CT 17548', '356.679.8363', 'staff', '2023-06-04T00:08:56.536067', '2023-09-07T19:13:11.189734');
INSERT INTO "Account" ("id", "profile_id", "username", "email", "password", "role", "created_at", "updated_at") VALUES (49, 49, 'thomasnancy', 'allenpatricia@example.org', 'a67cd5cab9f5ca27f7d5fa84460e7108663dcb0c6166d130776aa7f4688f4c9d', 'medics', '2023-06-23T08:26:10.831800', '2023-07-13T05:48:53.765520');
INSERT INTO "Staff" ("id", "profile_id", "position_id", "join_date", "active", "created_at", "updated_at") VALUES (49, 49, 2, '2021-07-31', True, '2023-02-13T01:41:51.472079', '2023-07-20T07:27:28.995452');
INSERT INTO "StaffService" ("staff_id", "service_id", "start_date", "end_date") VALUES (49, 3, '2024-03-04', NULL);
INSERT INTO "StaffService" ("staff_id", "service_id", "start_date", "end_date") VALUES (49, 7, '2024-01-12', '2024-05-05');
INSERT INTO "StaffService" ("staff_id", "service_id", "start_date", "end_date") VALUES (49, 8, '2024-04-01', NULL);
INSERT INTO "Profile" ("id", "name", "dob", "age", "gender", "address", "phone", "type", "created_at", "updated_at") VALUES (50, 'Jeremy Wood', '1946-11-29', 52, 'Female', '43629 Moreno Park Suite 103
East Dariuston, OK 35389', '818.314.3966', 'staff', '2023-03-22T00:56:39.008012', '2023-10-27T23:03:49.640102');
INSERT INTO "Account" ("id", "profile_id", "username", "email", "password", "role", "created_at", "updated_at") VALUES (50, 50, 'tyler23', 'dana94@example.net', '0ca1c6a3deb54c9803f12f3d1bb33b933bc0cf4efd02ff5f1f82c9e48f91adee', 'owner', '2023-03-09T08:50:55.040689', '2023-11-27T10:23:14.645029');
INSERT INTO "Staff" ("id", "profile_id", "position_id", "join_date", "active", "created_at", "updated_at") VALUES (50, 50, 2, '2022-12-06', True, '2023-09-27T00:41:48.463972', '2023-11-07T07:59:54.865196');
INSERT INTO "StaffService" ("staff_id", "service_id", "start_date", "end_date") VALUES (50, 2, '2024-07-04', NULL);
INSERT INTO "StaffService" ("staff_id", "service_id", "start_date", "end_date") VALUES (50, 8, '2023-12-28', '2024-07-21');
INSERT INTO "Profile" ("id", "name", "dob", "age", "gender", "address", "phone", "type", "created_at", "updated_at") VALUES (51, 'Gary Gibson', '2004-06-09', 35, 'Male', '0241 Erin Walk Apt. 957
South Morganfort, DE 06422', '3946388221', 'patient', '2023-10-20T14:48:21.277238', '2023-05-03T04:28:38.432148');
INSERT INTO "Account" ("id", "profile_id", "username", "email", "password", "role", "created_at", "updated_at") VALUES (51, 51, 'inavarro', 'elizabeth45@example.com', 'ffd006e96c923db4fd7553a8c134259dfdb89fca82e24283605e1e36dbfd297c', 'patient', '2023-05-09T08:32:38.540620', '2023-09-16T11:55:58.336925');
INSERT INTO "Profile" ("id", "name", "dob", "age", "gender", "address", "phone", "type", "created_at", "updated_at") VALUES (52, 'Patricia Vincent', '2000-08-26', 62, 'Female', '8026 Donna Divide
Tylerbury, OK 97626', '001-465-631-3614x878', 'patient', '2023-11-28T08:37:10.563971', '2023-05-07T23:30:37.484341');
INSERT INTO "Account" ("id", "profile_id", "username", "email", "password", "role", "created_at", "updated_at") VALUES (52, 52, 'peter64', 'james98@example.net', '863a38c34eea7c330fda25e2b8c2a10296499e944574b4c64bc2686a174ae601', 'patient', '2023-08-11T21:38:30.718833', '2023-06-07T18:42:11.763376');
INSERT INTO "Profile" ("id", "name", "dob", "age", "gender", "address", "phone", "type", "created_at", "updated_at") VALUES (53, 'Walter Sparks', '1961-12-26', 31, 'Female', 'Unit 7272 Box 8498
DPO AP 21814', '974-614-0703x4910', 'patient', '2023-01-02T20:28:06.242132', '2023-05-09T05:18:15.222973');
INSERT INTO "Account" ("id", "profile_id", "username", "email", "password", "role", "created_at", "updated_at") VALUES (53, 53, 'williamsdevin', 'kristen88@example.org', '928abc78a59427f832bfcdbc5cfd10145aef7866f735e9d2866249886b0c8b55', 'patient', '2023-09-17T14:29:23.490966', '2023-02-21T22:08:24.803654');
INSERT INTO "Profile" ("id", "name", "dob", "age", "gender", "address", "phone", "type", "created_at", "updated_at") VALUES (54, 'Jessica Hull', '1962-02-19', 46, 'Male', '66614 Harper Extensions Suite 592
West Derek, OH 26652', '941-749-7826x6128', 'patient', '2023-07-03T09:19:45.684204', '2023-09-07T09:35:11.081777');
INSERT INTO "Account" ("id", "profile_id", "username", "email", "password", "role", "created_at", "updated_at") VALUES (54, 54, 'taylor67', 'dali@example.org', 'ead327491e5f763dae67b72415bb2e20eeeae6ab195aa673fdd433ca63baf5ca', 'patient', '2023-01-10T14:49:25.115028', '2023-10-07T02:30:00.447960');
INSERT INTO "Profile" ("id", "name", "dob", "age", "gender", "address", "phone", "type", "created_at", "updated_at") VALUES (55, 'Charles Meadows', '1993-05-17', 72, 'Female', '98940 Martinez Skyway Apt. 787
North Brianville, MA 78402', '249-575-0198', 'patient', '2023-07-07T22:04:57.235411', '2023-07-24T14:03:44.182150');
INSERT INTO "Account" ("id", "profile_id", "username", "email", "password", "role", "created_at", "updated_at") VALUES (55, 55, 'rtaylor', 'kevincollins@example.org', 'faf77ff6927a8d24a00dc03d619a6e75521df7589ea62965b43660897eb6e385', 'patient', '2023-08-16T00:19:40.891024', '2023-03-15T01:18:50.761227');
INSERT INTO "Profile" ("id", "name", "dob", "age", "gender", "address", "phone", "type", "created_at", "updated_at") VALUES (56, 'Christian Hobbs', '1976-07-25', 24, 'Female', '0876 Sara Hills
Webbburgh, GU 31293', '+1-449-479-1620', 'patient', '2023-10-25T22:51:13.240993', '2023-08-28T07:37:02.675548');
INSERT INTO "Account" ("id", "profile_id", "username", "email", "password", "role", "created_at", "updated_at") VALUES (56, 56, 'williamlyons', 'thomasroberts@example.net', '6a4c1a120723bfcb272cb492e61ee159c5103f3826709123e8836acc58ea498c', 'patient', '2023-08-03T07:26:25.987684', '2023-05-14T17:04:37.427343');
INSERT INTO "Profile" ("id", "name", "dob", "age", "gender", "address", "phone", "type", "created_at", "updated_at") VALUES (57, 'James Marsh', '1973-01-17', 52, 'Female', '47196 Beverly Bypass
Williamsstad, DC 61830', '001-374-402-5883x5868', 'patient', '2023-08-27T18:06:37.966289', '2023-05-09T01:54:36.487029');
INSERT INTO "Account" ("id", "profile_id", "username", "email", "password", "role", "created_at", "updated_at") VALUES (57, 57, 'stephen24', 'sandra17@example.com', '35709a8b3d4e1230b98e0d8f1238199396708d4368a5cc0b6fd088efa00d571c', 'patient', '2023-08-09T12:38:02.211313', '2023-03-07T15:45:07.046063');
INSERT INTO "Profile" ("id", "name", "dob", "age", "gender", "address", "phone", "type", "created_at", "updated_at") VALUES (58, 'Katie Hopkins', '1960-02-24', 21, 'Female', '961 Anthony Street Apt. 311
Villafort, MD 30848', '001-731-226-6109x41017', 'patient', '2023-12-03T04:08:24.670304', '2023-04-27T21:38:48.834965');
INSERT INTO "Account" ("id", "profile_id", "username", "email", "password", "role", "created_at", "updated_at") VALUES (58, 58, 'ogray', 'jameshenry@example.net', 'a12815a6832a9041626d3ed9e3484b162d363d8a35ffbb3825ba54b1c4e1574f', 'patient', '2023-03-15T05:37:11.263683', '2023-03-01T00:00:52.519368');
INSERT INTO "Profile" ("id", "name", "dob", "age", "gender", "address", "phone", "type", "created_at", "updated_at") VALUES (59, 'Rhonda Lee', '1980-06-27', 35, 'Male', '02056 Matthew Springs
Leeborough, OK 62594', '655.398.2176x61912', 'patient', '2023-02-12T22:12:52.558721', '2023-03-25T22:17:24.520043');
INSERT INTO "Account" ("id", "profile_id", "username", "email", "password", "role", "created_at", "updated_at") VALUES (59, 59, 'andrew44', 'ewarner@example.org', '9ddb66a9d800aff0e6ff8e6ba44e1e4612849e29d24bdfd3a5827dd3cffeb13e', 'patient', '2023-01-28T05:15:10.602577', '2023-07-29T10:18:32.104713');
INSERT INTO "Profile" ("id", "name", "dob", "age", "gender", "address", "phone", "type", "created_at", "updated_at") VALUES (60, 'Tara Porter', '1968-12-19', 79, 'Male', '740 Matthew Green
West Pamela, AR 18757', '285.703.7199', 'patient', '2023-12-24T02:30:20.115553', '2023-12-12T18:23:39.805784');
INSERT INTO "Account" ("id", "profile_id", "username", "email", "password", "role", "created_at", "updated_at") VALUES (60, 60, 'claytimothy', 'josephwilliams@example.org', '38e120ff7dc88fedbc4a0c23ee8411a0a2352eb6690f4ec0a73cb87f1135875b', 'patient', '2023-03-23T23:44:26.442383', '2023-05-08T11:51:04.028381');
INSERT INTO "Profile" ("id", "name", "dob", "age", "gender", "address", "phone", "type", "created_at", "updated_at") VALUES (61, 'Richard Walter', '1958-03-01', 78, 'Female', 'USS Ayala
FPO AE 70517', '+1-460-387-0662x668', 'patient', '2023-06-09T09:57:22.096606', '2023-11-23T13:28:25.760542');
INSERT INTO "Account" ("id", "profile_id", "username", "email", "password", "role", "created_at", "updated_at") VALUES (61, 61, 'michael56', 'allenchristopher@example.org', '42a500157cf04077e77e81e7e1e428403c6a4c69a72ce6db2d2994d3c9c89994', 'patient', '2023-09-30T01:56:51.438090', '2023-11-20T08:29:51.055165');
INSERT INTO "Profile" ("id", "name", "dob", "age", "gender", "address", "phone", "type", "created_at", "updated_at") VALUES (62, 'Laura Ritter', '1944-10-02', 23, 'Male', '02724 Lee Rapids
West David, MO 63245', '+1-611-514-8375x37458', 'patient', '2023-07-11T18:30:38.967805', '2023-04-08T09:11:16.575893');
INSERT INTO "Account" ("id", "profile_id", "username", "email", "password", "role", "created_at", "updated_at") VALUES (62, 62, 'brownrachel', 'nramirez@example.org', '20be9dace0611e2c22e6d1eb2adfc3c72f27fdcbc04a038d6cb1fc55c545ef48', 'patient', '2023-07-09T15:24:42.719081', '2023-04-21T23:56:55.897071');
INSERT INTO "Profile" ("id", "name", "dob", "age", "gender", "address", "phone", "type", "created_at", "updated_at") VALUES (63, 'Barbara Hardy', '1993-06-16', 59, 'Male', '771 Victor Bypass
Joshuafurt, ME 11575', '2495670667', 'patient', '2023-03-16T21:15:30.003453', '2023-03-09T03:09:08.991245');
INSERT INTO "Account" ("id", "profile_id", "username", "email", "password", "role", "created_at", "updated_at") VALUES (63, 63, 'qpatel', 'anthony50@example.net', '4ea266e5a6069f5f446bd4c499f6334306b465d603b68e658c24b94e98e379c6', 'patient', '2023-05-03T09:12:10.950362', '2023-10-29T10:47:04.181328');
INSERT INTO "Profile" ("id", "name", "dob", "age", "gender", "address", "phone", "type", "created_at", "updated_at") VALUES (64, 'Paul Robinson', '1945-07-16', 21, 'Female', '0186 Garrison Place Suite 699
Franciscofurt, NH 98232', '720.844.1384', 'patient', '2023-01-15T01:15:49.820461', '2023-04-10T20:01:18.067082');
INSERT INTO "Account" ("id", "profile_id", "username", "email", "password", "role", "created_at", "updated_at") VALUES (64, 64, 'donna90', 'parkerdonna@example.com', 'a6238b3f59d1b74d84a774d938caab26bf2dfbfe9a98f6c1b4c13d78fb624fd0', 'patient', '2023-06-11T13:06:45.642120', '2023-01-07T06:50:30.385576');
INSERT INTO "Profile" ("id", "name", "dob", "age", "gender", "address", "phone", "type", "created_at", "updated_at") VALUES (65, 'Andrew Howard', '1983-12-30', 33, 'Male', '91498 Ashley Mill Apt. 444
Martinezburgh, FL 81496', '+1-203-610-2879x5083', 'patient', '2023-12-22T00:03:59.110808', '2023-01-06T20:48:30.121422');
INSERT INTO "Account" ("id", "profile_id", "username", "email", "password", "role", "created_at", "updated_at") VALUES (65, 65, 'amber09', 'michaeljones@example.com', '0e3375c86d2318cdbe90e33d8b4b60fbf00eabce1f9a77fe2510fdc833e315ce', 'patient', '2023-01-29T04:36:18.597189', '2023-03-16T06:30:36.628195');
INSERT INTO "Profile" ("id", "name", "dob", "age", "gender", "address", "phone", "type", "created_at", "updated_at") VALUES (66, 'Sandra Becker', '1948-04-24', 68, 'Male', '05955 Merritt Landing Suite 490
West Bradley, FL 77994', '5198358895', 'patient', '2023-10-30T09:13:44.608103', '2023-01-12T20:47:22.133369');
INSERT INTO "Account" ("id", "profile_id", "username", "email", "password", "role", "created_at", "updated_at") VALUES (66, 66, 'patrickcuevas', 'friedmansusan@example.org', 'a92db6428a723654855efdf863f67b72bc17df87fe084ae9b728590889b8bbec', 'patient', '2023-12-30T04:53:38.727913', '2023-08-18T10:30:49.471665');
INSERT INTO "Profile" ("id", "name", "dob", "age", "gender", "address", "phone", "type", "created_at", "updated_at") VALUES (67, 'Kimberly Martinez', '1999-02-28', 22, 'Male', '887 Adams Villages Suite 353
Jerrymouth, WA 15628', '001-537-965-1588x157', 'patient', '2023-10-14T05:09:10.735485', '2023-03-25T15:12:43.988769');
INSERT INTO "Account" ("id", "profile_id", "username", "email", "password", "role", "created_at", "updated_at") VALUES (67, 67, 'sarasanchez', 'qcraig@example.org', '83e05db7f3de814735621b42a7229ca96cf90d2e1b03dd1f2a7cb67a21aa7b0e', 'patient', '2023-10-17T16:35:51.252926', '2023-05-05T07:58:16.567737');
INSERT INTO "Profile" ("id", "name", "dob", "age", "gender", "address", "phone", "type", "created_at", "updated_at") VALUES (68, 'Jason Wagner', '1953-03-01', 55, 'Male', '70216 Cannon Station
Newtonberg, VI 04967', '(602)312-8866x52683', 'patient', '2023-05-03T14:21:26.100767', '2023-10-28T04:42:55.222993');
INSERT INTO "Account" ("id", "profile_id", "username", "email", "password", "role", "created_at", "updated_at") VALUES (68, 68, 'brittany91', 'jonessamantha@example.com', 'f71d9c683720d3fda0507ff4f878d64e80aec74d9aa5774043d884a0f80cafb2', 'patient', '2023-08-18T14:56:53.987545', '2023-09-27T14:43:59.451515');
INSERT INTO "Profile" ("id", "name", "dob", "age", "gender", "address", "phone", "type", "created_at", "updated_at") VALUES (69, 'Peter Graves', '1990-01-09', 70, 'Male', '09957 Flores Fall
Shirleyville, IN 39475', '450.498.8986x4565', 'patient', '2023-01-16T06:20:21.024987', '2023-12-10T23:58:48.105257');
INSERT INTO "Account" ("id", "profile_id", "username", "email", "password", "role", "created_at", "updated_at") VALUES (69, 69, 'russellramirez', 'cory42@example.org', '96caa4b51805647fb6750eb9dc846647cdba1812d0921f10ad5a0f31f546799d', 'patient', '2023-06-27T03:14:58.912374', '2023-03-23T09:39:39.812651');
INSERT INTO "Profile" ("id", "name", "dob", "age", "gender", "address", "phone", "type", "created_at", "updated_at") VALUES (70, 'Todd Green', '1982-01-02', 39, 'Male', '421 Andrea Pass
North Carmen, AZ 71257', '+1-830-970-5349', 'patient', '2023-07-09T14:31:44.642584', '2023-10-30T11:56:46.876574');
INSERT INTO "Account" ("id", "profile_id", "username", "email", "password", "role", "created_at", "updated_at") VALUES (70, 70, 'samantha17', 'fsnyder@example.org', 'b637d2c99436067b54e4d4c36b618b9a246d9a74fed69630802c400b095d0c0d', 'patient', '2023-09-24T07:33:08.553337', '2023-02-12T09:25:03.450151');
INSERT INTO "Profile" ("id", "name", "dob", "age", "gender", "address", "phone", "type", "created_at", "updated_at") VALUES (71, 'Bob Mcguire', '1989-08-22', 68, 'Male', '7815 Ryan Squares Suite 380
East Derrickfurt, VI 29364', '+1-234-872-7274x23183', 'patient', '2023-01-25T11:35:39.954722', '2023-07-23T00:23:30.628105');
INSERT INTO "Account" ("id", "profile_id", "username", "email", "password", "role", "created_at", "updated_at") VALUES (71, 71, 'jenniferwilliams', 'christina93@example.net', 'a97bb24cc279497cc29f35440cdc9a081281cb6337566c6bc25298a02c601d6c', 'patient', '2023-07-13T02:06:30.587435', '2023-12-14T09:04:20.982076');
INSERT INTO "Profile" ("id", "name", "dob", "age", "gender", "address", "phone", "type", "created_at", "updated_at") VALUES (72, 'Sara Golden', '1985-11-24', 35, 'Male', '587 Davis Creek Suite 675
Lake Roger, HI 61414', '515-862-7796x30448', 'patient', '2023-01-23T03:10:38.240859', '2023-10-08T22:25:59.068306');
INSERT INTO "Account" ("id", "profile_id", "username", "email", "password", "role", "created_at", "updated_at") VALUES (72, 72, 'emily66', 'qcoleman@example.org', '3be974eb157aeecb07f6160e9b3497aae62abceb072ec5f65438a9652a92caf9', 'patient', '2023-09-23T01:26:25.076328', '2023-05-04T16:51:21.025343');
INSERT INTO "Profile" ("id", "name", "dob", "age", "gender", "address", "phone", "type", "created_at", "updated_at") VALUES (73, 'Elizabeth Ortiz', '1979-11-19', 26, 'Female', '199 Anderson Plains
Lake Andrewfurt, CO 92871', '658-410-8358x32863', 'patient', '2023-11-28T11:28:17.125971', '2023-05-01T16:00:08.848163');
INSERT INTO "Account" ("id", "profile_id", "username", "email", "password", "role", "created_at", "updated_at") VALUES (73, 73, 'angelawright', 'johnsonandrew@example.net', 'bc55d97c8e334d0a3bb76ecb75d2b56401f1cbd8e36418ebb48803afc53283fe', 'patient', '2023-05-25T20:22:52.307427', '2023-06-26T12:05:09.337701');
INSERT INTO "Profile" ("id", "name", "dob", "age", "gender", "address", "phone", "type", "created_at", "updated_at") VALUES (74, 'Eric Hall', '1992-06-23', 69, 'Male', '166 Loretta Wells Suite 111
Smithside, PA 20403', '296-639-4568', 'patient', '2023-04-10T18:05:54.702428', '2023-03-15T18:29:46.433784');
INSERT INTO "Account" ("id", "profile_id", "username", "email", "password", "role", "created_at", "updated_at") VALUES (74, 74, 'tanya97', 'fcarter@example.org', '03bf95e85b8e1066bc695dc6f9d7ac6c0b48234486a2fe7411fef4bd4e43051b', 'patient', '2023-07-24T04:51:47.942144', '2023-06-25T22:32:29.036105');
INSERT INTO "Profile" ("id", "name", "dob", "age", "gender", "address", "phone", "type", "created_at", "updated_at") VALUES (75, 'Kim Sanchez', '1944-11-25', 25, 'Male', '8173 Ray Fort Suite 579
Lake Lanceberg, AS 83065', '418-823-7931', 'patient', '2023-08-13T09:38:35.799345', '2023-06-22T08:37:26.576977');
INSERT INTO "Account" ("id", "profile_id", "username", "email", "password", "role", "created_at", "updated_at") VALUES (75, 75, 'briansnyder', 'vcollins@example.org', '896758421d37e468eb624096c8dbc894a5811272c2eb4f0f492e52259fd67e63', 'patient', '2023-09-08T19:04:58.943422', '2023-08-06T22:30:21.848188');
INSERT INTO "Profile" ("id", "name", "dob", "age", "gender", "address", "phone", "type", "created_at", "updated_at") VALUES (76, 'Debra Clark', '1979-04-01', 26, 'Male', '3577 Samantha Manors Apt. 620
New Kaitlin, GA 26370', '210.667.2872x866', 'patient', '2023-02-12T19:12:27.062490', '2023-12-29T10:49:20.330764');
INSERT INTO "Account" ("id", "profile_id", "username", "email", "password", "role", "created_at", "updated_at") VALUES (76, 76, 'alexandra95', 'donaldmills@example.org', '857e41d210924e98a5b1e876b52b0104cace312d64d5d4126f80c13a53968941', 'patient', '2023-12-13T12:37:53.374316', '2023-05-16T03:16:08.036949');
INSERT INTO "Profile" ("id", "name", "dob", "age", "gender", "address", "phone", "type", "created_at", "updated_at") VALUES (77, 'Kaitlyn Clark', '1964-08-13', 40, 'Male', '87056 Edward Cliff
West Jacquelineborough, UT 12801', '+1-375-710-9792', 'patient', '2023-08-20T15:05:49.419007', '2023-11-18T12:53:09.805446');
INSERT INTO "Account" ("id", "profile_id", "username", "email", "password", "role", "created_at", "updated_at") VALUES (77, 77, 'courtney34', 'lori69@example.net', '783f6eb8cbbc39c3049c02c34847c72648e5af814670d1a21f4d64585be19196', 'patient', '2023-08-16T07:38:24.637574', '2023-05-27T18:57:08.586730');
INSERT INTO "Profile" ("id", "name", "dob", "age", "gender", "address", "phone", "type", "created_at", "updated_at") VALUES (78, 'Joshua Hopkins', '1948-09-11', 55, 'Female', '2491 Laura Radial
Riverashire, PA 36839', '001-997-232-0331x9222', 'patient', '2023-04-28T16:40:46.861470', '2023-11-23T03:02:54.227515');
INSERT INTO "Account" ("id", "profile_id", "username", "email", "password", "role", "created_at", "updated_at") VALUES (78, 78, 'taylorlindsay', 'uortega@example.com', '86cbf44fac560c85368cee1aa108164e9f0136ad8f9c61b724cba7cb97f34e93', 'patient', '2023-02-12T16:42:07.891214', '2023-07-23T21:25:40.443154');
INSERT INTO "Profile" ("id", "name", "dob", "age", "gender", "address", "phone", "type", "created_at", "updated_at") VALUES (79, 'James Wells', '1963-06-16', 19, 'Male', '324 Mary Points
Henryview, TX 16261', '+1-565-520-5756', 'patient', '2023-05-20T05:08:52.736628', '2023-03-07T03:47:34.518209');
INSERT INTO "Account" ("id", "profile_id", "username", "email", "password", "role", "created_at", "updated_at") VALUES (79, 79, 'gonzalezmichael', 'adamcollins@example.org', '7fd21d15cdef988e2285a9248906661a41f543f714c4897b331f5389c604cec1', 'patient', '2023-11-30T08:29:26.973447', '2023-07-03T00:24:09.934891');
INSERT INTO "Profile" ("id", "name", "dob", "age", "gender", "address", "phone", "type", "created_at", "updated_at") VALUES (80, 'Don Holland', '1984-03-29', 34, 'Male', '0907 Henry Mountains Apt. 050
Lake Jill, VI 17756', '661-507-0518', 'patient', '2023-08-27T10:59:57.217046', '2023-09-26T10:23:41.750638');
INSERT INTO "Account" ("id", "profile_id", "username", "email", "password", "role", "created_at", "updated_at") VALUES (80, 80, 'mary52', 'zachary66@example.net', 'd84ec5a01b0b383a460c026620cb16fffe26f900ff9d9f6a650620834487985c', 'patient', '2023-01-24T15:26:45.644708', '2023-10-28T07:36:55.219545');
INSERT INTO "Profile" ("id", "name", "dob", "age", "gender", "address", "phone", "type", "created_at", "updated_at") VALUES (81, 'Monica Miller', '1971-10-02', 26, 'Female', '862 Larry Points
Davidmouth, OK 91765', '797-211-1212', 'patient', '2023-10-07T02:05:18.094736', '2023-10-15T02:24:13.051629');
INSERT INTO "Account" ("id", "profile_id", "username", "email", "password", "role", "created_at", "updated_at") VALUES (81, 81, 'danastevens', 'kylebecker@example.org', '496bd147249c87c8dd15676574fe402e3010448f5e13f7f4039e7b7a5ccff8df', 'patient', '2023-09-26T16:07:58.998960', '2023-04-24T00:24:53.909363');
INSERT INTO "Profile" ("id", "name", "dob", "age", "gender", "address", "phone", "type", "created_at", "updated_at") VALUES (82, 'Dustin Ramirez', '1979-06-01', 51, 'Male', '3244 Baker Overpass
Bethstad, WI 84626', '772.609.6289x36543', 'patient', '2023-02-03T00:51:27.087070', '2023-10-09T12:30:03.549551');
INSERT INTO "Account" ("id", "profile_id", "username", "email", "password", "role", "created_at", "updated_at") VALUES (82, 82, 'jeffery40', 'holmescrystal@example.com', '2be93cbeb857d4e8bf82ce7006e5c62988c4d8b10616482806b4a43a93f57c4f', 'patient', '2023-08-02T14:27:58.214129', '2023-05-16T12:15:43.500632');
INSERT INTO "Profile" ("id", "name", "dob", "age", "gender", "address", "phone", "type", "created_at", "updated_at") VALUES (83, 'Kevin Johnson', '1987-12-31', 65, 'Male', '67551 Robin Inlet
South Amy, WV 03351', '797.999.6673x459', 'patient', '2023-09-04T23:51:49.800781', '2023-04-20T06:18:50.147228');
INSERT INTO "Account" ("id", "profile_id", "username", "email", "password", "role", "created_at", "updated_at") VALUES (83, 83, 'kathrynsantana', 'fisherkim@example.net', '39b0cae1094c7febb1c465fd8516a403d9d466938a6b67a82c3055d73da33d34', 'patient', '2023-01-11T09:27:28.703481', '2023-07-06T10:37:01.934586');
INSERT INTO "Profile" ("id", "name", "dob", "age", "gender", "address", "phone", "type", "created_at", "updated_at") VALUES (84, 'Stacie Sanford', '2003-03-20', 48, 'Female', '50142 Ellis Expressway
Smithberg, ID 23054', '941-423-3613x2850', 'patient', '2023-05-06T11:24:10.214432', '2023-06-21T08:54:53.520158');
INSERT INTO "Account" ("id", "profile_id", "username", "email", "password", "role", "created_at", "updated_at") VALUES (84, 84, 'ehale', 'tguerra@example.org', 'a36d4d5fa68010da9aed80bc42cc3fd8936a72a27205cd6995d3c8c5792e3bfd', 'patient', '2023-02-04T21:07:33.609015', '2023-02-16T18:35:48.879357');
INSERT INTO "Profile" ("id", "name", "dob", "age", "gender", "address", "phone", "type", "created_at", "updated_at") VALUES (85, 'Brandi Mejia', '2000-05-23', 67, 'Female', '681 Freeman Streets Apt. 392
West Michael, NY 00709', '+1-396-713-2730x346', 'patient', '2023-05-20T19:12:18.881682', '2023-03-07T11:23:37.092321');
INSERT INTO "Account" ("id", "profile_id", "username", "email", "password", "role", "created_at", "updated_at") VALUES (85, 85, 'justinhughes', 'ajohnson@example.org', '37bcd6aceed34c038b2f1af409869b75de560ec5aa900e39317bf274621528f6', 'patient', '2023-09-06T08:55:13.033020', '2023-10-31T15:51:18.275633');
INSERT INTO "Profile" ("id", "name", "dob", "age", "gender", "address", "phone", "type", "created_at", "updated_at") VALUES (86, 'Bradley Parks', '1950-03-16', 50, 'Male', '52986 Smith Shoal
Hendersonton, ME 56204', '819-878-5758x512', 'patient', '2023-11-13T19:03:56.534956', '2023-01-30T02:57:34.549647');
INSERT INTO "Account" ("id", "profile_id", "username", "email", "password", "role", "created_at", "updated_at") VALUES (86, 86, 'rogerssarah', 'james97@example.com', 'aec8c63111240f678187228f4decb42be06fdf0ea932f729540c0f7e5c9c12a6', 'patient', '2023-04-13T13:03:11.211786', '2023-02-14T05:52:24.344561');
INSERT INTO "Profile" ("id", "name", "dob", "age", "gender", "address", "phone", "type", "created_at", "updated_at") VALUES (87, 'Jacob Small DDS', '1959-09-18', 46, 'Male', '84245 Smith Islands Suite 091
Jessicaside, WA 52433', '621.781.2276', 'patient', '2023-12-20T18:06:21.043661', '2023-09-08T19:02:01.577030');
INSERT INTO "Account" ("id", "profile_id", "username", "email", "password", "role", "created_at", "updated_at") VALUES (87, 87, 'samanthaberger', 'uwilliams@example.com', '3dca06bf084f2ad7d9633c0e539d45b25222dcc092208da666b5325d3668d17e', 'patient', '2023-08-10T19:18:43.519145', '2023-09-21T11:12:21.287147');
INSERT INTO "Profile" ("id", "name", "dob", "age", "gender", "address", "phone", "type", "created_at", "updated_at") VALUES (88, 'Ashley Hunt', '1989-07-08', 78, 'Male', '6024 Mary Meadows Apt. 394
Christinaside, PR 32450', '001-805-497-3642x480', 'patient', '2023-09-04T20:49:38.146174', '2023-04-10T06:07:38.167115');
INSERT INTO "Account" ("id", "profile_id", "username", "email", "password", "role", "created_at", "updated_at") VALUES (88, 88, 'yclark', 'rsandoval@example.com', '87f8ed13635207484941c4551e63a576af87472da689561f1009afcc59ac8588', 'patient', '2023-10-15T15:41:44.951838', '2023-08-20T02:06:28.203499');
INSERT INTO "Profile" ("id", "name", "dob", "age", "gender", "address", "phone", "type", "created_at", "updated_at") VALUES (89, 'Danny Fletcher', '1957-09-28', 64, 'Female', '695 Alvarez Point Apt. 555
Lynnberg, NH 97831', '338.526.4609x1785', 'patient', '2023-09-30T06:37:23.475897', '2023-07-12T18:30:48.681269');
INSERT INTO "Account" ("id", "profile_id", "username", "email", "password", "role", "created_at", "updated_at") VALUES (89, 89, 'kelly57', 'njohnson@example.net', '1a95079aadeed61614d2f7899a9f8d3873ba227fb563a6ecfe4b81e0b3c92753', 'patient', '2023-05-08T23:48:28.938688', '2023-06-07T01:51:10.784628');
INSERT INTO "Profile" ("id", "name", "dob", "age", "gender", "address", "phone", "type", "created_at", "updated_at") VALUES (90, 'Allison Mcpherson DDS', '1974-09-25', 47, 'Male', '9116 Jason Creek
Gregoryburgh, WI 96768', '(886)553-6945x5158', 'patient', '2023-11-09T16:43:06.055712', '2023-06-30T02:51:46.655171');
INSERT INTO "Account" ("id", "profile_id", "username", "email", "password", "role", "created_at", "updated_at") VALUES (90, 90, 'cmitchell', 'sandrathompson@example.com', 'df66e1cf638a6642a92da23ae6df104a61344359be00c0dea20dc012ac35c6f6', 'patient', '2023-10-30T01:42:43.189485', '2023-10-05T16:59:57.565565');
INSERT INTO "Profile" ("id", "name", "dob", "age", "gender", "address", "phone", "type", "created_at", "updated_at") VALUES (91, 'Melinda Garcia', '1980-05-14', 21, 'Female', '3093 Chelsea Parkway Apt. 996
West Chelseaburgh, OK 82485', '415.909.6883x2753', 'patient', '2023-12-08T02:51:46.050046', '2023-12-02T09:13:31.226642');
INSERT INTO "Account" ("id", "profile_id", "username", "email", "password", "role", "created_at", "updated_at") VALUES (91, 91, 'david10', 'beckystevens@example.net', 'ea81a9d04fd672cd9f897aa9d3322de057316bb07bef8dac995543e25cfb8e97', 'patient', '2023-12-27T06:08:08.277083', '2023-10-18T00:26:20.661639');
INSERT INTO "Profile" ("id", "name", "dob", "age", "gender", "address", "phone", "type", "created_at", "updated_at") VALUES (92, 'Kathryn Rodriguez', '1981-11-13', 72, 'Female', '71006 Atkins Cliffs
Rosarioside, DE 94321', '001-898-307-7046x05687', 'patient', '2023-02-07T17:15:02.256363', '2023-11-05T08:00:24.717232');
INSERT INTO "Account" ("id", "profile_id", "username", "email", "password", "role", "created_at", "updated_at") VALUES (92, 92, 'bowenmichael', 'donald37@example.org', '6eef3bd236ebe8877d7ce62a1aec03754a5181593f899d89ed5aff0b12518d76', 'patient', '2023-05-01T03:06:15.787590', '2023-09-10T12:18:12.512416');
INSERT INTO "Profile" ("id", "name", "dob", "age", "gender", "address", "phone", "type", "created_at", "updated_at") VALUES (93, 'Michael Goodwin', '1991-07-04', 45, 'Male', '7494 Kathleen Drive Suite 035
Jenniferport, VT 21250', '001-647-874-2229', 'patient', '2023-04-04T15:49:23.259747', '2023-03-24T23:05:30.846101');
INSERT INTO "Account" ("id", "profile_id", "username", "email", "password", "role", "created_at", "updated_at") VALUES (93, 93, 'brandyhernandez', 'greenjennifer@example.net', '2b6c837545d1824ec608904414cd1a59267d3514cabc947d849dd9ec3c36fbfc', 'patient', '2023-07-08T02:55:18.120686', '2023-06-23T14:50:52.060180');
INSERT INTO "Profile" ("id", "name", "dob", "age", "gender", "address", "phone", "type", "created_at", "updated_at") VALUES (94, 'Valerie Schneider', '1980-10-21', 49, 'Female', '7287 Timothy Light Apt. 153
Jamieberg, KY 80276', '001-313-757-7908x33506', 'patient', '2023-07-04T16:47:26.025763', '2023-04-09T19:35:34.900229');
INSERT INTO "Account" ("id", "profile_id", "username", "email", "password", "role", "created_at", "updated_at") VALUES (94, 94, 'wallerbrian', 'johnrobles@example.org', 'b065738d10d2ebde83b8a997c2a61e57c7d553e2222fd02fe3f94d015ea24cda', 'patient', '2023-08-25T21:27:06.610940', '2023-03-31T05:04:49.738086');
INSERT INTO "Profile" ("id", "name", "dob", "age", "gender", "address", "phone", "type", "created_at", "updated_at") VALUES (95, 'Joy Williams', '1982-03-11', 22, 'Male', '312 Brown Forks
New Kathleen, NJ 61353', '380-951-3717', 'patient', '2023-03-13T20:27:12.848396', '2023-07-17T10:08:02.870493');
INSERT INTO "Account" ("id", "profile_id", "username", "email", "password", "role", "created_at", "updated_at") VALUES (95, 95, 'carmenevans', 'perkinsmichelle@example.org', 'fb457b6cacae4762e5c0e37f27960a93a63eb2d6413bbf6d82a5fa3619a806bc', 'patient', '2023-06-11T02:55:08.036810', '2023-08-22T21:59:33.183214');
INSERT INTO "Profile" ("id", "name", "dob", "age", "gender", "address", "phone", "type", "created_at", "updated_at") VALUES (96, 'Madison Campos', '2006-04-30', 38, 'Male', '472 Hunter Passage Suite 448
West Joshua, OH 66438', '871-627-0587x7221', 'patient', '2023-02-04T10:08:45.028558', '2023-11-10T18:41:35.261186');
INSERT INTO "Account" ("id", "profile_id", "username", "email", "password", "role", "created_at", "updated_at") VALUES (96, 96, 'dana82', 'kimberlyhines@example.org', 'f840471ec8fc7a887dfbb5a109110d74a072252ea3bf4a5b51c64f07a1a84352', 'patient', '2023-04-22T03:49:58.946026', '2023-10-06T23:26:58.702239');
INSERT INTO "Profile" ("id", "name", "dob", "age", "gender", "address", "phone", "type", "created_at", "updated_at") VALUES (97, 'Michael Pennington', '1957-01-24', 22, 'Male', '36229 Mark Path Suite 964
West Thomas, PR 40296', '(224)855-5746x966', 'patient', '2023-01-21T03:09:56.403508', '2023-05-29T19:10:11.999018');
INSERT INTO "Account" ("id", "profile_id", "username", "email", "password", "role", "created_at", "updated_at") VALUES (97, 97, 'theresawang', 'cardenasjames@example.net', 'abe52b413816e92267687b7d8ef6a94f955d1d2dd5543b2970cdb4db88edff75', 'patient', '2023-04-18T07:20:44.280012', '2023-05-16T22:40:45.231741');
INSERT INTO "Profile" ("id", "name", "dob", "age", "gender", "address", "phone", "type", "created_at", "updated_at") VALUES (98, 'Richard Nguyen', '1979-02-04', 35, 'Female', '874 Charles Estates
Jennifershire, NJ 06530', '001-767-934-9960x10548', 'patient', '2023-12-03T04:37:22.162453', '2023-02-10T09:57:53.956615');
INSERT INTO "Account" ("id", "profile_id", "username", "email", "password", "role", "created_at", "updated_at") VALUES (98, 98, 'nicolejones', 'jholloway@example.net', '3284975255ea69790edf6ecc73be3fc114a577823bef0e0fd148d761e1146579', 'patient', '2023-03-14T19:09:00.972274', '2023-02-02T00:48:47.035599');
INSERT INTO "Profile" ("id", "name", "dob", "age", "gender", "address", "phone", "type", "created_at", "updated_at") VALUES (99, 'Kenneth Farmer', '1960-03-29', 42, 'Female', '021 Krueger Lake Suite 325
Perezstad, MA 26582', '+1-744-290-2166x67080', 'patient', '2023-07-25T22:04:57.680017', '2023-12-29T10:02:14.631236');
INSERT INTO "Account" ("id", "profile_id", "username", "email", "password", "role", "created_at", "updated_at") VALUES (99, 99, 'kristy74', 'cynthia19@example.org', '127ec0cef8f7ffb22cdf219370c5045be2fb6b1fcbc9f8a3655e0371efb1aab4', 'patient', '2023-10-12T03:13:06.983872', '2023-07-13T13:28:35.945316');
INSERT INTO "Profile" ("id", "name", "dob", "age", "gender", "address", "phone", "type", "created_at", "updated_at") VALUES (100, 'Sarah Miller', '2001-12-07', 47, 'Female', '64772 Jones Rue
Shawnchester, FM 03316', '(594)709-6003x5624', 'patient', '2023-07-13T18:44:03.502779', '2023-08-26T21:57:37.988538');
INSERT INTO "Account" ("id", "profile_id", "username", "email", "password", "role", "created_at", "updated_at") VALUES (100, 100, 'kaylaandrews', 'patricia92@example.org', 'f1cc3ecd908458a9a360f1130a48fdceaedd100b19f8d9fa0ebe6b2f7c492f70', 'patient', '2023-03-17T00:52:31.728815', '2023-03-08T02:20:29.734507');
INSERT INTO "Profile" ("id", "name", "dob", "age", "gender", "address", "phone", "type", "created_at", "updated_at") VALUES (101, 'Lance Kirk', '1992-12-03', 24, 'Male', '5333 Martin Groves
East Kelsey, AK 18498', '516.807.3607x763', 'patient', '2023-08-03T20:08:14.666598', '2023-02-15T08:56:11.152509');
INSERT INTO "Account" ("id", "profile_id", "username", "email", "password", "role", "created_at", "updated_at") VALUES (101, 101, 'williamlane', 'martinjason@example.com', '4a2ee90a325f79a25a1d9b9d0ea054a2fb7255a17637bb272b26420a4f8a9174', 'patient', '2023-05-11T10:53:53.206555', '2023-12-29T07:26:37.134454');
INSERT INTO "Profile" ("id", "name", "dob", "age", "gender", "address", "phone", "type", "created_at", "updated_at") VALUES (102, 'Daniel Davis', '1975-10-02', 72, 'Male', '0066 Nixon Courts
Michaelport, MP 09060', '(243)416-7045x02329', 'patient', '2023-07-08T18:40:55.066271', '2023-02-21T00:57:54.364260');
INSERT INTO "Account" ("id", "profile_id", "username", "email", "password", "role", "created_at", "updated_at") VALUES (102, 102, 'dfarmer', 'michelleguerrero@example.com', 'c4252ed5ee55a27bad6563367458ae5b4c4fa3c39b9ab705f9b20ca45b6d9ac7', 'patient', '2023-10-27T15:55:05.362123', '2023-06-02T14:28:23.564991');
INSERT INTO "Profile" ("id", "name", "dob", "age", "gender", "address", "phone", "type", "created_at", "updated_at") VALUES (103, 'Joseph Hernandez', '1994-10-23', 45, 'Female', '20734 Garrett Ville Suite 950
West Anthonyfort, AZ 96832', '(360)286-9822', 'patient', '2023-05-07T21:56:59.014777', '2023-03-23T01:30:15.859923');
INSERT INTO "Account" ("id", "profile_id", "username", "email", "password", "role", "created_at", "updated_at") VALUES (103, 103, 'hmcneil', 'amarshall@example.net', 'bc9fc8f5c1a27f57ef4bd3f036a6cf9dc7048b741ad07292d209b2e168b30367', 'patient', '2023-11-08T22:00:55.122780', '2023-10-22T15:08:16.264339');
INSERT INTO "Profile" ("id", "name", "dob", "age", "gender", "address", "phone", "type", "created_at", "updated_at") VALUES (104, 'John Lam', '1959-12-31', 74, 'Male', '177 David Passage Apt. 231
Lake Richardville, IA 30152', '824-757-9889x425', 'patient', '2023-08-29T16:15:33.019620', '2023-07-30T21:21:49.450184');
INSERT INTO "Account" ("id", "profile_id", "username", "email", "password", "role", "created_at", "updated_at") VALUES (104, 104, 'adkinslauren', 'bauertiffany@example.org', '4923a634577fc1bd0ca087e024c29a00a861a9c4341f2aea680ea413c88654bc', 'patient', '2023-01-13T10:01:12.887471', '2023-10-17T07:07:48.314490');
INSERT INTO "Profile" ("id", "name", "dob", "age", "gender", "address", "phone", "type", "created_at", "updated_at") VALUES (105, 'Frank Armstrong', '1974-04-19', 44, 'Female', '3794 Wilson Harbors Suite 524
Lindsayfort, WI 72446', '515.984.1560x821', 'patient', '2023-10-30T03:33:39.636732', '2023-02-13T18:44:46.942815');
INSERT INTO "Account" ("id", "profile_id", "username", "email", "password", "role", "created_at", "updated_at") VALUES (105, 105, 'david54', 'fgraham@example.net', '4d6917ce92e3804ccf2fa3446ee1cd0269e0d3ea30e836c36b4977901be3a901', 'patient', '2023-10-26T11:45:09.213033', '2023-11-19T08:48:49.186480');
INSERT INTO "Profile" ("id", "name", "dob", "age", "gender", "address", "phone", "type", "created_at", "updated_at") VALUES (106, 'Brenda Becker', '1992-09-12', 70, 'Female', '929 Lauren Lake Apt. 825
North Erin, SC 83641', '+1-832-989-6340x646', 'patient', '2023-06-20T08:29:03.225475', '2023-02-19T13:08:35.705952');
INSERT INTO "Account" ("id", "profile_id", "username", "email", "password", "role", "created_at", "updated_at") VALUES (106, 106, 'aaron48', 'jason99@example.org', 'd8d558390193a95535b92299be227f965e5f49ee148d286fa7886c0d196257a5', 'patient', '2023-05-30T09:02:26.239445', '2023-02-22T08:09:47.277856');
INSERT INTO "Profile" ("id", "name", "dob", "age", "gender", "address", "phone", "type", "created_at", "updated_at") VALUES (107, 'Pamela Roman', '2003-09-22', 43, 'Female', '669 John Keys
East Tabithaview, DC 53118', '392-637-2450', 'patient', '2023-07-10T19:46:08.384754', '2023-10-08T21:12:16.391767');
INSERT INTO "Account" ("id", "profile_id", "username", "email", "password", "role", "created_at", "updated_at") VALUES (107, 107, 'chall', 'lynn89@example.com', '2bebe34f035883b8708022ff46201e5d0c5d1d0a74ea7dd06732fc00f27eac7d', 'patient', '2023-11-17T09:39:43.290137', '2023-10-02T13:07:48.899547');
INSERT INTO "Profile" ("id", "name", "dob", "age", "gender", "address", "phone", "type", "created_at", "updated_at") VALUES (108, 'Sheri Herring', '1946-05-25', 64, 'Male', '76927 Walker Cove Apt. 995
Port Melissa, NM 92460', '(360)914-4485x64510', 'patient', '2023-03-30T08:36:48.596065', '2023-06-30T04:06:39.807448');
INSERT INTO "Account" ("id", "profile_id", "username", "email", "password", "role", "created_at", "updated_at") VALUES (108, 108, 'gwade', 'kcastro@example.com', '7c76cd6521164e698d045715369a52b94ae2ad129cc53a8de2f8785ccc842e05', 'patient', '2023-11-13T19:45:26.220066', '2023-08-31T23:46:41.689150');
INSERT INTO "Profile" ("id", "name", "dob", "age", "gender", "address", "phone", "type", "created_at", "updated_at") VALUES (109, 'Brian Massey', '1984-04-21', 38, 'Female', '35996 Higgins Canyon
Deborahmouth, PR 60891', '001-280-766-0392', 'patient', '2023-02-05T23:09:12.580369', '2023-12-02T02:58:13.572105');
INSERT INTO "Account" ("id", "profile_id", "username", "email", "password", "role", "created_at", "updated_at") VALUES (109, 109, 'danielmelissa', 'michael55@example.org', '4f9aacf91fbfd508822c06640cbb8311d8cd81488da44ccc28ae7501c6372e2b', 'patient', '2023-10-13T06:29:19.791798', '2023-04-29T02:56:25.274010');
INSERT INTO "Profile" ("id", "name", "dob", "age", "gender", "address", "phone", "type", "created_at", "updated_at") VALUES (110, 'Madison Mack', '1953-12-07', 38, 'Female', '652 Gates Isle Suite 983
Mariaville, PW 95127', '965-797-2634', 'patient', '2023-05-03T16:02:34.441175', '2023-06-09T08:21:03.065141');
INSERT INTO "Account" ("id", "profile_id", "username", "email", "password", "role", "created_at", "updated_at") VALUES (110, 110, 'kari25', 'rodriguezbonnie@example.net', 'ba76f73ce6933f8cecab1b77ab57ac401fb3615586ddeb48925d6473239427a5', 'patient', '2023-07-24T00:23:58.198640', '2023-10-03T11:08:51.961320');
INSERT INTO "Profile" ("id", "name", "dob", "age", "gender", "address", "phone", "type", "created_at", "updated_at") VALUES (111, 'Jennifer Dominguez', '1956-04-30', 41, 'Male', '2585 Anderson Lights Apt. 499
West Yvonnemouth, GU 05845', '582.940.7333', 'patient', '2023-08-24T20:00:40.215580', '2023-03-20T14:41:50.227221');
INSERT INTO "Account" ("id", "profile_id", "username", "email", "password", "role", "created_at", "updated_at") VALUES (111, 111, 'phillipstamara', 'amassey@example.net', 'cd9ee562b4a13372895401358beb7fffcb1c79419417589853244c199a3c2b2f', 'patient', '2023-07-26T18:47:48.084367', '2023-05-31T02:03:31.211123');
INSERT INTO "Profile" ("id", "name", "dob", "age", "gender", "address", "phone", "type", "created_at", "updated_at") VALUES (112, 'Lauren Burton', '1999-10-19', 61, 'Female', 'Unit 4546 Box 5535
DPO AP 47303', '925-738-9218', 'patient', '2023-02-08T03:35:57.766669', '2023-10-28T18:30:08.111787');
INSERT INTO "Account" ("id", "profile_id", "username", "email", "password", "role", "created_at", "updated_at") VALUES (112, 112, 'jenniferrobbins', 'stevenandrews@example.org', 'b38dd526687ad4663dc8d286e432a968072947813678374b1f9a496dab939c0a', 'patient', '2023-06-09T09:14:26.330095', '2023-08-04T03:31:32.692061');
INSERT INTO "Profile" ("id", "name", "dob", "age", "gender", "address", "phone", "type", "created_at", "updated_at") VALUES (113, 'Zachary Johnson', '1972-01-26', 22, 'Male', '2151 Hudson Stream Apt. 976
South Jason, NV 41110', '+1-745-239-8628', 'patient', '2023-12-20T09:40:55.672147', '2023-01-20T06:45:14.287726');
INSERT INTO "Account" ("id", "profile_id", "username", "email", "password", "role", "created_at", "updated_at") VALUES (113, 113, 'briana19', 'morenojessica@example.net', 'c2c43e7b7248d35b7052a1478e350986b94e49fffeb50679a02c5a6c4ed2369e', 'patient', '2023-12-23T15:22:30.493712', '2023-10-09T15:20:31.180422');
INSERT INTO "Profile" ("id", "name", "dob", "age", "gender", "address", "phone", "type", "created_at", "updated_at") VALUES (114, 'Sara Johnson DVM', '1989-09-21', 71, 'Male', '9666 Taylor Junctions
North Larry, HI 93203', '(647)212-4633x51571', 'patient', '2023-11-17T01:34:32.967752', '2023-01-23T04:01:48.605080');
INSERT INTO "Account" ("id", "profile_id", "username", "email", "password", "role", "created_at", "updated_at") VALUES (114, 114, 'flemingcody', 'stuartallison@example.org', 'c906c01fad43df20b27d77819540949f00dcee6f6b490a0da8496c59369c3679', 'patient', '2023-04-22T11:31:16.727957', '2023-10-19T05:08:00.528349');
INSERT INTO "Profile" ("id", "name", "dob", "age", "gender", "address", "phone", "type", "created_at", "updated_at") VALUES (115, 'Jade Jones', '1954-09-04', 23, 'Female', '83512 Berry Mill Apt. 827
New Benjaminside, FM 16266', '741-952-9821x7392', 'patient', '2023-12-05T00:18:22.050391', '2023-07-19T11:09:25.455214');
INSERT INTO "Account" ("id", "profile_id", "username", "email", "password", "role", "created_at", "updated_at") VALUES (115, 115, 'hbowers', 'morganmichael@example.org', '18aac32f1d598ba2a4cfb7e1821027c888e50b038a13c3c1148296b239130148', 'patient', '2023-06-28T15:21:02.038493', '2023-10-17T00:51:19.416592');
INSERT INTO "Profile" ("id", "name", "dob", "age", "gender", "address", "phone", "type", "created_at", "updated_at") VALUES (116, 'Anthony Haas', '1974-01-31', 24, 'Female', '158 Sherman Row
West Luke, NV 26458', '866-666-1707x1587', 'patient', '2023-07-01T03:09:40.349259', '2023-10-14T05:38:26.326743');
INSERT INTO "Account" ("id", "profile_id", "username", "email", "password", "role", "created_at", "updated_at") VALUES (116, 116, 'kelli08', 'lopezchristopher@example.net', '1c47ff56eb979d3ce17a8d923cb96dbf43817bec1e93f7d02fa2fe102d1d3637', 'patient', '2023-07-27T22:39:27.423404', '2023-03-05T02:27:43.598706');
INSERT INTO "Profile" ("id", "name", "dob", "age", "gender", "address", "phone", "type", "created_at", "updated_at") VALUES (117, 'Anthony Johnson', '2004-09-21', 69, 'Male', '068 William Springs Apt. 317
East Jennifer, CA 94090', '373.699.0063', 'patient', '2023-01-02T17:23:52.880602', '2023-03-29T12:01:27.104475');
INSERT INTO "Account" ("id", "profile_id", "username", "email", "password", "role", "created_at", "updated_at") VALUES (117, 117, 'tracey63', 'samantha60@example.org', '2c69491221c53aa8c112b73ad5788865cf9a4b83642d45611926b1c61b66e812', 'patient', '2023-03-31T14:34:07.504585', '2023-09-01T08:18:09.322315');
INSERT INTO "Profile" ("id", "name", "dob", "age", "gender", "address", "phone", "type", "created_at", "updated_at") VALUES (118, 'Jenny Duncan', '1998-03-26', 53, 'Male', '460 Colon Lane
Meganborough, GU 64492', '990-360-7231x112', 'patient', '2023-03-08T17:49:13.416468', '2023-04-30T03:58:44.912474');
INSERT INTO "Account" ("id", "profile_id", "username", "email", "password", "role", "created_at", "updated_at") VALUES (118, 118, 'stephanie64', 'justin94@example.org', '11f964bc4ff10a839fb3873efde7d9c10296ad4e9a2e71fb4615872360382322', 'patient', '2023-05-24T17:54:03.406659', '2023-11-19T08:35:54.270749');
INSERT INTO "Profile" ("id", "name", "dob", "age", "gender", "address", "phone", "type", "created_at", "updated_at") VALUES (119, 'Brandon Mathis', '1956-06-19', 55, 'Female', '7113 Marissa Ferry
Port Heatherland, IA 57641', '+1-257-427-9083x350', 'patient', '2023-05-05T06:00:42.090202', '2023-12-12T22:49:12.673075');
INSERT INTO "Account" ("id", "profile_id", "username", "email", "password", "role", "created_at", "updated_at") VALUES (119, 119, 'michaelgonzalez', 'myerseric@example.com', 'cb876f28f208032e10d33d31ccce7da0d37cf5908bac3628c2df17dd7184a47a', 'patient', '2023-03-23T23:39:29.452476', '2023-08-17T07:20:17.732381');
INSERT INTO "Profile" ("id", "name", "dob", "age", "gender", "address", "phone", "type", "created_at", "updated_at") VALUES (120, 'Nathan Johnson', '1971-07-28', 60, 'Male', '228 Brown Spur Apt. 688
New Jennifermouth, MN 05538', '(313)506-0906', 'patient', '2023-10-05T10:22:18.196154', '2023-01-13T19:27:55.614058');
INSERT INTO "Account" ("id", "profile_id", "username", "email", "password", "role", "created_at", "updated_at") VALUES (120, 120, 'smithmadison', 'ppineda@example.com', '623d5b581d69ae98cb3acdf951e68364eeda54bf37d4e5c6bd905b960a8385a6', 'patient', '2023-08-13T05:48:17.505502', '2023-06-13T16:19:39.629084');
INSERT INTO "Profile" ("id", "name", "dob", "age", "gender", "address", "phone", "type", "created_at", "updated_at") VALUES (121, 'Melanie Salazar', '1965-07-24', 44, 'Female', 'Unit 7727 Box 8532
DPO AA 84006', '001-526-842-5064x2076', 'patient', '2023-02-15T12:12:41.729642', '2023-08-17T01:06:11.532171');
INSERT INTO "Account" ("id", "profile_id", "username", "email", "password", "role", "created_at", "updated_at") VALUES (121, 121, 'sherifisher', 'cmurray@example.com', '1062dc29601c274e260d00d2fba177d43633355b3e4c05af0056cfc331bb4915', 'patient', '2023-06-18T17:17:09.101588', '2023-05-03T23:01:56.777802');
INSERT INTO "Profile" ("id", "name", "dob", "age", "gender", "address", "phone", "type", "created_at", "updated_at") VALUES (122, 'Brandi Moreno', '1959-04-25', 73, 'Female', '957 Brooks Inlet
South Donald, CT 71650', '+1-874-496-0335x8268', 'patient', '2023-12-10T07:47:20.083351', '2023-01-09T16:13:33.669308');
INSERT INTO "Account" ("id", "profile_id", "username", "email", "password", "role", "created_at", "updated_at") VALUES (122, 122, 'paulestrada', 'tonya92@example.net', '433acb14d577d15212c8f8da952c2b27050a3749657df79f8b2ae84caebbcfc4', 'patient', '2023-10-12T14:19:10.042501', '2023-03-14T00:03:57.497066');
INSERT INTO "Profile" ("id", "name", "dob", "age", "gender", "address", "phone", "type", "created_at", "updated_at") VALUES (123, 'John Parrish', '1952-01-16', 73, 'Male', 'USNV Bishop
FPO AP 70046', '001-401-511-0005x1553', 'patient', '2023-04-22T22:51:36.950202', '2023-01-25T00:46:39.590277');
INSERT INTO "Account" ("id", "profile_id", "username", "email", "password", "role", "created_at", "updated_at") VALUES (123, 123, 'brandy77', 'jane44@example.org', 'a0e9807b56ae401689ccc6ab56abdef2cf1362370e37a854d2d903d114bbe586', 'patient', '2023-02-28T04:07:16.211234', '2023-11-17T12:35:01.621485');
INSERT INTO "Profile" ("id", "name", "dob", "age", "gender", "address", "phone", "type", "created_at", "updated_at") VALUES (124, 'Bryan Kent', '1969-08-17', 79, 'Female', '431 Regina Court Apt. 267
Woodstown, OR 90694', '(779)392-7079x551', 'patient', '2023-03-06T12:19:44.644466', '2023-08-16T03:32:08.448997');
INSERT INTO "Account" ("id", "profile_id", "username", "email", "password", "role", "created_at", "updated_at") VALUES (124, 124, 'hrangel', 'suzanneflores@example.net', '30afa7e00f2c119fba542b56f1f5211862b28540d73e3b2b99836d998612da59', 'patient', '2023-10-14T07:32:20.043651', '2023-05-10T02:45:45.798026');
INSERT INTO "Profile" ("id", "name", "dob", "age", "gender", "address", "phone", "type", "created_at", "updated_at") VALUES (125, 'Mrs. Lisa Garza', '2006-04-18', 56, 'Female', '84807 Bullock Center Apt. 447
Morganview, WA 86575', '515.980.2909x046', 'patient', '2023-05-19T07:49:40.545358', '2023-01-14T02:20:55.921681');
INSERT INTO "Account" ("id", "profile_id", "username", "email", "password", "role", "created_at", "updated_at") VALUES (125, 125, 'heidi55', 'vrussell@example.org', '7eaef2159f3253de462410b965d8ce5498d2c0332d6cdd8774ca3fd3d4de11ac', 'patient', '2023-09-19T18:12:25.366928', '2023-07-21T01:36:53.371464');
INSERT INTO "Profile" ("id", "name", "dob", "age", "gender", "address", "phone", "type", "created_at", "updated_at") VALUES (126, 'Derek Gentry DVM', '1949-02-27', 40, 'Male', '102 John Fall Suite 129
Port Christopher, CA 01765', '001-405-591-2975x1910', 'patient', '2023-12-01T03:40:01.090057', '2023-12-04T06:26:42.070274');
INSERT INTO "Account" ("id", "profile_id", "username", "email", "password", "role", "created_at", "updated_at") VALUES (126, 126, 'christopherbean', 'hamiltongina@example.org', 'd10fc4200258dd5ef7b4cb3caf99ce5981f9c5692b60bf5aa24939361468de95', 'patient', '2023-01-29T21:44:34.269353', '2023-04-27T15:03:27.561563');
INSERT INTO "Profile" ("id", "name", "dob", "age", "gender", "address", "phone", "type", "created_at", "updated_at") VALUES (127, 'Karen Gonzalez', '2006-01-21', 54, 'Male', '4907 William Common
East Jose, FM 71541', '001-831-613-2532', 'patient', '2023-08-07T23:10:31.568430', '2023-07-04T10:07:59.903311');
INSERT INTO "Account" ("id", "profile_id", "username", "email", "password", "role", "created_at", "updated_at") VALUES (127, 127, 'jeffery45', 'alyssapena@example.net', '03fef3d61582126ef69fd0fec4608859759fece1b84fb43d6deae5ddcabf2fee', 'patient', '2023-10-02T13:32:21.879866', '2023-01-24T12:48:41.601810');
INSERT INTO "Profile" ("id", "name", "dob", "age", "gender", "address", "phone", "type", "created_at", "updated_at") VALUES (128, 'Gregory Quinn', '1982-11-13', 27, 'Female', '701 Chapman Lake
New Josemouth, NV 47439', '001-775-874-7583x3920', 'patient', '2023-06-19T05:45:28.492555', '2023-06-18T00:53:20.226018');
INSERT INTO "Account" ("id", "profile_id", "username", "email", "password", "role", "created_at", "updated_at") VALUES (128, 128, 'dford', 'vhernandez@example.com', '872b859ddb5e8a671edcbfc8c5cac7bcb9cc9edb0eee71d1020b18254f7f79ae', 'patient', '2023-01-09T21:51:20.559049', '2023-02-20T18:04:41.456162');
INSERT INTO "Profile" ("id", "name", "dob", "age", "gender", "address", "phone", "type", "created_at", "updated_at") VALUES (129, 'William Chen', '1968-12-24', 32, 'Male', '92310 Kennedy Groves
Jamesfort, MO 21251', '784-333-7976x6270', 'patient', '2023-01-25T08:29:29.431534', '2023-04-28T16:11:45.324621');
INSERT INTO "Account" ("id", "profile_id", "username", "email", "password", "role", "created_at", "updated_at") VALUES (129, 129, 'jfranklin', 'aprilsnyder@example.org', '43018b9e54726c022584478b5f7621d412b4b60ded3d830a344a810a37d36306', 'patient', '2023-01-05T17:17:05.633144', '2023-04-23T02:45:18.242800');
INSERT INTO "Profile" ("id", "name", "dob", "age", "gender", "address", "phone", "type", "created_at", "updated_at") VALUES (130, 'Mark Sutton', '1970-11-04', 40, 'Female', '455 Mike Mountains
North Sergiochester, IA 27954', '535-574-8595x32593', 'patient', '2023-06-27T20:18:14.651797', '2023-06-20T23:45:29.540453');
INSERT INTO "Account" ("id", "profile_id", "username", "email", "password", "role", "created_at", "updated_at") VALUES (130, 130, 'edwardsnicole', 'nchristensen@example.com', '2ab66a43cd5f4e25cd8e2ecbc2a7bfc0807bf382100bf39c2976f0bbd1b4f275', 'patient', '2023-06-28T16:51:21.638701', '2023-08-08T08:18:41.932255');
INSERT INTO "Profile" ("id", "name", "dob", "age", "gender", "address", "phone", "type", "created_at", "updated_at") VALUES (131, 'Tina Adams', '1972-02-19', 25, 'Female', '250 Wright Roads Apt. 559
Hoffmanview, MD 64031', '598-833-9914x03884', 'patient', '2023-06-03T23:15:07.997082', '2023-10-25T23:10:19.080266');
INSERT INTO "Account" ("id", "profile_id", "username", "email", "password", "role", "created_at", "updated_at") VALUES (131, 131, 'evansjames', 'anthony61@example.com', 'eb55b01c9c5055fd1d9cc85c773545fe94338e15bb9f783f2a18b530644c76a8', 'patient', '2023-11-28T04:04:14.402232', '2023-02-23T17:33:44.626589');
INSERT INTO "Profile" ("id", "name", "dob", "age", "gender", "address", "phone", "type", "created_at", "updated_at") VALUES (132, 'Kristi Wheeler', '1991-08-07', 54, 'Male', '4397 Martin Crossroad Suite 010
Angelastad, FL 41823', '001-268-206-5625x9045', 'patient', '2023-09-21T02:10:37.212022', '2023-09-17T18:34:11.199817');
INSERT INTO "Account" ("id", "profile_id", "username", "email", "password", "role", "created_at", "updated_at") VALUES (132, 132, 'ebrown', 'edwardmills@example.net', '12ec2e9ab9bd6ef3fa774c9a1f2e02362ec2f30e221f238323ffed733ded8821', 'patient', '2023-10-02T16:42:21.486482', '2023-12-20T22:10:57.279811');
INSERT INTO "Profile" ("id", "name", "dob", "age", "gender", "address", "phone", "type", "created_at", "updated_at") VALUES (133, 'Jason Potter', '1974-11-03', 69, 'Female', '628 Lisa Mission Apt. 143
North Deanna, OH 03676', '7377003322', 'patient', '2023-05-22T01:25:14.608135', '2023-08-19T21:30:43.576225');
INSERT INTO "Account" ("id", "profile_id", "username", "email", "password", "role", "created_at", "updated_at") VALUES (133, 133, 'wsmith', 'travis68@example.org', 'bcf4f3205e116776723af538550b92bccc16de89e47eb50ae0fac7fd799c503b', 'patient', '2023-08-03T15:20:43.540617', '2023-03-18T00:23:47.829256');
INSERT INTO "Profile" ("id", "name", "dob", "age", "gender", "address", "phone", "type", "created_at", "updated_at") VALUES (134, 'Adrienne Miles', '1980-06-15', 72, 'Male', '3280 Baker Landing
Mooreborough, WV 80142', '853-554-6147x079', 'patient', '2023-03-09T06:41:33.641366', '2023-01-16T03:56:33.110082');
INSERT INTO "Account" ("id", "profile_id", "username", "email", "password", "role", "created_at", "updated_at") VALUES (134, 134, 'newtonmorgan', 'kathleenfitzgerald@example.com', 'f12b909458751b603398049dc02e8d579e635dfdc7b7a9e7491b673738cf8995', 'patient', '2023-09-03T09:51:59.489349', '2023-11-19T17:47:35.572380');
INSERT INTO "Profile" ("id", "name", "dob", "age", "gender", "address", "phone", "type", "created_at", "updated_at") VALUES (135, 'Heather Brown', '1983-04-06', 56, 'Female', '80403 Michelle Ford Suite 657
Guzmanburgh, PW 64946', '689.243.1910x0900', 'patient', '2023-04-21T10:54:32.603561', '2023-05-19T20:05:35.233167');
INSERT INTO "Account" ("id", "profile_id", "username", "email", "password", "role", "created_at", "updated_at") VALUES (135, 135, 'coltonrichardson', 'tashaharmon@example.com', '211eec254a78a8e3a3b36d68958d78ba2797f0918524d35af418e3ea5a1a81da', 'patient', '2023-06-01T23:10:00.102802', '2023-01-09T03:38:19.095333');
INSERT INTO "Profile" ("id", "name", "dob", "age", "gender", "address", "phone", "type", "created_at", "updated_at") VALUES (136, 'Stephanie Turner', '1960-05-14', 19, 'Male', 'USNS Martinez
FPO AP 98052', '+1-907-320-1137x98440', 'patient', '2023-09-24T05:48:27.436348', '2023-02-25T19:11:01.886637');
INSERT INTO "Account" ("id", "profile_id", "username", "email", "password", "role", "created_at", "updated_at") VALUES (136, 136, 'sandersnicholas', 'jimenezmaria@example.com', '45f1d1bfdd3e271a6a5b88599808dcf022ae257395b5ef8c31404bf6d9c4ee1f', 'patient', '2023-01-05T19:55:06.744394', '2023-11-23T15:45:26.197261');
INSERT INTO "Profile" ("id", "name", "dob", "age", "gender", "address", "phone", "type", "created_at", "updated_at") VALUES (137, 'Tina Walter', '1988-07-16', 35, 'Female', '0433 Patrick Run
Port Annachester, OH 92637', '730.445.1957x7825', 'patient', '2023-04-27T17:44:00.156877', '2023-08-21T17:02:55.382715');
INSERT INTO "Account" ("id", "profile_id", "username", "email", "password", "role", "created_at", "updated_at") VALUES (137, 137, 'zthompson', 'taylor54@example.org', 'ddcc3045bf74ee67b1ca12526bf3e2ed78b569b4ec169023060804bae1745619', 'patient', '2023-10-01T14:29:42.074960', '2023-06-30T00:02:43.019487');
INSERT INTO "Profile" ("id", "name", "dob", "age", "gender", "address", "phone", "type", "created_at", "updated_at") VALUES (138, 'Heather Reynolds', '1981-10-02', 76, 'Female', '7782 Matthew Wall Apt. 958
Port Lauren, DC 27477', '001-661-461-8808x190', 'patient', '2023-09-27T06:07:03.367520', '2023-09-06T23:31:02.589251');
INSERT INTO "Account" ("id", "profile_id", "username", "email", "password", "role", "created_at", "updated_at") VALUES (138, 138, 'tracy55', 'zmills@example.org', '5e5d6316dcb82fad8a92fa9e65622badbe5a788436b034bea0e21d2d198ba006', 'patient', '2023-09-30T22:28:57.679525', '2023-09-08T08:37:44.505539');
INSERT INTO "Profile" ("id", "name", "dob", "age", "gender", "address", "phone", "type", "created_at", "updated_at") VALUES (139, 'Courtney Schneider MD', '1987-07-15', 40, 'Male', '172 Heather Inlet
Port Richard, GU 27927', '+1-413-300-0413', 'patient', '2023-01-25T09:30:10.331601', '2023-06-14T17:54:28.869175');
INSERT INTO "Account" ("id", "profile_id", "username", "email", "password", "role", "created_at", "updated_at") VALUES (139, 139, 'hendersonmichael', 'msmith@example.com', '415918e0808b05c72f13834d3a517b8f857ac49abbc81311935c436de60182d3', 'patient', '2023-05-17T11:15:56.241337', '2023-04-21T13:52:47.331780');
INSERT INTO "Profile" ("id", "name", "dob", "age", "gender", "address", "phone", "type", "created_at", "updated_at") VALUES (140, 'Tamara Reid', '1981-03-13', 29, 'Male', '5504 Callahan Lights
South Haleystad, TX 64766', '3605717481', 'patient', '2023-09-21T15:17:53.359762', '2023-09-18T11:33:20.759134');
INSERT INTO "Account" ("id", "profile_id", "username", "email", "password", "role", "created_at", "updated_at") VALUES (140, 140, 'gibsonkaitlyn', 'cassandraharrison@example.com', '9689043969ca0da36a6ef7d32f6b9c65c48ecd986d876de8ee1960d0d7cd0a7d', 'patient', '2023-10-10T21:18:09.750369', '2023-11-08T02:09:15.125579');
INSERT INTO "Profile" ("id", "name", "dob", "age", "gender", "address", "phone", "type", "created_at", "updated_at") VALUES (141, 'Jason Smith', '1951-11-27', 54, 'Female', '718 Steven Square
Solisside, SD 95440', '4492187274', 'patient', '2023-04-16T15:56:39.254985', '2023-05-01T15:14:48.187550');
INSERT INTO "Account" ("id", "profile_id", "username", "email", "password", "role", "created_at", "updated_at") VALUES (141, 141, 'mcdanieltanya', 'gonzaleztodd@example.org', '61c716ca757835161078a1c76ab96425b982dde4ba09b73516dae0d1ee56f408', 'patient', '2023-09-29T00:13:15.005256', '2023-08-27T00:13:18.244437');
INSERT INTO "Profile" ("id", "name", "dob", "age", "gender", "address", "phone", "type", "created_at", "updated_at") VALUES (142, 'James Turner', '1957-11-22', 22, 'Male', '71122 Joy Rapids Apt. 775
Smithhaven, MH 91440', '(381)667-0468x611', 'patient', '2023-11-16T12:17:42.145315', '2023-08-30T22:50:21.888802');
INSERT INTO "Account" ("id", "profile_id", "username", "email", "password", "role", "created_at", "updated_at") VALUES (142, 142, 'pmorales', 'davidmartin@example.net', 'b8385fb7969fe6a3838f31f08aed2f243a09e3e941777519a63ce59d6c4daff2', 'patient', '2023-03-13T12:46:22.494266', '2023-08-29T04:33:14.915528');
INSERT INTO "Profile" ("id", "name", "dob", "age", "gender", "address", "phone", "type", "created_at", "updated_at") VALUES (143, 'Kristin Woods', '2004-12-24', 65, 'Male', '80332 Anderson Squares Suite 050
North Aliciaview, OR 70037', '9429537337', 'patient', '2023-03-19T22:34:26.656242', '2023-03-04T18:14:36.233384');
INSERT INTO "Account" ("id", "profile_id", "username", "email", "password", "role", "created_at", "updated_at") VALUES (143, 143, 'thomasdavid', 'michellejones@example.net', 'a7c4ce5397361beb0aefed5f6db4cfaaa5f8aa5e4fd28c9db656e309ea8ef02b', 'patient', '2023-01-27T10:08:49.437642', '2023-03-01T23:06:18.113751');
INSERT INTO "Profile" ("id", "name", "dob", "age", "gender", "address", "phone", "type", "created_at", "updated_at") VALUES (144, 'Jennifer Garrett', '2002-11-20', 23, 'Male', '60560 Emily Landing Suite 793
South Christina, WY 67288', '(323)498-4716x90618', 'patient', '2023-10-09T08:12:44.217655', '2023-01-15T12:59:25.859882');
INSERT INTO "Account" ("id", "profile_id", "username", "email", "password", "role", "created_at", "updated_at") VALUES (144, 144, 'phillip75', 'mary95@example.com', 'bbee07d85daa3ef2dddc11242f39cdaba07544766e70b97d6376ea6ca325c4ce', 'patient', '2023-06-21T01:09:00.805970', '2023-06-27T13:18:42.085536');
INSERT INTO "Profile" ("id", "name", "dob", "age", "gender", "address", "phone", "type", "created_at", "updated_at") VALUES (145, 'Sara Lawrence', '1979-02-09', 42, 'Female', '5175 John Grove
Nancyhaven, IN 41533', '539-435-4358x64496', 'patient', '2023-10-20T00:24:26.208903', '2023-09-08T13:16:11.724878');
INSERT INTO "Account" ("id", "profile_id", "username", "email", "password", "role", "created_at", "updated_at") VALUES (145, 145, 'gloriaward', 'james79@example.net', '6d21db09e37aaaed4000979d0aff1267f69df8ceff5eb0cf6e91371f0c5ab260', 'patient', '2023-09-21T18:02:30.531843', '2023-11-15T22:00:30.878937');
INSERT INTO "Profile" ("id", "name", "dob", "age", "gender", "address", "phone", "type", "created_at", "updated_at") VALUES (146, 'Christine Tyler', '1996-02-18', 47, 'Female', '3674 Medina Drive Suite 914
South Lisafurt, AL 09223', '847.578.9489', 'patient', '2023-04-07T17:09:56.614198', '2023-12-24T07:03:44.083984');
INSERT INTO "Account" ("id", "profile_id", "username", "email", "password", "role", "created_at", "updated_at") VALUES (146, 146, 'elarson', 'hhughes@example.org', '97f9ae65840c4e96e805c79478a451f2d771ebf81b9757d34bb8af865b74a3d1', 'patient', '2023-05-12T12:37:19.110243', '2023-10-19T16:09:17.813141');
INSERT INTO "Profile" ("id", "name", "dob", "age", "gender", "address", "phone", "type", "created_at", "updated_at") VALUES (147, 'Ryan Ramirez', '1978-05-16', 28, 'Female', '630 Alejandro Junction
Justinbury, IN 29394', '+1-599-448-5320x895', 'patient', '2023-10-21T06:41:06.902585', '2023-10-28T08:14:34.188681');
INSERT INTO "Account" ("id", "profile_id", "username", "email", "password", "role", "created_at", "updated_at") VALUES (147, 147, 'ambersmith', 'christopheryang@example.com', '8c8f3e2b625234e8ba6a0c4996f901d2fe9ab01c565f18b5cec453231e228460', 'patient', '2023-02-15T08:11:05.251455', '2023-03-31T14:44:29.905005');
INSERT INTO "Profile" ("id", "name", "dob", "age", "gender", "address", "phone", "type", "created_at", "updated_at") VALUES (148, 'David Lynch', '2000-01-03', 37, 'Female', 'PSC 4103, Box 4699
APO AA 58980', '831.216.7726', 'patient', '2023-07-17T00:29:15.845141', '2023-04-09T21:46:29.150620');
INSERT INTO "Account" ("id", "profile_id", "username", "email", "password", "role", "created_at", "updated_at") VALUES (148, 148, 'hkim', 'marc78@example.net', '0002d28e7c9c75b43530fb732e0b82436e2f5eaabb20c2e388e2e606f221291a', 'patient', '2023-06-10T22:58:02.095747', '2023-03-16T18:58:56.143528');
INSERT INTO "Profile" ("id", "name", "dob", "age", "gender", "address", "phone", "type", "created_at", "updated_at") VALUES (149, 'Billy Hood', '1986-11-11', 67, 'Male', '35564 Jennifer Fort Suite 970
Lake Heidi, NV 93964', '9698556076', 'patient', '2023-02-02T13:31:49.683380', '2023-04-03T19:01:52.252007');
INSERT INTO "Account" ("id", "profile_id", "username", "email", "password", "role", "created_at", "updated_at") VALUES (149, 149, 'josephbuck', 'timothy23@example.net', '5619ad932a5cccf38d2a9af2de32c1aa53863106157b3f518762904b9eacef51', 'patient', '2023-08-07T01:46:59.543220', '2023-10-22T21:24:06.669756');
INSERT INTO "Profile" ("id", "name", "dob", "age", "gender", "address", "phone", "type", "created_at", "updated_at") VALUES (150, 'Veronica Diaz', '1991-09-28', 74, 'Male', '98041 Chavez Hill
Port Ryan, VI 24883', '264.428.1319', 'patient', '2023-04-15T22:05:26.812867', '2023-06-21T04:05:22.932103');
INSERT INTO "Account" ("id", "profile_id", "username", "email", "password", "role", "created_at", "updated_at") VALUES (150, 150, 'pjacobson', 'mortonjames@example.net', 'e9dca5459a4bbd67fe032aea37cfda7998bf709fb9aef64e87e5893c917c8e4a', 'patient', '2023-10-09T07:29:52.922154', '2023-04-08T22:22:10.260761');
INSERT INTO "Profile" ("id", "name", "dob", "age", "gender", "address", "phone", "type", "created_at", "updated_at") VALUES (151, 'Kimberly Maxwell', '1978-09-07', 27, 'Male', '82305 Katie Passage
New Williamton, MO 18189', '(607)922-3959', 'patient', '2023-03-31T11:12:43.228969', '2023-03-05T18:04:00.365313');
INSERT INTO "Account" ("id", "profile_id", "username", "email", "password", "role", "created_at", "updated_at") VALUES (151, 151, 'reevesfernando', 'jonesnicholas@example.org', '77b9a61a4fcdc8e461d81960d2f9f728d6fb71563d3371f106b9c68a06c0ab4b', 'patient', '2023-07-12T12:24:34.929213', '2023-06-28T08:15:36.511486');
INSERT INTO "Profile" ("id", "name", "dob", "age", "gender", "address", "phone", "type", "created_at", "updated_at") VALUES (152, 'Krista Barber', '1999-10-24', 66, 'Male', '964 Jackson Walks Suite 203
New Virginiaport, DE 79720', '(466)645-0573x03627', 'patient', '2023-05-25T06:36:27.725326', '2023-02-21T19:16:00.147118');
INSERT INTO "Account" ("id", "profile_id", "username", "email", "password", "role", "created_at", "updated_at") VALUES (152, 152, 'rebeccaking', 'dowens@example.com', '4e4afb0d0e0c1a615dc9776a7e9d0befbbbb8f0d833bcf3af66e91ecee2c5dae', 'patient', '2023-06-18T15:22:57.829402', '2023-06-01T08:25:44.536951');
INSERT INTO "Profile" ("id", "name", "dob", "age", "gender", "address", "phone", "type", "created_at", "updated_at") VALUES (153, 'Travis Prince', '2001-12-13', 61, 'Male', '7661 Kelly Passage
Williamsfort, CA 46701', '734-282-0128x40083', 'patient', '2023-06-13T04:51:40.450056', '2023-05-02T14:10:53.659052');
INSERT INTO "Account" ("id", "profile_id", "username", "email", "password", "role", "created_at", "updated_at") VALUES (153, 153, 'ureed', 'micheal89@example.org', 'cd63fc28538fa3b7902542824c9b42ff5109ccbb93aa7112102009f538b9a604', 'patient', '2023-10-04T02:11:25.126384', '2023-06-07T18:15:13.791682');
INSERT INTO "Profile" ("id", "name", "dob", "age", "gender", "address", "phone", "type", "created_at", "updated_at") VALUES (154, 'Mary Kelley', '1990-12-31', 35, 'Female', '5742 Kathleen Flat
New Patrickfurt, IN 05991', '4408236936', 'patient', '2023-07-19T03:04:51.477684', '2023-04-03T20:58:18.821399');
INSERT INTO "Account" ("id", "profile_id", "username", "email", "password", "role", "created_at", "updated_at") VALUES (154, 154, 'aaronjones', 'bakertimothy@example.org', '774a8180742d7441d8a469dc83e3a17f015c1795d609d6967f9eb8ea0e418fa6', 'patient', '2023-11-30T02:36:38.875695', '2023-03-02T06:42:57.519158');
INSERT INTO "Profile" ("id", "name", "dob", "age", "gender", "address", "phone", "type", "created_at", "updated_at") VALUES (155, 'Ashley Caldwell', '1994-12-14', 60, 'Female', '4988 Welch Islands Apt. 984
East Lisa, NE 63860', '558-547-6094x412', 'patient', '2023-11-17T14:11:54.296754', '2023-04-01T12:58:31.128989');
INSERT INTO "Account" ("id", "profile_id", "username", "email", "password", "role", "created_at", "updated_at") VALUES (155, 155, 'saraterry', 'robert66@example.net', '349b204be626a3572dea29681800c3aa1d25c2eef1f97b5c5960983ff877ab66', 'patient', '2023-01-30T12:44:40.968934', '2023-03-01T03:07:25.221029');
INSERT INTO "Profile" ("id", "name", "dob", "age", "gender", "address", "phone", "type", "created_at", "updated_at") VALUES (156, 'Dr. Austin Edwards', '1999-11-04', 49, 'Female', '67055 Kyle Oval Suite 693
Jordanbury, LA 32382', '+1-225-429-5961x111', 'patient', '2023-07-16T16:40:34.586614', '2023-06-29T07:46:37.451105');
INSERT INTO "Account" ("id", "profile_id", "username", "email", "password", "role", "created_at", "updated_at") VALUES (156, 156, 'michaellaura', 'victoriasmith@example.org', '4c4751b0408953a4061e8fb822de0866a98f2d92f39fdbc1b74580286d4c4952', 'patient', '2023-04-17T01:52:17.726684', '2023-11-04T01:30:46.861949');
INSERT INTO "Profile" ("id", "name", "dob", "age", "gender", "address", "phone", "type", "created_at", "updated_at") VALUES (157, 'Tamara Graves', '1985-10-11', 44, 'Female', '5109 Vanessa Ridges
Port Sandraburgh, MH 51732', '614.494.9819x4217', 'patient', '2023-08-23T05:18:06.268789', '2023-09-12T18:41:58.779286');
INSERT INTO "Account" ("id", "profile_id", "username", "email", "password", "role", "created_at", "updated_at") VALUES (157, 157, 'crawfordjeffrey', 'antonio52@example.net', 'a16b800c509632171cf27d6ad3b76f04a80702c461ce11b2dde67f378bda48d2', 'patient', '2023-06-14T17:06:49.819169', '2023-12-13T10:05:28.371840');
INSERT INTO "Profile" ("id", "name", "dob", "age", "gender", "address", "phone", "type", "created_at", "updated_at") VALUES (158, 'Matthew Briggs', '1970-02-23', 31, 'Male', 'USNV Wade
FPO AE 32047', '422.301.0912x172', 'patient', '2023-04-13T19:42:13.973674', '2023-05-02T02:42:49.183516');
INSERT INTO "Account" ("id", "profile_id", "username", "email", "password", "role", "created_at", "updated_at") VALUES (158, 158, 'beth76', 'pmartinez@example.net', '2005afebcd41f9d8404cc048570db1324e88ea5beb865ff6c70d87e74691cfd2', 'patient', '2023-07-20T23:19:20.590657', '2023-08-02T21:53:31.524806');
INSERT INTO "Profile" ("id", "name", "dob", "age", "gender", "address", "phone", "type", "created_at", "updated_at") VALUES (159, 'Christine Kennedy', '1945-12-12', 40, 'Female', '1004 Lopez Parks
Barrettfurt, WY 93449', '772-456-5920x24617', 'patient', '2023-01-16T07:08:04.404710', '2023-02-21T02:01:07.862486');
INSERT INTO "Account" ("id", "profile_id", "username", "email", "password", "role", "created_at", "updated_at") VALUES (159, 159, 'mkrueger', 'roberttownsend@example.net', '68514c3f579911588f525617ff9ea9f16a673f36eec6bcc6a2113b989493b83b', 'patient', '2023-05-05T20:07:28.966132', '2023-08-12T19:33:53.457615');
INSERT INTO "Profile" ("id", "name", "dob", "age", "gender", "address", "phone", "type", "created_at", "updated_at") VALUES (160, 'Brian Ingram', '2004-11-17', 25, 'Female', '8486 Ryan Street
South Tamarashire, OH 38537', '+1-970-845-0691', 'patient', '2023-12-05T04:10:00.798123', '2023-11-29T17:37:23.082418');
INSERT INTO "Account" ("id", "profile_id", "username", "email", "password", "role", "created_at", "updated_at") VALUES (160, 160, 'sandradavenport', 'shannonevans@example.net', 'dad82160bb3ee4a8e705b91eaa375b151ca7202bb28578a459c4b83a56c8e6dd', 'patient', '2023-10-25T07:00:28.925497', '2023-09-01T07:25:26.183707');
INSERT INTO "Profile" ("id", "name", "dob", "age", "gender", "address", "phone", "type", "created_at", "updated_at") VALUES (161, 'Jennifer Smith', '1958-04-04', 61, 'Female', '60601 Nichols Plains Suite 084
South Vanessaborough, ND 87177', '+1-541-236-8528', 'patient', '2023-09-07T08:53:39.045857', '2023-01-30T00:03:26.361656');
INSERT INTO "Account" ("id", "profile_id", "username", "email", "password", "role", "created_at", "updated_at") VALUES (161, 161, 'staceysmith', 'sarahsimon@example.org', '619f39efe435a893506d2994314fd2778bfb191189559f95e0152a6cbaab1c4a', 'patient', '2023-09-02T12:56:23.052795', '2023-06-01T06:28:07.870092');
INSERT INTO "Profile" ("id", "name", "dob", "age", "gender", "address", "phone", "type", "created_at", "updated_at") VALUES (162, 'Christina Martin', '1949-12-18', 51, 'Female', 'USNV Cuevas
FPO AP 72417', '+1-311-921-0314x2175', 'patient', '2023-07-05T22:10:14.038181', '2023-06-25T04:07:44.375236');
INSERT INTO "Account" ("id", "profile_id", "username", "email", "password", "role", "created_at", "updated_at") VALUES (162, 162, 'kristen51', 'gregory38@example.com', '0a70e73ee9aa54254ab092c770cbc27585c0f3525bee827e2ee3a6306c07a4a8', 'patient', '2023-11-28T13:47:47.552223', '2023-08-14T19:18:26.821570');
INSERT INTO "Profile" ("id", "name", "dob", "age", "gender", "address", "phone", "type", "created_at", "updated_at") VALUES (163, 'Pamela Gay', '1954-01-15', 20, 'Male', '5056 Garcia Passage
Lewisborough, RI 84057', '991.537.8765x5300', 'patient', '2023-01-02T08:30:47.253971', '2023-05-10T08:57:42.789065');
INSERT INTO "Account" ("id", "profile_id", "username", "email", "password", "role", "created_at", "updated_at") VALUES (163, 163, 'deborah60', 'michelle12@example.org', '24fb0f4629bdbab5d222330aed02513837686b56fc0fdd455ab8092ff32e5248', 'patient', '2023-07-24T08:29:51.892564', '2023-02-12T09:41:26.325237');
INSERT INTO "Profile" ("id", "name", "dob", "age", "gender", "address", "phone", "type", "created_at", "updated_at") VALUES (164, 'Johnny Ferrell', '1989-07-19', 43, 'Male', '534 Carter Walks
North Sheilaberg, UT 34354', '(224)256-1851x7446', 'patient', '2023-12-24T04:14:01.537154', '2023-04-30T07:15:27.268791');
INSERT INTO "Account" ("id", "profile_id", "username", "email", "password", "role", "created_at", "updated_at") VALUES (164, 164, 'kanesarah', 'coxcody@example.com', '956b038d9b37daf5253ec4c0a5b4af4580d3a124ecb5673911f83a8b91816287', 'patient', '2023-04-26T20:46:16.511652', '2023-02-15T00:52:43.569707');
INSERT INTO "Profile" ("id", "name", "dob", "age", "gender", "address", "phone", "type", "created_at", "updated_at") VALUES (165, 'Lauren Miller', '1946-11-28', 18, 'Male', '898 Escobar Shoals
Craigfurt, WV 05840', '261-954-0211x9017', 'patient', '2023-10-22T15:47:49.370202', '2023-05-28T18:43:01.899510');
INSERT INTO "Account" ("id", "profile_id", "username", "email", "password", "role", "created_at", "updated_at") VALUES (165, 165, 'bakerbrittany', 'christopherjackson@example.net', 'da7deed17f38855b3fd5e637914f086b5e74357cf24317c784539a5f5c21fded', 'patient', '2023-09-13T01:17:35.018469', '2023-02-07T19:26:29.506433');
INSERT INTO "Profile" ("id", "name", "dob", "age", "gender", "address", "phone", "type", "created_at", "updated_at") VALUES (166, 'Julie Daniel', '1951-10-18', 37, 'Male', '0849 Travis Freeway
South Jasonfurt, ID 69678', '652-969-6944x3916', 'patient', '2023-01-01T12:41:24.932279', '2023-02-11T17:14:21.290972');
INSERT INTO "Account" ("id", "profile_id", "username", "email", "password", "role", "created_at", "updated_at") VALUES (166, 166, 'julievazquez', 'lisacarpenter@example.net', '2cbf1b5515edc23c4490da683360749e879273dceb4b15cf0f8ca83af7d3c6f0', 'patient', '2023-09-16T19:53:30.177592', '2023-03-26T00:45:17.887539');
INSERT INTO "Profile" ("id", "name", "dob", "age", "gender", "address", "phone", "type", "created_at", "updated_at") VALUES (167, 'Anthony Jones', '1968-09-06', 67, 'Male', 'Unit 4190 Box 3106
DPO AE 45243', '672.921.5566', 'patient', '2023-08-30T09:00:50.412674', '2023-11-09T05:21:30.393479');
INSERT INTO "Account" ("id", "profile_id", "username", "email", "password", "role", "created_at", "updated_at") VALUES (167, 167, 'jamiegomez', 'tracyavery@example.com', '8737ea6698b5cd6f31efb3a91cdefd2bf09553062ab9dbd17e5823706165c935', 'patient', '2023-01-02T02:42:33.808270', '2023-06-18T17:51:24.489125');
INSERT INTO "Profile" ("id", "name", "dob", "age", "gender", "address", "phone", "type", "created_at", "updated_at") VALUES (168, 'Stephen Brown', '1972-09-19', 66, 'Female', '42442 Hammond Mountains Apt. 975
Dawnmouth, ID 90735', '876-542-7372x037', 'patient', '2023-12-26T02:00:13.955164', '2023-07-20T20:03:28.565266');
INSERT INTO "Account" ("id", "profile_id", "username", "email", "password", "role", "created_at", "updated_at") VALUES (168, 168, 'danielgriffith', 'hannah48@example.com', '44337a5e13c0a2c7f17d836d0b6d648baae088d1f722c21e471ee09a8747d71b', 'patient', '2023-01-08T09:20:13.098499', '2023-07-26T10:40:25.170396');
INSERT INTO "Profile" ("id", "name", "dob", "age", "gender", "address", "phone", "type", "created_at", "updated_at") VALUES (169, 'Daisy Campbell', '1994-10-30', 36, 'Female', '780 Susan Islands
Bradleytown, NJ 25852', '(714)364-4936', 'patient', '2023-05-19T06:59:39.657111', '2023-08-16T08:40:24.767230');
INSERT INTO "Account" ("id", "profile_id", "username", "email", "password", "role", "created_at", "updated_at") VALUES (169, 169, 'markhodge', 'thomas38@example.com', '4d35dc05af865100f56c6f296ec942a889dc8be9e56c47b9e4241d322ff1b47e', 'patient', '2023-06-06T19:40:17.049177', '2023-07-24T17:26:04.485299');
INSERT INTO "Profile" ("id", "name", "dob", "age", "gender", "address", "phone", "type", "created_at", "updated_at") VALUES (170, 'Ashley Huang', '1958-05-22', 25, 'Male', '6811 Higgins Forges
East Nathan, AZ 34115', '7965149731', 'patient', '2023-08-11T16:27:28.712620', '2023-02-04T00:54:17.030764');
INSERT INTO "Account" ("id", "profile_id", "username", "email", "password", "role", "created_at", "updated_at") VALUES (170, 170, 'kylie83', 'alvarezjoshua@example.org', 'ee673c3e9a64ca61a4f2c5d5d84736593c0f3f1bd5381b73cd9a46aa7eea00dd', 'patient', '2023-09-11T07:06:37.382291', '2023-01-03T07:31:52.648367');
INSERT INTO "Profile" ("id", "name", "dob", "age", "gender", "address", "phone", "type", "created_at", "updated_at") VALUES (171, 'Ruth Robinson', '1969-10-05', 49, 'Female', '939 Smith Square
Sarahmouth, OH 91719', '(501)290-4322', 'patient', '2023-09-24T14:35:52.166726', '2023-03-13T06:59:54.613134');
INSERT INTO "Account" ("id", "profile_id", "username", "email", "password", "role", "created_at", "updated_at") VALUES (171, 171, 'jamesphillips', 'stanleyjeremiah@example.org', '9ac38c563ba91b310425d8cdf8bb9714ac17873654ebf5ac4147361bf7db1840', 'patient', '2023-09-22T04:05:53.610456', '2023-09-21T13:24:16.908763');
INSERT INTO "Profile" ("id", "name", "dob", "age", "gender", "address", "phone", "type", "created_at", "updated_at") VALUES (172, 'Peter Juarez', '1996-05-28', 29, 'Male', '76025 Amanda Spur
Rodriguezburgh, IL 10097', '(761)963-2488', 'patient', '2023-02-27T07:01:17.634077', '2023-12-29T23:41:36.507656');
INSERT INTO "Account" ("id", "profile_id", "username", "email", "password", "role", "created_at", "updated_at") VALUES (172, 172, 'stephaniecoleman', 'qramirez@example.net', 'a7fc1fc95e3688a5be60aca9bf6ccd80034835bc08ae9f238ba102a6cd1aca23', 'patient', '2023-09-24T23:06:29.361422', '2023-10-08T22:31:41.058018');
INSERT INTO "Profile" ("id", "name", "dob", "age", "gender", "address", "phone", "type", "created_at", "updated_at") VALUES (173, 'Jared Bennett', '1977-07-20', 42, 'Male', 'PSC 9120, Box 3818
APO AA 52222', '+1-392-508-2832x3089', 'patient', '2023-07-16T04:43:45.118536', '2023-01-31T10:02:56.481266');
INSERT INTO "Account" ("id", "profile_id", "username", "email", "password", "role", "created_at", "updated_at") VALUES (173, 173, 'greenmartin', 'mariawilliams@example.com', 'df6c8813e4574ae2e72dd0a1db82a5352e529721f5909a791a1db4058fe495d0', 'patient', '2023-03-16T17:30:14.497783', '2023-10-20T05:52:22.111883');
INSERT INTO "Profile" ("id", "name", "dob", "age", "gender", "address", "phone", "type", "created_at", "updated_at") VALUES (174, 'Mark Holmes', '1983-03-08', 50, 'Female', '572 Haney Junction
North Kathytown, WI 87648', '001-900-715-2911x371', 'patient', '2023-01-21T20:06:53.413792', '2023-08-18T15:04:15.277919');
INSERT INTO "Account" ("id", "profile_id", "username", "email", "password", "role", "created_at", "updated_at") VALUES (174, 174, 'ballvanessa', 'nicholas18@example.net', 'f61d448be297a456c5d7a17cd505eda1f77293bf9374e24284c4dfee2215d887', 'patient', '2023-04-17T08:07:01.051197', '2023-02-27T23:25:17.807765');
INSERT INTO "Profile" ("id", "name", "dob", "age", "gender", "address", "phone", "type", "created_at", "updated_at") VALUES (175, 'Brittany Barnett', '1977-11-02', 22, 'Female', '24890 Gray Canyon
Mcdonaldton, PA 06904', '6434655158', 'patient', '2023-05-28T11:40:54.217916', '2023-07-24T22:22:52.192866');
INSERT INTO "Account" ("id", "profile_id", "username", "email", "password", "role", "created_at", "updated_at") VALUES (175, 175, 'robertsalinas', 'vickiwood@example.org', '4211e865839d707e4be1601988c0822ae1b8abd233a505ccb27b1e17883babf8', 'patient', '2023-10-27T01:18:26.178596', '2023-10-13T18:58:56.041952');
INSERT INTO "Profile" ("id", "name", "dob", "age", "gender", "address", "phone", "type", "created_at", "updated_at") VALUES (176, 'Andrew Klein', '1983-03-12', 73, 'Male', '69987 Buchanan Brook
East Caleb, KY 06659', '664-481-8804', 'patient', '2023-07-19T06:45:53.718789', '2023-06-22T09:44:04.266766');
INSERT INTO "Account" ("id", "profile_id", "username", "email", "password", "role", "created_at", "updated_at") VALUES (176, 176, 'zacharygray', 'allisonbrown@example.com', '6fbbeb0e90c231694f2173958017699bbee6996d65c97cd99e7cb6ebaa9a328b', 'patient', '2023-09-02T23:19:34.267579', '2023-02-21T12:09:08.435941');
INSERT INTO "Profile" ("id", "name", "dob", "age", "gender", "address", "phone", "type", "created_at", "updated_at") VALUES (177, 'Michael Barber', '1976-09-07', 45, 'Male', '4203 Avila Curve Suite 863
West Susanview, CO 61051', '4648625540', 'patient', '2023-10-15T01:43:30.574326', '2023-09-20T11:44:25.284473');
INSERT INTO "Account" ("id", "profile_id", "username", "email", "password", "role", "created_at", "updated_at") VALUES (177, 177, 'matthew24', 'susanpruitt@example.org', '84ad1fa54b82724be217d10187747479b739b8f9abd43218a6d037099d9c6825', 'patient', '2023-06-21T00:27:10.059524', '2023-04-23T00:19:28.765287');
INSERT INTO "Profile" ("id", "name", "dob", "age", "gender", "address", "phone", "type", "created_at", "updated_at") VALUES (178, 'Sharon Palmer', '2004-04-17', 47, 'Male', '15388 Maria Harbor
Jessicaberg, NH 80467', '001-505-604-0433x335', 'patient', '2023-08-02T17:05:38.089670', '2023-11-18T14:05:00.428458');
INSERT INTO "Account" ("id", "profile_id", "username", "email", "password", "role", "created_at", "updated_at") VALUES (178, 178, 'fosterjeffrey', 'lindadavis@example.net', '77f9c419fd2198df195675a3bd545d6b529b5f6c35e9fe23cf832ad6eb6596fd', 'patient', '2023-07-11T12:58:58.493163', '2023-09-20T12:51:18.258296');
INSERT INTO "Profile" ("id", "name", "dob", "age", "gender", "address", "phone", "type", "created_at", "updated_at") VALUES (179, 'Kimberly Obrien', '1956-04-30', 73, 'Female', '3265 Benjamin Lodge
Lake Chaseland, PW 98810', '+1-287-456-1786x880', 'patient', '2023-03-17T23:14:03.286476', '2023-01-10T16:06:32.666175');
INSERT INTO "Account" ("id", "profile_id", "username", "email", "password", "role", "created_at", "updated_at") VALUES (179, 179, 'willismatthew', 'irodriguez@example.net', '91030ee47f8a01c784b391c3890efce2e9c0609dcfae1476a2f2f58b42243854', 'patient', '2023-01-05T18:37:04.997278', '2023-09-08T13:50:00.701809');
INSERT INTO "Profile" ("id", "name", "dob", "age", "gender", "address", "phone", "type", "created_at", "updated_at") VALUES (180, 'Mark Jimenez', '1989-10-05', 54, 'Female', '609 Peter Ridge
Denniston, CA 41294', '+1-911-789-4184x336', 'patient', '2023-11-02T01:20:16.243344', '2023-08-02T12:09:45.664868');
INSERT INTO "Account" ("id", "profile_id", "username", "email", "password", "role", "created_at", "updated_at") VALUES (180, 180, 'ulee', 'shellyobrien@example.net', 'b424a3e62b4ca88a42553d042106c1a7e8430d1c34b05cfb2aec0cd0c4f45f3c', 'patient', '2023-03-29T09:53:01.984122', '2023-04-11T02:34:18.396298');
INSERT INTO "Profile" ("id", "name", "dob", "age", "gender", "address", "phone", "type", "created_at", "updated_at") VALUES (181, 'Billy Scott', '1946-02-11', 54, 'Female', '88605 Kimberly Junction Apt. 766
Burchton, NC 91423', '512-760-0308', 'patient', '2023-05-23T04:11:31.067168', '2023-11-18T23:20:16.643853');
INSERT INTO "Account" ("id", "profile_id", "username", "email", "password", "role", "created_at", "updated_at") VALUES (181, 181, 'meyerskathryn', 'dmoore@example.org', '20aa54699ac1fa0e1bd67413103e518b52a56a681a4e3024af29b9a3c5a628bf', 'patient', '2023-09-29T05:43:44.711130', '2023-02-06T09:07:33.733730');
INSERT INTO "Profile" ("id", "name", "dob", "age", "gender", "address", "phone", "type", "created_at", "updated_at") VALUES (182, 'Daniel Merritt', '1966-03-26', 63, 'Female', '9177 Hines Row
New Jason, NC 35075', '901-434-8087x3543', 'patient', '2023-05-29T07:32:47.457897', '2023-03-19T03:41:20.789978');
INSERT INTO "Account" ("id", "profile_id", "username", "email", "password", "role", "created_at", "updated_at") VALUES (182, 182, 'christina10', 'estradashannon@example.net', '1298cfb97131e1d68c3783708b29e211bf689c3c58705c501798a7d7b2f28955', 'patient', '2023-10-27T07:14:09.453419', '2023-07-04T16:38:30.445859');
INSERT INTO "Profile" ("id", "name", "dob", "age", "gender", "address", "phone", "type", "created_at", "updated_at") VALUES (183, 'Lauren Brown MD', '1979-12-26', 36, 'Male', 'USCGC Braun
FPO AP 22206', '(399)696-9964x8997', 'patient', '2023-02-22T20:18:05.916247', '2023-10-13T04:55:28.975840');
INSERT INTO "Account" ("id", "profile_id", "username", "email", "password", "role", "created_at", "updated_at") VALUES (183, 183, 'kwalsh', 'dylancunningham@example.com', '3cd5a9113938b7e64561d4fc2a4021a90e02f9088a01a4b7faeb7514355c83d6', 'patient', '2023-07-02T03:49:46.997432', '2023-04-23T16:36:25.269472');
INSERT INTO "Profile" ("id", "name", "dob", "age", "gender", "address", "phone", "type", "created_at", "updated_at") VALUES (184, 'Vanessa Lee', '1954-11-06', 43, 'Male', '42669 Ricky Squares
New Thomasfurt, SC 15930', '760.772.3483x893', 'patient', '2023-08-25T16:03:22.460519', '2023-11-24T01:29:14.340106');
INSERT INTO "Account" ("id", "profile_id", "username", "email", "password", "role", "created_at", "updated_at") VALUES (184, 184, 'dianehoffman', 'hufftina@example.org', 'a33df989b0014e1e041efd4aeeda955606184d0bb7642d00c22c656e82c9ac8b', 'patient', '2023-12-16T10:44:21.903397', '2023-11-19T23:18:06.605494');
INSERT INTO "Profile" ("id", "name", "dob", "age", "gender", "address", "phone", "type", "created_at", "updated_at") VALUES (185, 'Charles Neal', '1982-03-31', 79, 'Female', '9582 Guerrero Course
Berrystad, MT 83122', '730-787-6123', 'patient', '2023-12-23T21:25:18.690952', '2023-10-01T03:41:04.757662');
INSERT INTO "Account" ("id", "profile_id", "username", "email", "password", "role", "created_at", "updated_at") VALUES (185, 185, 'megan46', 'johnhogan@example.com', 'b54019742737612b9fe9286c778c4a0b6d8da51abfc5f22142aba9b976448d7e', 'patient', '2023-04-09T23:19:52.021673', '2023-11-24T05:36:38.626963');
INSERT INTO "Profile" ("id", "name", "dob", "age", "gender", "address", "phone", "type", "created_at", "updated_at") VALUES (186, 'Sandra Martin', '1991-03-19', 28, 'Female', '661 Darryl Track Suite 831
Lake Jamesmouth, GU 03841', '3167809414', 'patient', '2023-01-20T18:34:13.448330', '2023-05-29T10:27:45.299212');
INSERT INTO "Account" ("id", "profile_id", "username", "email", "password", "role", "created_at", "updated_at") VALUES (186, 186, 'michelleboyd', 'omay@example.org', 'b61ce854fb703e762dabc2cdce81ecbf0a91f02637c6bd8a69fb80a292d5d861', 'patient', '2023-05-15T02:00:07.913761', '2023-08-21T01:13:30.605952');
INSERT INTO "Profile" ("id", "name", "dob", "age", "gender", "address", "phone", "type", "created_at", "updated_at") VALUES (187, 'Steven Alexander', '1981-07-17', 71, 'Female', '726 Powers Ranch
West Andrew, AS 12568', '001-677-360-2991x4068', 'patient', '2023-12-20T04:30:51.680639', '2023-03-14T05:33:55.018440');
INSERT INTO "Account" ("id", "profile_id", "username", "email", "password", "role", "created_at", "updated_at") VALUES (187, 187, 'ihall', 'michael23@example.com', '66f14a8835aec34121dcb5810d50b9bf3edaa4d7c1db4c24b63aebd62474d9f7', 'patient', '2023-05-27T01:51:51.306391', '2023-06-20T01:23:46.305799');
INSERT INTO "Profile" ("id", "name", "dob", "age", "gender", "address", "phone", "type", "created_at", "updated_at") VALUES (188, 'Julie Harris', '2006-07-28', 23, 'Female', 'PSC 1192, Box 0613
APO AA 31692', '652.677.8956x13371', 'patient', '2023-04-07T07:32:02.396079', '2023-01-18T21:40:23.685431');
INSERT INTO "Account" ("id", "profile_id", "username", "email", "password", "role", "created_at", "updated_at") VALUES (188, 188, 'michellemorris', 'michellecarter@example.org', 'cb4e4a4d9593da7c562f8645931fef25530035ef3f65219f2832750f2ec1d80d', 'patient', '2023-02-04T09:41:38.044430', '2023-04-11T05:49:21.385980');
INSERT INTO "Profile" ("id", "name", "dob", "age", "gender", "address", "phone", "type", "created_at", "updated_at") VALUES (189, 'Cynthia Harris MD', '1950-03-21', 72, 'Male', '77822 Alexis Estates
South Patriciashire, ND 24407', '934-986-2985', 'patient', '2023-03-27T03:02:25.426284', '2023-06-05T01:42:54.381275');
INSERT INTO "Account" ("id", "profile_id", "username", "email", "password", "role", "created_at", "updated_at") VALUES (189, 189, 'nancyryan', 'charlesgregory@example.net', '1a8369995fcff82a12fefb50a4200a7018ebb13bbfb00e5689b01d082f71fba1', 'patient', '2023-05-29T16:00:08.145298', '2023-05-04T04:53:06.141150');
INSERT INTO "Profile" ("id", "name", "dob", "age", "gender", "address", "phone", "type", "created_at", "updated_at") VALUES (190, 'Joanna Rodgers', '1974-11-12', 33, 'Female', '1770 Valencia Parks Apt. 682
West Kathyfurt, ND 19326', '722-235-5216', 'patient', '2023-10-10T22:22:31.923868', '2023-07-16T05:21:18.186289');
INSERT INTO "Account" ("id", "profile_id", "username", "email", "password", "role", "created_at", "updated_at") VALUES (190, 190, 'rgiles', 'richard21@example.net', '51ccafc727f083e34b162a10bbf588bec8555baca3c18693f9c6feebab988bc0', 'patient', '2023-12-08T02:13:05.709195', '2023-01-27T11:34:21.563019');
INSERT INTO "Profile" ("id", "name", "dob", "age", "gender", "address", "phone", "type", "created_at", "updated_at") VALUES (191, 'Erin Sanders', '1972-08-03', 55, 'Female', '984 Russell Rest
Kristatown, GA 17130', '6504938694', 'patient', '2023-04-19T12:31:37.856358', '2023-08-09T10:30:03.308084');
INSERT INTO "Account" ("id", "profile_id", "username", "email", "password", "role", "created_at", "updated_at") VALUES (191, 191, 'hollandjustin', 'ggarrett@example.com', '7d97417f23cfa0c34a04838e58edd972318968ae90bc36dd5a9b83aa11e16fb3', 'patient', '2023-10-01T10:15:34.085278', '2023-01-14T00:44:39.285460');
INSERT INTO "Profile" ("id", "name", "dob", "age", "gender", "address", "phone", "type", "created_at", "updated_at") VALUES (192, 'Anna Mclean', '1958-08-22', 51, 'Male', '7382 Sarah Mission Suite 619
Lake Courtneymouth, NM 80511', '+1-976-482-9968', 'patient', '2023-11-01T16:25:30.596099', '2023-02-17T03:12:10.610898');
INSERT INTO "Account" ("id", "profile_id", "username", "email", "password", "role", "created_at", "updated_at") VALUES (192, 192, 'troybrady', 'erin06@example.net', '8d76e53ad747ae9653639b794abe6a9e69823f1ac0419bbf2d04489f3aaaf587', 'patient', '2023-08-16T13:44:54.898504', '2023-03-28T10:38:22.165017');
INSERT INTO "Profile" ("id", "name", "dob", "age", "gender", "address", "phone", "type", "created_at", "updated_at") VALUES (193, 'Derrick Johnson', '2000-03-08', 43, 'Female', '9579 Anthony Crossing Apt. 482
Melissaview, KS 24428', '667.896.3259x42328', 'patient', '2023-10-30T05:34:26.091030', '2023-03-22T21:06:51.541412');
INSERT INTO "Account" ("id", "profile_id", "username", "email", "password", "role", "created_at", "updated_at") VALUES (193, 193, 'amyvalenzuela', 'petersonfrank@example.org', '5a792e297d6a076a9d06f47c515018526ab1cfd706b605f5021675e9b3730983', 'patient', '2023-11-30T10:09:03.265782', '2023-03-09T22:09:11.710670');
INSERT INTO "Profile" ("id", "name", "dob", "age", "gender", "address", "phone", "type", "created_at", "updated_at") VALUES (194, 'Miranda Randolph', '1955-01-09', 65, 'Female', 'USCGC Jackson
FPO AP 23026', '(893)735-8951x3818', 'patient', '2023-05-14T03:39:56.332745', '2023-12-13T09:25:31.098727');
INSERT INTO "Account" ("id", "profile_id", "username", "email", "password", "role", "created_at", "updated_at") VALUES (194, 194, 'ystone', 'alexis57@example.net', 'b76fcbc16c13523e09ebf5b680e301e08c4246e319ce7da2cbdd5d4e11f3e645', 'patient', '2023-04-06T06:16:20.767715', '2023-01-03T18:24:50.175252');
INSERT INTO "Profile" ("id", "name", "dob", "age", "gender", "address", "phone", "type", "created_at", "updated_at") VALUES (195, 'Marcus Rich', '2000-02-17', 32, 'Female', '79720 Adrienne Squares
Brandiview, WY 05441', '353-764-1547', 'patient', '2023-10-29T05:54:28.254502', '2023-03-15T15:16:05.679593');
INSERT INTO "Account" ("id", "profile_id", "username", "email", "password", "role", "created_at", "updated_at") VALUES (195, 195, 'jessicadiaz', 'lisaalvarez@example.net', '8f5e9be8dacf6e2cf638441ab756ec840fb34a20ba4903a01821812639475da3', 'patient', '2023-10-18T18:20:57.943468', '2023-06-12T19:50:50.823048');
INSERT INTO "Profile" ("id", "name", "dob", "age", "gender", "address", "phone", "type", "created_at", "updated_at") VALUES (196, 'Alan Oliver', '2003-11-03', 67, 'Male', '1052 Reyes Pines
Lake Brittanyfort, OH 08383', '+1-827-404-5238x885', 'patient', '2023-11-21T00:39:30.128082', '2023-12-07T09:40:47.472668');
INSERT INTO "Account" ("id", "profile_id", "username", "email", "password", "role", "created_at", "updated_at") VALUES (196, 196, 'ubutler', 'csparks@example.net', 'ea387e2da5c633ee198803a68b1c29b8bd6b98caf21e3cdeb9bb0ae5494cbdd1', 'patient', '2023-04-19T17:00:28.521956', '2023-03-03T00:03:54.036026');
INSERT INTO "Profile" ("id", "name", "dob", "age", "gender", "address", "phone", "type", "created_at", "updated_at") VALUES (197, 'George Rogers DDS', '1985-12-25', 22, 'Male', '965 Cobb Ville Suite 282
Susanville, CO 91357', '(550)420-0024x53931', 'patient', '2023-08-22T22:11:41.134176', '2023-10-28T14:20:28.241514');
INSERT INTO "Account" ("id", "profile_id", "username", "email", "password", "role", "created_at", "updated_at") VALUES (197, 197, 'lloydmiranda', 'clarkmario@example.com', 'd707ac6e72db641a82bedfd411fa8497583b3156fcc8f745b40382d27b07237f', 'patient', '2023-03-16T06:56:28.821250', '2023-08-19T09:55:58.385935');
INSERT INTO "Profile" ("id", "name", "dob", "age", "gender", "address", "phone", "type", "created_at", "updated_at") VALUES (198, 'Catherine Garcia', '1962-12-03', 51, 'Male', '9972 Mccarty Spurs Apt. 677
Dawnberg, WA 01335', '(558)425-4318', 'patient', '2023-09-15T13:17:41.256413', '2023-10-22T00:19:18.784560');
INSERT INTO "Account" ("id", "profile_id", "username", "email", "password", "role", "created_at", "updated_at") VALUES (198, 198, 'mclaughlinjames', 'martinezcatherine@example.net', 'b67f438337714f2b0a83c93f7f07e8b93d98414a1c751578fdc7008a119cd5c7', 'patient', '2023-04-21T23:20:22.186407', '2023-02-03T16:59:21.470692');
INSERT INTO "Profile" ("id", "name", "dob", "age", "gender", "address", "phone", "type", "created_at", "updated_at") VALUES (199, 'Adam Davis', '1959-03-27', 75, 'Female', '87508 Katie Lodge
Lake Stephenburgh, MH 46387', '775.445.8472x6290', 'patient', '2023-08-14T04:11:24.709712', '2023-07-05T23:28:06.497455');
INSERT INTO "Account" ("id", "profile_id", "username", "email", "password", "role", "created_at", "updated_at") VALUES (199, 199, 'qreyes', 'jessicalong@example.net', 'b9dbda6b7314b880711643551b70024c8525e0597c492c0e00e11ed7a0c86add', 'patient', '2023-09-19T10:58:24.502195', '2023-12-16T13:37:21.645253');
INSERT INTO "Profile" ("id", "name", "dob", "age", "gender", "address", "phone", "type", "created_at", "updated_at") VALUES (200, 'Casey Bryant', '1957-05-13', 40, 'Male', '920 White Drives
Lake Robert, GA 13714', '001-765-591-4388x2325', 'patient', '2023-10-15T07:46:34.945638', '2023-11-08T11:23:10.628990');
INSERT INTO "Account" ("id", "profile_id", "username", "email", "password", "role", "created_at", "updated_at") VALUES (200, 200, 'lukecase', 'robert77@example.net', '22aff360dc7ce7e9b5f86e03478b80ed1dcbda445e1995ae163dc121d8eda0a8', 'patient', '2023-06-29T11:44:13.888965', '2023-02-28T19:24:10.489411');
INSERT INTO "Profile" ("id", "name", "dob", "age", "gender", "address", "phone", "type", "created_at", "updated_at") VALUES (201, 'David Smith', '1964-10-09', 33, 'Male', '127 Smith Ports Apt. 712
West Johnmouth, WV 69575', '313.475.2988x3220', 'patient', '2023-10-16T17:41:20.316744', '2023-05-25T13:20:32.699552');
INSERT INTO "Account" ("id", "profile_id", "username", "email", "password", "role", "created_at", "updated_at") VALUES (201, 201, 'kelleyglen', 'bakerangela@example.net', '3c5a58d4c4a76af772f330f2b39c09572180dd8cd772d495f0bccd10bcef4628', 'patient', '2023-09-07T17:01:23.100034', '2023-06-19T11:29:57.110582');
INSERT INTO "Profile" ("id", "name", "dob", "age", "gender", "address", "phone", "type", "created_at", "updated_at") VALUES (202, 'Sharon Gonzales', '1986-11-19', 27, 'Female', '852 Dana Lock Apt. 030
Tiffanybury, MS 85095', '599-351-7152', 'patient', '2023-01-09T07:32:07.110659', '2023-02-24T07:32:43.864101');
INSERT INTO "Account" ("id", "profile_id", "username", "email", "password", "role", "created_at", "updated_at") VALUES (202, 202, 'kimberlyblair', 'elizabeth14@example.org', '8621f6b206e43ce47059856b2522ab058f57b0893fbecf075ebc3046de98b6ba', 'patient', '2023-08-26T23:12:03.898537', '2023-09-25T12:16:46.777331');
INSERT INTO "Profile" ("id", "name", "dob", "age", "gender", "address", "phone", "type", "created_at", "updated_at") VALUES (203, 'Logan Gonzalez', '1944-02-16', 30, 'Male', '39719 Dustin Causeway Apt. 213
North Michelle, UT 60839', '(272)301-9111x66122', 'patient', '2023-08-13T18:32:58.411116', '2023-01-12T14:49:48.182452');
INSERT INTO "Account" ("id", "profile_id", "username", "email", "password", "role", "created_at", "updated_at") VALUES (203, 203, 'jenniferstanley', 'mrandolph@example.net', 'fe3fe60b0e1374253aed2014c352514a2beae617af09e1604a0766c07556a32f', 'patient', '2023-03-19T22:17:00.412823', '2023-04-17T20:59:46.989033');
INSERT INTO "Profile" ("id", "name", "dob", "age", "gender", "address", "phone", "type", "created_at", "updated_at") VALUES (204, 'James Clark', '1944-08-29', 56, 'Male', '124 Craig Haven Apt. 868
West Michelle, OK 87653', '222-594-6209x35561', 'patient', '2023-09-18T12:07:20.035124', '2023-07-27T01:38:56.686217');
INSERT INTO "Account" ("id", "profile_id", "username", "email", "password", "role", "created_at", "updated_at") VALUES (204, 204, 'david97', 'frankjeremy@example.com', 'c42ba1a1e0be48c5d991bc22b6771c639011ca0bab67a47110f18fd82fc5d0ad', 'patient', '2023-04-11T06:26:07.700166', '2023-06-04T06:51:34.176837');
INSERT INTO "Profile" ("id", "name", "dob", "age", "gender", "address", "phone", "type", "created_at", "updated_at") VALUES (205, 'Gabriel Richardson', '1963-02-26', 66, 'Male', 'PSC 3041, Box 2027
APO AE 55873', '259-427-3874', 'patient', '2023-08-07T01:26:51.421483', '2023-01-23T09:25:34.125684');
INSERT INTO "Account" ("id", "profile_id", "username", "email", "password", "role", "created_at", "updated_at") VALUES (205, 205, 'reynoldsmichelle', 'gutierrezdavid@example.com', '90021cfdd213c42dbb95a8d7b6f24e2a2c624cbae0d1ad8b66588f5a01f46838', 'patient', '2023-12-11T00:51:06.127973', '2023-02-08T23:05:55.046773');
INSERT INTO "Profile" ("id", "name", "dob", "age", "gender", "address", "phone", "type", "created_at", "updated_at") VALUES (206, 'Troy Moore', '1999-03-03', 29, 'Female', '40301 Christina Lodge
Elliottmouth, MN 55969', '991-357-9554x6234', 'patient', '2023-02-19T19:36:05.914626', '2023-10-22T20:55:37.568851');
INSERT INTO "Account" ("id", "profile_id", "username", "email", "password", "role", "created_at", "updated_at") VALUES (206, 206, 'hhamilton', 'peterskayla@example.net', 'd8b89146fbd5eb86602b004d8c967b741867dcf8448ce854079fed2758c2130a', 'patient', '2023-03-17T10:16:08.873355', '2023-10-21T10:03:40.249985');
INSERT INTO "Profile" ("id", "name", "dob", "age", "gender", "address", "phone", "type", "created_at", "updated_at") VALUES (207, 'Jennifer Hall', '1972-02-15', 47, 'Female', '2680 Zachary Valleys
Sethberg, OR 04496', '001-215-907-1380x6713', 'patient', '2023-09-17T09:27:33.294384', '2023-05-01T21:34:07.860798');
INSERT INTO "Account" ("id", "profile_id", "username", "email", "password", "role", "created_at", "updated_at") VALUES (207, 207, 'hesskeith', 'travis36@example.org', '85318e52c537e2c34db2486a06cb847b6b724a0604587efdabce8f6c3a1c25e6', 'patient', '2023-03-13T13:05:31.724254', '2023-01-07T08:15:54.241803');
INSERT INTO "Profile" ("id", "name", "dob", "age", "gender", "address", "phone", "type", "created_at", "updated_at") VALUES (208, 'Gregory Villarreal', '1986-06-05', 61, 'Female', '470 David Avenue Suite 339
Mooremouth, KS 57841', '(262)615-9183x2700', 'patient', '2023-05-27T16:28:16.271245', '2023-06-04T21:43:23.257953');
INSERT INTO "Account" ("id", "profile_id", "username", "email", "password", "role", "created_at", "updated_at") VALUES (208, 208, 'tammy90', 'popebrent@example.net', '8c0aca2a4f826f6122caa48f9e9bed4a4d2cd035e87f99cdf4c202fd3dbf50f4', 'patient', '2023-06-20T02:50:41.652437', '2023-11-29T16:05:13.971991');
INSERT INTO "Profile" ("id", "name", "dob", "age", "gender", "address", "phone", "type", "created_at", "updated_at") VALUES (209, 'Paul Baker', '1958-09-06', 73, 'Female', '949 Leslie Shores
West Kristenton, KS 80528', '+1-380-594-9769x873', 'patient', '2023-06-18T14:55:56.692449', '2023-06-09T19:15:19.913619');
INSERT INTO "Account" ("id", "profile_id", "username", "email", "password", "role", "created_at", "updated_at") VALUES (209, 209, 'cervantespatrick', 'curtis61@example.org', 'a571350828e01a661b3d3b37155f4d34a130dcb488d6fc7bf88533473db547cd', 'patient', '2023-04-15T08:13:06.056367', '2023-01-18T20:58:26.587381');
INSERT INTO "Profile" ("id", "name", "dob", "age", "gender", "address", "phone", "type", "created_at", "updated_at") VALUES (210, 'Derek Hall', '1954-10-16', 27, 'Female', '89949 Wendy Mission
North Jenniferview, GA 56965', '+1-420-237-0878x21160', 'patient', '2023-08-18T14:53:02.330092', '2023-08-29T09:36:17.888816');
INSERT INTO "Account" ("id", "profile_id", "username", "email", "password", "role", "created_at", "updated_at") VALUES (210, 210, 'cody81', 'mikemiles@example.net', '96542f07202a3108a6829f325f9c34a913ab74993b8fa2ec4c63c3d8337fc180', 'patient', '2023-08-05T18:03:37.268987', '2023-11-19T02:55:54.121773');
INSERT INTO "Profile" ("id", "name", "dob", "age", "gender", "address", "phone", "type", "created_at", "updated_at") VALUES (211, 'Joan Thomas', '1950-11-14', 22, 'Female', 'Unit 0889 Box 4801
DPO AP 52798', '948-722-1758x839', 'patient', '2023-06-09T07:27:58.695123', '2023-01-05T04:45:40.451295');
INSERT INTO "Account" ("id", "profile_id", "username", "email", "password", "role", "created_at", "updated_at") VALUES (211, 211, 'bryanjohnson', 'barnesluke@example.net', '26b3efdb51726ac5feafd3c026602f559eccb399690ff8b8b9b7b2224cea8ca1', 'patient', '2023-11-03T16:53:20.883946', '2023-11-03T12:44:58.275295');
INSERT INTO "Profile" ("id", "name", "dob", "age", "gender", "address", "phone", "type", "created_at", "updated_at") VALUES (212, 'Bradley Larson', '1949-07-31', 46, 'Female', '87942 Castro Parkways
South Jessica, MO 76338', '+1-770-840-9531x41961', 'patient', '2023-01-17T00:34:08.908103', '2023-11-24T10:47:30.910653');
INSERT INTO "Account" ("id", "profile_id", "username", "email", "password", "role", "created_at", "updated_at") VALUES (212, 212, 'gregorymitchell', 'mathewbennett@example.org', '342fafa4caccade5fa1655989310379a43d5a389be5d83b8665887a6130526ef', 'patient', '2023-06-17T12:39:08.074970', '2023-10-18T10:08:29.401278');
INSERT INTO "Profile" ("id", "name", "dob", "age", "gender", "address", "phone", "type", "created_at", "updated_at") VALUES (213, 'Meagan Sanders', '1962-04-07', 68, 'Female', '496 Payne Stravenue Suite 960
Shawnport, FL 08989', '802.685.1622x593', 'patient', '2023-07-17T12:19:31.168544', '2023-02-15T12:30:14.556965');
INSERT INTO "Account" ("id", "profile_id", "username", "email", "password", "role", "created_at", "updated_at") VALUES (213, 213, 'josephross', 'christinabeard@example.org', '9a31e6c01a72ee05c43318c39e641ec676eeaff265bc76d92798d24336b0cacb', 'patient', '2023-05-24T20:22:00.923919', '2023-02-25T02:05:41.466607');
INSERT INTO "Profile" ("id", "name", "dob", "age", "gender", "address", "phone", "type", "created_at", "updated_at") VALUES (214, 'Ms. Lindsay Jones', '1945-03-16', 55, 'Male', '1319 Michael Throughway
Port Morgan, VT 53897', '233-676-0523', 'patient', '2023-04-27T22:09:23.648302', '2023-07-06T00:28:35.676301');
INSERT INTO "Account" ("id", "profile_id", "username", "email", "password", "role", "created_at", "updated_at") VALUES (214, 214, 'scook', 'kentmichael@example.com', '5f43d2d23c3e8158ce70143ddd2fe1dac0d9ad59510eed7c00764a5e18f18bf5', 'patient', '2023-06-30T09:29:28.965759', '2023-04-06T10:25:42.168910');
INSERT INTO "Profile" ("id", "name", "dob", "age", "gender", "address", "phone", "type", "created_at", "updated_at") VALUES (215, 'Jessica Santos', '1998-10-26', 40, 'Male', '96617 Mosley Summit Apt. 824
New Ambertown, VI 53022', '782.414.1746x813', 'patient', '2023-12-01T13:24:13.307279', '2023-08-17T01:53:27.954420');
INSERT INTO "Account" ("id", "profile_id", "username", "email", "password", "role", "created_at", "updated_at") VALUES (215, 215, 'amy98', 'hollyperkins@example.net', 'e6de3c2f02f36146ee0ad0e47ddc91221dfed933c05ed17d57dc558f7b79ea57', 'patient', '2023-06-10T06:52:05.398411', '2023-12-05T15:11:10.808317');
INSERT INTO "Profile" ("id", "name", "dob", "age", "gender", "address", "phone", "type", "created_at", "updated_at") VALUES (216, 'Erik Stafford', '1949-07-03', 37, 'Female', '0119 Jennifer Springs Apt. 075
Lake Sarah, FM 91565', '8515171603', 'patient', '2023-06-03T08:01:47.070203', '2023-04-01T11:21:28.319617');
INSERT INTO "Account" ("id", "profile_id", "username", "email", "password", "role", "created_at", "updated_at") VALUES (216, 216, 'craigriley', 'nathan06@example.com', 'a1518c9ead7285fc4be3704b8fd53fb4066f328d3571a74072d59c71c8b91e9b', 'patient', '2023-01-10T00:25:07.224822', '2023-08-27T19:22:30.174934');
INSERT INTO "Profile" ("id", "name", "dob", "age", "gender", "address", "phone", "type", "created_at", "updated_at") VALUES (217, 'Renee Evans', '2005-01-03', 46, 'Male', '6648 Reynolds Loop
West Kristinaview, GA 02382', '556-557-7580x9745', 'patient', '2023-10-12T09:04:58.639515', '2023-10-21T02:47:30.397812');
INSERT INTO "Account" ("id", "profile_id", "username", "email", "password", "role", "created_at", "updated_at") VALUES (217, 217, 'colemanjohn', 'jonathan66@example.org', 'a284752997dc367169a335feb0ccb0968cbc11c12f2cc82ec4728d25406729cf', 'patient', '2023-03-09T02:15:58.780568', '2023-06-02T10:03:35.920715');
INSERT INTO "Profile" ("id", "name", "dob", "age", "gender", "address", "phone", "type", "created_at", "updated_at") VALUES (218, 'Amy Sanders', '1964-11-09', 21, 'Female', '06221 Edwin Falls
Pattersonfort, UT 86568', '346.325.9160x1124', 'patient', '2023-05-16T14:14:27.545379', '2023-12-20T22:59:35.120720');
INSERT INTO "Account" ("id", "profile_id", "username", "email", "password", "role", "created_at", "updated_at") VALUES (218, 218, 'amanda86', 'smithrebecca@example.net', 'adeac6c7eb09cb7fb4eb98279a4ce3c6dd9736d5506081663bdf1fcabed0eddd', 'patient', '2023-06-22T17:58:38.760176', '2023-07-07T22:08:16.836159');
INSERT INTO "Profile" ("id", "name", "dob", "age", "gender", "address", "phone", "type", "created_at", "updated_at") VALUES (219, 'Michael Frey', '1951-11-15', 71, 'Female', '957 Sarah Groves
Taylorchester, WY 34988', '(661)521-2038', 'patient', '2023-09-25T16:35:31.560005', '2023-11-18T22:58:26.542990');
INSERT INTO "Account" ("id", "profile_id", "username", "email", "password", "role", "created_at", "updated_at") VALUES (219, 219, 'jeremy59', 'idelacruz@example.org', '7fd26115dd3ee47b32984f3bf7c0b5ddf173674e781566efd9f17b4282a92f68', 'patient', '2023-05-08T12:41:46.068839', '2023-10-26T02:47:33.424508');
INSERT INTO "Profile" ("id", "name", "dob", "age", "gender", "address", "phone", "type", "created_at", "updated_at") VALUES (220, 'William Gould', '1954-10-30', 22, 'Male', '545 Williams Springs
Scottstad, LA 85987', '952.331.1232x748', 'patient', '2023-06-14T01:45:10.841858', '2023-11-25T00:37:28.177111');
INSERT INTO "Account" ("id", "profile_id", "username", "email", "password", "role", "created_at", "updated_at") VALUES (220, 220, 'pduran', 'deanna27@example.org', '961b702c3664ebb678ac7ae91a74e056da1641ada302661f90b0031c0a116ea1', 'patient', '2023-11-12T19:26:22.264109', '2023-07-22T01:15:22.122103');
INSERT INTO "Profile" ("id", "name", "dob", "age", "gender", "address", "phone", "type", "created_at", "updated_at") VALUES (221, 'Christopher Jones', '1973-09-22', 57, 'Female', '96304 Espinoza Fields
South Chelseabury, MD 94766', '+1-282-249-3534', 'patient', '2023-11-09T06:04:36.860093', '2023-11-11T05:06:51.941043');
INSERT INTO "Account" ("id", "profile_id", "username", "email", "password", "role", "created_at", "updated_at") VALUES (221, 221, 'robertsonjennifer', 'galexander@example.com', '30086c83c1dfba42b5ba7b8877258b7c157f164a3583d9e7f746fbc2da0e59e1', 'patient', '2023-01-25T08:58:12.578618', '2023-06-04T16:39:57.292567');
INSERT INTO "Profile" ("id", "name", "dob", "age", "gender", "address", "phone", "type", "created_at", "updated_at") VALUES (222, 'Diana King DDS', '1966-06-18', 47, 'Male', '385 Thomas River
South Janet, OH 14545', '6538912878', 'patient', '2023-10-20T14:54:54.435739', '2023-07-26T17:09:41.878118');
INSERT INTO "Account" ("id", "profile_id", "username", "email", "password", "role", "created_at", "updated_at") VALUES (222, 222, 'nicolast', 'nicoleduran@example.net', '1c1e3602ff9a67874bf36c322a5ae3ab2210a8e22f03cbe288c8717cc9dc927e', 'patient', '2023-12-28T12:39:43.958515', '2023-04-25T11:29:24.580575');
INSERT INTO "Profile" ("id", "name", "dob", "age", "gender", "address", "phone", "type", "created_at", "updated_at") VALUES (223, 'Brandi Mendoza', '1961-02-03', 46, 'Male', '6301 Page Extensions
Davidborough, MP 73474', '+1-939-272-8339x1218', 'patient', '2023-05-23T15:36:49.273464', '2023-10-25T08:32:16.547950');
INSERT INTO "Account" ("id", "profile_id", "username", "email", "password", "role", "created_at", "updated_at") VALUES (223, 223, 'tonyaholmes', 'josephangela@example.org', '9ea31f133038e1f3c6083c0ef9c70fbc4d8b5a58abe7cc881027e8f6b71a1be3', 'patient', '2023-02-14T02:09:42.648948', '2023-10-25T02:26:54.235726');
INSERT INTO "Profile" ("id", "name", "dob", "age", "gender", "address", "phone", "type", "created_at", "updated_at") VALUES (224, 'David Small', '1944-11-03', 38, 'Female', '6610 William Roads Suite 610
Port Kennethstad, MS 12682', '803-484-5319x8074', 'patient', '2023-03-12T23:24:36.086103', '2023-04-23T14:18:25.378732');
INSERT INTO "Account" ("id", "profile_id", "username", "email", "password", "role", "created_at", "updated_at") VALUES (224, 224, 'marilyn10', 'gonzalezkendra@example.org', '5b8e7f4292daed5c9e6d18b6d34a5cec30935f17e216583c6a684da5240eb05b', 'patient', '2023-10-01T13:56:59.549876', '2023-11-30T10:10:11.418162');
INSERT INTO "Profile" ("id", "name", "dob", "age", "gender", "address", "phone", "type", "created_at", "updated_at") VALUES (225, 'Robert Ramirez', '1964-07-27', 50, 'Male', '1500 Reynolds Skyway Suite 641
North Rebeccafurt, PW 49124', '611-934-0785x1699', 'patient', '2023-01-16T06:32:31.793909', '2023-08-12T22:10:24.361702');
INSERT INTO "Account" ("id", "profile_id", "username", "email", "password", "role", "created_at", "updated_at") VALUES (225, 225, 'kendra36', 'skelley@example.net', 'b6a47dc6a9012d58b4e68728e6751e879edd8a19f47d9ef5dd36ee13104c95ba', 'patient', '2023-07-14T11:36:30.215572', '2023-07-26T13:24:03.227694');
INSERT INTO "Profile" ("id", "name", "dob", "age", "gender", "address", "phone", "type", "created_at", "updated_at") VALUES (226, 'Caitlin Lawson', '1993-04-07', 79, 'Male', '889 Thomas Springs Suite 915
West Leahchester, HI 48082', '819.776.0932x012', 'patient', '2023-06-15T10:58:02.598081', '2023-12-17T16:11:41.295330');
INSERT INTO "Account" ("id", "profile_id", "username", "email", "password", "role", "created_at", "updated_at") VALUES (226, 226, 'omarturner', 'tranadam@example.net', '0f522785f2840ef24df04a3914d81a6bb6e1ea68bbf3c13367b1ba69039489ae', 'patient', '2023-02-20T16:03:10.928498', '2023-01-27T12:19:38.197022');
INSERT INTO "Profile" ("id", "name", "dob", "age", "gender", "address", "phone", "type", "created_at", "updated_at") VALUES (227, 'George Edwards', '2004-02-17', 46, 'Male', '1274 Guzman Tunnel Apt. 188
West Christopher, VT 78124', '(926)242-2297x5891', 'patient', '2023-10-23T06:19:04.341986', '2023-11-17T22:01:10.867676');
INSERT INTO "Account" ("id", "profile_id", "username", "email", "password", "role", "created_at", "updated_at") VALUES (227, 227, 'jennifer54', 'danielspencer@example.net', '1840b0c0fb7dffe3e2c9d6afd4c5104da1001e7074c2e1de1ecbf6ea274b3c5d', 'patient', '2023-06-26T22:37:37.053162', '2023-10-31T22:37:57.771709');
INSERT INTO "Profile" ("id", "name", "dob", "age", "gender", "address", "phone", "type", "created_at", "updated_at") VALUES (228, 'Richard Martinez', '1997-01-17', 69, 'Female', '0900 Crystal Forges Suite 640
Jacksonberg, KY 62105', '(382)989-5400', 'patient', '2023-07-09T08:12:38.835968', '2023-12-11T02:18:51.719761');
INSERT INTO "Account" ("id", "profile_id", "username", "email", "password", "role", "created_at", "updated_at") VALUES (228, 228, 'eugenegreen', 'iallen@example.com', 'e2a551ba1df19b9c76ae60cd6678d6863d01da3d4c02a99b9b5a37866f59b78b', 'patient', '2023-12-09T17:47:45.156244', '2023-07-17T09:03:06.244273');
INSERT INTO "Profile" ("id", "name", "dob", "age", "gender", "address", "phone", "type", "created_at", "updated_at") VALUES (229, 'Patricia Smith', '1947-12-20', 80, 'Male', '19509 Megan Valley
Port Dianemouth, HI 56521', '205-237-0923', 'patient', '2023-06-18T07:18:43.113742', '2023-10-22T17:12:25.646760');
INSERT INTO "Account" ("id", "profile_id", "username", "email", "password", "role", "created_at", "updated_at") VALUES (229, 229, 'erin07', 'rebecca18@example.net', '47fc3b8644c36f6e27507a3d1f2bc7a3357765d273e80c487f3d8bd4debf5c17', 'patient', '2023-07-24T11:39:39.489503', '2023-04-30T02:40:15.015388');
INSERT INTO "Profile" ("id", "name", "dob", "age", "gender", "address", "phone", "type", "created_at", "updated_at") VALUES (230, 'Robert Thomas', '1979-07-27', 50, 'Male', '5294 Frye Trafficway
South Maryland, RI 94997', '727.834.8131x04502', 'patient', '2023-03-22T17:27:42.053687', '2023-03-08T16:13:28.303437');
INSERT INTO "Account" ("id", "profile_id", "username", "email", "password", "role", "created_at", "updated_at") VALUES (230, 230, 'nstafford', 'samuel83@example.com', '5fb16acd9f3057a5086f813a06c446d7fb42748ff23b982968434415735ad72f', 'patient', '2023-02-25T02:29:24.110623', '2023-07-12T21:33:11.014918');
INSERT INTO "Profile" ("id", "name", "dob", "age", "gender", "address", "phone", "type", "created_at", "updated_at") VALUES (231, 'Don Gardner', '1946-04-08', 20, 'Male', '834 Galvan Parkway
New Kevin, HI 42171', '264.962.8055', 'patient', '2023-10-25T03:14:06.980069', '2023-12-04T10:22:36.081567');
INSERT INTO "Account" ("id", "profile_id", "username", "email", "password", "role", "created_at", "updated_at") VALUES (231, 231, 'longshane', 'michael56@example.org', '9cd071047609c9b8cf4c1977e42ff7b55d9dc2459ae20c8405501143ebd8dacf', 'patient', '2023-03-08T12:41:54.526807', '2023-10-28T04:09:33.940937');
INSERT INTO "Profile" ("id", "name", "dob", "age", "gender", "address", "phone", "type", "created_at", "updated_at") VALUES (232, 'Kimberly Cook', '1992-01-20', 63, 'Female', '409 Pamela Courts Apt. 178
Davistown, FL 43562', '376-402-2069x5354', 'patient', '2023-12-30T08:22:13.271751', '2023-11-22T00:58:31.940782');
INSERT INTO "Account" ("id", "profile_id", "username", "email", "password", "role", "created_at", "updated_at") VALUES (232, 232, 'iansantana', 'monica00@example.org', '05b0fec887721115f759304e3951301e2bbf5d6d013a27ef9b65ea49cb4ed5c8', 'patient', '2023-10-04T11:23:55.310383', '2023-09-12T16:01:13.651211');
INSERT INTO "Profile" ("id", "name", "dob", "age", "gender", "address", "phone", "type", "created_at", "updated_at") VALUES (233, 'Francisco Rogers', '1998-03-05', 46, 'Male', 'USNV Levy
FPO AP 90466', '+1-494-979-5074x07173', 'patient', '2023-08-05T13:34:28.332785', '2023-01-19T00:35:05.002008');
INSERT INTO "Account" ("id", "profile_id", "username", "email", "password", "role", "created_at", "updated_at") VALUES (233, 233, 'jeanette95', 'mcintyreelizabeth@example.org', '13354e7c90d59a9a43720dcc0cea353ec8f86e66ededf9c00016c5e5e2f3a3e4', 'patient', '2023-12-24T15:42:24.523028', '2023-04-15T18:37:09.804355');
INSERT INTO "Profile" ("id", "name", "dob", "age", "gender", "address", "phone", "type", "created_at", "updated_at") VALUES (234, 'Cindy Torres', '1989-04-06', 41, 'Female', '45203 Williams Ridge
Calebside, ME 82664', '+1-713-459-9285x535', 'patient', '2023-01-17T15:16:31.573317', '2023-05-22T04:53:22.647935');
INSERT INTO "Account" ("id", "profile_id", "username", "email", "password", "role", "created_at", "updated_at") VALUES (234, 234, 'browntamara', 'schneiderraymond@example.com', 'aa57e43409a32b7493cfb31f7888fbad91c58b7333072a7bed2b0da4cc697791', 'patient', '2023-11-27T19:34:01.682070', '2023-07-19T06:56:33.900819');
INSERT INTO "Profile" ("id", "name", "dob", "age", "gender", "address", "phone", "type", "created_at", "updated_at") VALUES (235, 'James Gonzales', '1960-05-15', 76, 'Female', '8423 Ashley Heights
Biancastad, VI 29995', '2065776255', 'patient', '2023-02-28T11:42:05.265693', '2023-05-07T15:35:37.633179');
INSERT INTO "Account" ("id", "profile_id", "username", "email", "password", "role", "created_at", "updated_at") VALUES (235, 235, 'jonesjason', 'iedwards@example.com', '8d17de53a91b6c80557e7c57c6f5a73fcd740d2549b2fca8ae1921b6af8c531a', 'patient', '2023-02-08T11:59:17.029218', '2023-07-15T13:19:08.908612');
INSERT INTO "Profile" ("id", "name", "dob", "age", "gender", "address", "phone", "type", "created_at", "updated_at") VALUES (236, 'Antonio Lopez', '2003-06-24', 42, 'Female', '34511 Jo Bypass
Lake Pattychester, MP 89206', '5532088684', 'patient', '2023-02-25T03:12:50.536411', '2023-11-25T15:19:23.070069');
INSERT INTO "Account" ("id", "profile_id", "username", "email", "password", "role", "created_at", "updated_at") VALUES (236, 236, 'cruzscott', 'christinasmith@example.net', 'f1034974697d8f035a7f5506fcad009a6584d88edcff95ed61459cd0f722ec7b', 'patient', '2023-12-22T00:00:46.189033', '2023-11-29T00:03:35.609809');
INSERT INTO "Profile" ("id", "name", "dob", "age", "gender", "address", "phone", "type", "created_at", "updated_at") VALUES (237, 'Shawn Hart', '1993-08-01', 67, 'Female', '212 Collins Locks Apt. 336
Port Alan, UT 19043', '255.982.1477x092', 'patient', '2023-02-11T16:34:22.271803', '2023-10-19T14:52:24.646724');
INSERT INTO "Account" ("id", "profile_id", "username", "email", "password", "role", "created_at", "updated_at") VALUES (237, 237, 'jeremiahwalton', 'whiteryan@example.org', '5a45c0caedcaf3e931d1ad73b3534919d929660eaf6fe737421ef22aa5b5f038', 'patient', '2023-10-17T11:24:22.142071', '2023-09-22T02:28:02.250809');
INSERT INTO "Profile" ("id", "name", "dob", "age", "gender", "address", "phone", "type", "created_at", "updated_at") VALUES (238, 'Harold Lozano', '1993-04-25', 61, 'Male', '059 Ryan Trail Apt. 863
Martinside, CO 96226', '001-259-277-2168', 'patient', '2023-10-01T03:36:11.596180', '2023-10-09T10:02:02.467286');
INSERT INTO "Account" ("id", "profile_id", "username", "email", "password", "role", "created_at", "updated_at") VALUES (238, 238, 'timothycannon', 'carloswerner@example.net', 'f383eba9759d7e43420078a28bd02fe192bf66b9983c808b5f5c3fd079be6f46', 'patient', '2023-07-05T02:26:00.636279', '2023-07-31T19:20:33.583484');
INSERT INTO "Profile" ("id", "name", "dob", "age", "gender", "address", "phone", "type", "created_at", "updated_at") VALUES (239, 'Regina Hill', '2004-05-21', 68, 'Female', '182 Jennifer Neck
North Brian, OH 28517', '+1-948-623-2204x144', 'patient', '2023-08-27T08:37:37.411238', '2023-09-24T03:15:31.889490');
INSERT INTO "Account" ("id", "profile_id", "username", "email", "password", "role", "created_at", "updated_at") VALUES (239, 239, 'jonesterri', 'barbara30@example.net', 'b65ddcbc5721b3d66cd28ff5e7ba49031600347f1160ef0a788ab93da0f62f0b', 'patient', '2023-08-17T08:07:01.471250', '2023-01-05T17:58:04.135291');
INSERT INTO "Profile" ("id", "name", "dob", "age", "gender", "address", "phone", "type", "created_at", "updated_at") VALUES (240, 'Daniel Williams', '2002-11-08', 22, 'Female', '27752 John Stravenue
North Rachel, WV 17624', '916.950.6463x00593', 'patient', '2023-06-17T07:03:20.442252', '2023-05-25T19:54:41.965151');
INSERT INTO "Account" ("id", "profile_id", "username", "email", "password", "role", "created_at", "updated_at") VALUES (240, 240, 'carrjeffrey', 'suttondenise@example.net', '0445728526e978bdafb25caaf2365f7acd16e8194cfd5b7944676ded7f4ad8a6', 'patient', '2023-09-06T11:30:36.388937', '2023-10-23T21:58:19.403189');
INSERT INTO "Profile" ("id", "name", "dob", "age", "gender", "address", "phone", "type", "created_at", "updated_at") VALUES (241, 'Angela Evans', '1998-04-28', 24, 'Female', '831 Joseph Ville
Carlfurt, MO 21761', '(291)731-6708', 'patient', '2023-05-28T17:37:02.869872', '2023-11-19T01:35:46.243247');
INSERT INTO "Account" ("id", "profile_id", "username", "email", "password", "role", "created_at", "updated_at") VALUES (241, 241, 'zskinner', 'cfinley@example.com', 'ebfba04a7633cec143f06cc6b2f7f1dc9bfe182d1fb507675f366be4eb5a1f85', 'patient', '2023-05-24T09:59:40.851047', '2023-02-25T16:21:37.619215');
INSERT INTO "Profile" ("id", "name", "dob", "age", "gender", "address", "phone", "type", "created_at", "updated_at") VALUES (242, 'Regina Cox', '1947-08-16', 36, 'Female', '0766 Gail Rapids Apt. 396
Alanfurt, GA 59957', '422.662.6114', 'patient', '2023-03-20T18:50:18.846014', '2023-05-30T13:56:02.138848');
INSERT INTO "Account" ("id", "profile_id", "username", "email", "password", "role", "created_at", "updated_at") VALUES (242, 242, 'samantharodgers', 'joseph21@example.net', '9ac3c11251ba8f424fe9d8280806bc7100f8f08a9d137dd994335ab5dfe70079', 'patient', '2023-07-06T19:38:53.402273', '2023-11-19T14:34:48.091310');
INSERT INTO "Profile" ("id", "name", "dob", "age", "gender", "address", "phone", "type", "created_at", "updated_at") VALUES (243, 'Nicholas Avery', '1981-03-31', 64, 'Male', '962 Jennifer View
Lake Carolynfurt, KS 29415', '285.732.4725', 'patient', '2023-07-13T12:18:31.599587', '2023-03-23T20:50:19.055009');
INSERT INTO "Account" ("id", "profile_id", "username", "email", "password", "role", "created_at", "updated_at") VALUES (243, 243, 'stacy03', 'millermary@example.net', 'a99dcc9ce7071726cbf35d82c879dfc82f30a3d1206750e2387f5c11f058e22d', 'patient', '2023-05-28T15:54:49.712312', '2023-05-17T02:03:31.937923');
INSERT INTO "Profile" ("id", "name", "dob", "age", "gender", "address", "phone", "type", "created_at", "updated_at") VALUES (244, 'Jacqueline Owens', '1989-08-31', 39, 'Male', 'PSC 9475, Box 7694
APO AP 83827', '335-836-5974x66986', 'patient', '2023-03-17T22:31:10.262995', '2023-04-13T01:12:01.730113');
INSERT INTO "Account" ("id", "profile_id", "username", "email", "password", "role", "created_at", "updated_at") VALUES (244, 244, 'thompsonjustin', 'nicholsrebekah@example.net', 'b0979e1c126b779a77d01296984bce0d001f81326cbbc46342751e66624b4d84', 'patient', '2023-11-02T07:30:37.046035', '2023-08-14T01:41:25.929130');
INSERT INTO "Profile" ("id", "name", "dob", "age", "gender", "address", "phone", "type", "created_at", "updated_at") VALUES (245, 'Katie Briggs', '1955-06-30', 55, 'Male', '5966 Richard Falls
Port Sandratown, NH 36700', '(635)291-4261', 'patient', '2023-12-30T03:52:27.927430', '2023-12-14T03:08:49.414229');
INSERT INTO "Account" ("id", "profile_id", "username", "email", "password", "role", "created_at", "updated_at") VALUES (245, 245, 'johnmerritt', 'tvelasquez@example.com', '24b8c56b48cb5aeeefa5f26aa2a2d852d8e9511f4833b8e30f3ea4b75968d040', 'patient', '2023-03-19T17:03:25.557737', '2023-10-22T16:36:23.508891');
INSERT INTO "Profile" ("id", "name", "dob", "age", "gender", "address", "phone", "type", "created_at", "updated_at") VALUES (246, 'Jason Barrett', '1972-08-30', 76, 'Female', '81785 Douglas Crest
West Jessicamouth, CO 73505', '952-235-4268x744', 'patient', '2023-02-10T22:10:35.024135', '2023-03-12T14:44:42.608547');
INSERT INTO "Account" ("id", "profile_id", "username", "email", "password", "role", "created_at", "updated_at") VALUES (246, 246, 'mollypeck', 'holtrobert@example.com', 'a5d282cf308d7fbc549f383923c8f33c46c6b13161705d1e9471918d2285a5cc', 'patient', '2023-10-26T14:37:41.420882', '2023-03-23T00:19:21.308139');
INSERT INTO "Profile" ("id", "name", "dob", "age", "gender", "address", "phone", "type", "created_at", "updated_at") VALUES (247, 'Jesse Ray', '1969-01-13', 37, 'Female', '70140 Sara Roads
Lisamouth, ND 08743', '4554800027', 'patient', '2023-01-24T22:03:54.384220', '2023-03-09T19:35:30.318806');
INSERT INTO "Account" ("id", "profile_id", "username", "email", "password", "role", "created_at", "updated_at") VALUES (247, 247, 'mbates', 'colemancassandra@example.org', 'a643f4fc04c44215355a57bcd90c2e7b421b21193b06b2bacaea5242f2711073', 'patient', '2023-09-09T23:55:49.105011', '2023-02-14T22:10:43.502714');
INSERT INTO "Profile" ("id", "name", "dob", "age", "gender", "address", "phone", "type", "created_at", "updated_at") VALUES (248, 'Pamela Rice', '1983-05-09', 26, 'Male', '31369 Bell Drives
Thompsontown, PA 85026', '(597)535-2595', 'patient', '2023-02-24T00:03:38.614309', '2023-02-24T21:10:53.906853');
INSERT INTO "Account" ("id", "profile_id", "username", "email", "password", "role", "created_at", "updated_at") VALUES (248, 248, 'nperez', 'patriciamorrison@example.org', 'cfa6cfb4a5f08e5f54d672c50a8721d733d56c12931b67a87dbaf8231fb59459', 'patient', '2023-05-13T08:19:38.136777', '2023-06-22T10:04:51.116834');
INSERT INTO "Profile" ("id", "name", "dob", "age", "gender", "address", "phone", "type", "created_at", "updated_at") VALUES (249, 'Stephanie Decker', '1993-01-27', 37, 'Female', '6185 Terrence Course
New Theresaton, NY 25068', '(497)818-2360x1071', 'patient', '2023-02-06T07:38:56.688740', '2023-08-23T17:01:35.821186');
INSERT INTO "Account" ("id", "profile_id", "username", "email", "password", "role", "created_at", "updated_at") VALUES (249, 249, 'patriciagrant', 'janicestuart@example.com', '58bcc9edca669146ae794aac4ed55c8085c0aee178ec9be6f203adfd3c868b33', 'patient', '2023-11-03T10:05:29.777867', '2023-06-08T05:54:15.774299');
INSERT INTO "Profile" ("id", "name", "dob", "age", "gender", "address", "phone", "type", "created_at", "updated_at") VALUES (250, 'Deborah Villarreal', '1992-11-30', 59, 'Female', '4223 Tina Drives Apt. 280
Port Catherineview, FL 45865', '+1-492-722-5606', 'patient', '2023-03-18T19:51:03.806629', '2023-08-27T19:35:59.133163');
INSERT INTO "Account" ("id", "profile_id", "username", "email", "password", "role", "created_at", "updated_at") VALUES (250, 250, 'oallen', 'plin@example.org', '55d49e1ee022f248d98fe0281fc991b61315ba4f923d699956c030ab8b9d7765', 'patient', '2023-02-11T18:22:18.684185', '2023-01-21T04:09:55.595571');
INSERT INTO "Profile" ("id", "name", "dob", "age", "gender", "address", "phone", "type", "created_at", "updated_at") VALUES (251, 'Ricky Hill', '1995-12-17', 70, 'Male', '84185 Alexander Shoals Apt. 362
Guerrerohaven, WY 38095', '+1-663-397-5615x47055', 'patient', '2023-10-18T22:31:44.366322', '2023-12-07T23:44:26.040191');
INSERT INTO "Account" ("id", "profile_id", "username", "email", "password", "role", "created_at", "updated_at") VALUES (251, 251, 'richardsonronnie', 'charles95@example.com', '42680f94fa428ca486399523aef3f947c2f78b7a283247115246653d8f8404a7', 'patient', '2023-01-07T03:41:58.022198', '2023-12-06T17:42:13.784626');
INSERT INTO "Profile" ("id", "name", "dob", "age", "gender", "address", "phone", "type", "created_at", "updated_at") VALUES (252, 'Nathan Vargas', '1957-02-21', 60, 'Male', '2070 Andrew Extension Suite 201
Davisland, FL 40803', '939-836-9678', 'patient', '2023-01-14T05:25:42.637218', '2023-12-14T13:55:42.106109');
INSERT INTO "Account" ("id", "profile_id", "username", "email", "password", "role", "created_at", "updated_at") VALUES (252, 252, 'klewis', 'ehenry@example.org', 'e18742beed2d6380109411a9353103180336c278e5d61c390c35c8098b52538f', 'patient', '2023-08-08T02:33:58.956009', '2023-10-08T11:00:41.186377');
INSERT INTO "Profile" ("id", "name", "dob", "age", "gender", "address", "phone", "type", "created_at", "updated_at") VALUES (253, 'Matthew Leonard', '1945-08-07', 59, 'Female', 'USCGC Wong
FPO AA 46692', '739.643.1916', 'patient', '2023-03-10T13:39:12.966296', '2023-12-14T04:30:34.914989');
INSERT INTO "Account" ("id", "profile_id", "username", "email", "password", "role", "created_at", "updated_at") VALUES (253, 253, 'hunter12', 'moorebrenda@example.com', '1fcda8d45a1d2e3e3a8f39d8e9f0a4043985c576e3cbf5ac7ac34fa9ce0a775d', 'patient', '2023-10-09T22:52:06.186538', '2023-06-27T00:13:44.544922');
INSERT INTO "Profile" ("id", "name", "dob", "age", "gender", "address", "phone", "type", "created_at", "updated_at") VALUES (254, 'Willie Hart', '1972-07-20', 50, 'Female', 'PSC 7000, Box 2687
APO AA 40631', '586-876-4979x7416', 'patient', '2023-11-21T03:38:18.651309', '2023-06-05T07:02:35.827796');
INSERT INTO "Account" ("id", "profile_id", "username", "email", "password", "role", "created_at", "updated_at") VALUES (254, 254, 'scottmark', 'russellmichael@example.net', '656b4d4fb9b92c07d6d58dcc8ebc79a3278116e04c56dcc2a2675dd0f1d04310', 'patient', '2023-03-14T12:02:06.401374', '2023-08-03T08:18:35.593625');
INSERT INTO "Profile" ("id", "name", "dob", "age", "gender", "address", "phone", "type", "created_at", "updated_at") VALUES (255, 'Dominic Simmons', '1955-07-25', 19, 'Female', '95296 Manuel Causeway
Brittneytown, HI 48736', '(712)682-7636x431', 'patient', '2023-11-30T11:37:07.177787', '2023-08-14T23:00:08.583956');
INSERT INTO "Account" ("id", "profile_id", "username", "email", "password", "role", "created_at", "updated_at") VALUES (255, 255, 'cheryl54', 'psandoval@example.com', '0281203f6ac44898d30450440d41571ed35af1b64fb806ab03f7ed41b651bd82', 'patient', '2023-10-02T08:29:28.919378', '2023-11-15T09:01:15.720698');
INSERT INTO "Profile" ("id", "name", "dob", "age", "gender", "address", "phone", "type", "created_at", "updated_at") VALUES (256, 'Dorothy Walker', '1988-06-26', 37, 'Male', '169 Karen Gardens Suite 497
Jeremyview, FM 54229', '408-982-2309x586', 'patient', '2023-09-21T08:53:53.619951', '2023-03-21T13:02:44.137299');
INSERT INTO "Account" ("id", "profile_id", "username", "email", "password", "role", "created_at", "updated_at") VALUES (256, 256, 'cory21', 'cuevaskathleen@example.com', 'dadae4e8088b7a0acb0c43baefd20d1353c96b1703d71c026483723845cdb48b', 'patient', '2023-09-09T14:57:06.228322', '2023-02-11T21:53:37.930608');
INSERT INTO "Profile" ("id", "name", "dob", "age", "gender", "address", "phone", "type", "created_at", "updated_at") VALUES (257, 'Andrew Murphy', '2000-06-20', 78, 'Male', '6557 Michele Crossroad
East Alejandroport, KY 74777', '(346)512-9390x02512', 'patient', '2023-09-25T02:48:58.694982', '2023-06-17T23:24:36.293846');
INSERT INTO "Account" ("id", "profile_id", "username", "email", "password", "role", "created_at", "updated_at") VALUES (257, 257, 'hlin', 'llee@example.com', '5712a1647b68440a25d5eda1b1953b372c551d16a82368233a1653026a3ef62b', 'patient', '2023-11-02T14:35:45.942031', '2023-12-17T20:07:36.753701');
INSERT INTO "Profile" ("id", "name", "dob", "age", "gender", "address", "phone", "type", "created_at", "updated_at") VALUES (258, 'Jessica Drake', '2001-12-12', 39, 'Female', '5843 Dominguez Locks
Walkerland, IN 71547', '+1-450-234-2362', 'patient', '2023-11-09T07:16:18.777023', '2023-03-12T22:40:15.172266');
INSERT INTO "Account" ("id", "profile_id", "username", "email", "password", "role", "created_at", "updated_at") VALUES (258, 258, 'qcarter', 'gclark@example.org', 'f42078f130f34c690a5ee1dd23bbd8798b912a2e72ea322ee5473cbd5e6ced41', 'patient', '2023-08-30T10:27:49.665291', '2023-09-17T23:18:01.052274');
INSERT INTO "Profile" ("id", "name", "dob", "age", "gender", "address", "phone", "type", "created_at", "updated_at") VALUES (259, 'Patrick Leonard', '1985-04-09', 30, 'Male', '85294 Mullins Causeway
Port Desiree, SD 87357', '574.717.4304x3502', 'patient', '2023-12-11T19:10:07.871657', '2023-03-01T11:11:46.141281');
INSERT INTO "Account" ("id", "profile_id", "username", "email", "password", "role", "created_at", "updated_at") VALUES (259, 259, 'robert52', 'uwalton@example.org', '57dfa6e1b88bb47ecd4d90f9118c34867cb3196a3d73f42601fd374ec3925746', 'patient', '2023-02-18T14:03:04.631292', '2023-12-28T19:43:34.506502');
INSERT INTO "Profile" ("id", "name", "dob", "age", "gender", "address", "phone", "type", "created_at", "updated_at") VALUES (260, 'Cynthia Taylor', '1952-04-14', 26, 'Male', '30303 Jon Mountain
Jonesville, TN 56570', '250.476.2799x553', 'patient', '2023-04-12T04:33:20.468902', '2023-05-15T18:01:28.044688');
INSERT INTO "Account" ("id", "profile_id", "username", "email", "password", "role", "created_at", "updated_at") VALUES (260, 260, 'millerrebecca', 'jessicahawkins@example.com', 'f6d43d4410f26d08dae25ecb09a4e7cf88deed6318bef6c4364484cc26cffc0e', 'patient', '2023-03-04T02:36:00.965382', '2023-01-11T13:43:22.856983');
INSERT INTO "Profile" ("id", "name", "dob", "age", "gender", "address", "phone", "type", "created_at", "updated_at") VALUES (261, 'Thomas Sparks', '1946-10-03', 22, 'Female', '90172 Dorothy Curve Suite 050
Olsenchester, PW 34441', '+1-287-817-7546x19924', 'patient', '2023-05-11T22:52:11.952957', '2023-07-17T03:37:37.802934');
INSERT INTO "Account" ("id", "profile_id", "username", "email", "password", "role", "created_at", "updated_at") VALUES (261, 261, 'rmoore', 'vfuller@example.net', '2656519d271d6a6cc5138ba93e4e5a89b3e705df7316b9839403e7cdee9bb508', 'patient', '2023-01-24T07:52:53.697945', '2023-02-26T14:54:03.092349');
INSERT INTO "Profile" ("id", "name", "dob", "age", "gender", "address", "phone", "type", "created_at", "updated_at") VALUES (262, 'Rebekah Richards', '1987-03-02', 72, 'Male', '482 Todd Road Apt. 791
North David, CO 06680', '287-380-3586', 'patient', '2023-06-15T09:45:57.561863', '2023-01-19T00:17:24.229534');
INSERT INTO "Account" ("id", "profile_id", "username", "email", "password", "role", "created_at", "updated_at") VALUES (262, 262, 'ccarter', 'carmengomez@example.net', '879d705a2e1e322588cce54b6d15d4b65e8aa60c05dcacf48a2526331e8fe06d', 'patient', '2023-08-13T16:18:01.918785', '2023-09-10T18:40:15.183652');
INSERT INTO "Profile" ("id", "name", "dob", "age", "gender", "address", "phone", "type", "created_at", "updated_at") VALUES (263, 'Fernando Blackwell', '1991-12-20', 50, 'Male', '27643 Angela Falls
North Michael, LA 20116', '(516)526-5496', 'patient', '2023-09-27T08:58:16.212597', '2023-01-01T13:10:17.411053');
INSERT INTO "Account" ("id", "profile_id", "username", "email", "password", "role", "created_at", "updated_at") VALUES (263, 263, 'jamesroberts', 'scott04@example.net', '8f4c42f57c594cd1cb834b5f74ca03b70c2984664decc59f63d1de4a5d8c1871', 'patient', '2023-07-01T16:06:01.673218', '2023-08-07T02:47:19.295800');
INSERT INTO "Profile" ("id", "name", "dob", "age", "gender", "address", "phone", "type", "created_at", "updated_at") VALUES (264, 'Alexandra Marshall', '1994-06-30', 60, 'Female', '685 Cheryl Well Suite 377
Claireburgh, MO 56486', '+1-432-495-6342x7775', 'patient', '2023-11-28T23:39:21.410743', '2023-07-26T11:23:51.064455');
INSERT INTO "Account" ("id", "profile_id", "username", "email", "password", "role", "created_at", "updated_at") VALUES (264, 264, 'barnesnorma', 'amy29@example.org', '010d01ab947148a10fd4ce0150f4eb062578b1a0246778c7d61a32a3e0c0340b', 'patient', '2023-05-15T06:34:59.515928', '2023-09-21T22:42:57.642511');
INSERT INTO "Profile" ("id", "name", "dob", "age", "gender", "address", "phone", "type", "created_at", "updated_at") VALUES (265, 'Kevin Wilson', '1964-02-20', 74, 'Male', '02955 Hall Gardens Suite 262
Elizabethburgh, AZ 57053', '(515)249-8085x1331', 'patient', '2023-01-16T20:58:17.878151', '2023-07-28T21:33:39.396029');
INSERT INTO "Account" ("id", "profile_id", "username", "email", "password", "role", "created_at", "updated_at") VALUES (265, 265, 'janetmoore', 'thompsonedwin@example.org', 'bf0d4ee8d869cf97404d584df36140e70a9508d87fa352d90df3ef2dc5e1e019', 'patient', '2023-05-16T10:46:51.174368', '2023-04-18T18:29:22.454740');
INSERT INTO "Profile" ("id", "name", "dob", "age", "gender", "address", "phone", "type", "created_at", "updated_at") VALUES (266, 'Sophia Dawson', '1977-09-24', 56, 'Female', '764 Dalton Prairie Apt. 854
South Kyleport, WV 18007', '+1-700-862-9877x87358', 'patient', '2023-08-21T03:52:19.869980', '2023-04-13T13:32:01.626536');
INSERT INTO "Account" ("id", "profile_id", "username", "email", "password", "role", "created_at", "updated_at") VALUES (266, 266, 'xcurry', 'larsonjennifer@example.org', '307a304b857a1b4d223c7c479b7f5b21dcad02c0c7cb3c096154e29a6e9574a0', 'patient', '2023-03-07T15:02:10.144660', '2023-08-11T05:27:32.762147');
INSERT INTO "Profile" ("id", "name", "dob", "age", "gender", "address", "phone", "type", "created_at", "updated_at") VALUES (267, 'Jessica Thomas', '1948-07-19', 27, 'Male', '104 Cheryl Place Apt. 147
North Thomasmouth, FL 53749', '001-599-394-9812', 'patient', '2023-09-25T16:04:07.361493', '2023-01-08T05:52:02.319229');
INSERT INTO "Account" ("id", "profile_id", "username", "email", "password", "role", "created_at", "updated_at") VALUES (267, 267, 'nancyhenderson', 'mclaughlinjulie@example.net', '3c4b9cda770add19a1978eb49c14919e252ec82bb6351384f5dcdc2bf00420fa', 'patient', '2023-01-02T23:01:22.024062', '2023-12-07T19:02:48.347198');
INSERT INTO "Profile" ("id", "name", "dob", "age", "gender", "address", "phone", "type", "created_at", "updated_at") VALUES (268, 'Kimberly Lee', '1968-10-07', 29, 'Male', '0524 Olivia Freeway
West Angelaburgh, MT 81234', '(499)900-7686', 'patient', '2023-10-03T06:55:08.306180', '2023-12-06T19:36:03.579337');
INSERT INTO "Account" ("id", "profile_id", "username", "email", "password", "role", "created_at", "updated_at") VALUES (268, 268, 'gregorypeters', 'nicolemason@example.com', '63183fe11b95fcd72577beb34c58d87a0e67fe4b079f7e5f8cb31e21af2dc99e', 'patient', '2023-11-18T07:49:33.175915', '2023-03-16T04:48:15.133114');
INSERT INTO "Profile" ("id", "name", "dob", "age", "gender", "address", "phone", "type", "created_at", "updated_at") VALUES (269, 'Jennifer Burgess', '1975-09-03', 64, 'Female', '67136 Sanford Coves Apt. 132
East Rachel, VT 80294', '(318)983-5279', 'patient', '2023-04-29T10:24:16.895558', '2023-12-08T09:27:20.812948');
INSERT INTO "Account" ("id", "profile_id", "username", "email", "password", "role", "created_at", "updated_at") VALUES (269, 269, 'sullivanpaula', 'pcruz@example.org', '7209457bb8dcbd4c2ba91b90d0840269887e3890936eb6c0d28544080d2c4528', 'patient', '2023-08-18T00:15:05.331352', '2023-05-15T18:21:53.436442');
INSERT INTO "Profile" ("id", "name", "dob", "age", "gender", "address", "phone", "type", "created_at", "updated_at") VALUES (270, 'Abigail Nolan', '1977-09-22', 20, 'Female', '19279 Huber Crescent Suite 815
Rileyside, SD 32869', '+1-745-872-0266', 'patient', '2023-07-14T07:51:30.385403', '2023-10-05T23:51:08.581552');
INSERT INTO "Account" ("id", "profile_id", "username", "email", "password", "role", "created_at", "updated_at") VALUES (270, 270, 'bailey12', 'shane49@example.net', '475638e6f5e10bfe3db48a40da8aed67a4cba5a3629ec3b98c3f114ab4646f64', 'patient', '2023-11-21T08:43:45.723849', '2023-03-01T03:40:00.537377');
INSERT INTO "Profile" ("id", "name", "dob", "age", "gender", "address", "phone", "type", "created_at", "updated_at") VALUES (271, 'Lance Lambert', '1983-05-26', 41, 'Male', '429 Sean Road Suite 296
Garzaport, CA 57893', '001-996-670-8089', 'patient', '2023-09-07T16:54:37.682215', '2023-07-01T06:47:40.732204');
INSERT INTO "Account" ("id", "profile_id", "username", "email", "password", "role", "created_at", "updated_at") VALUES (271, 271, 'gina94', 'ghill@example.org', '5d22a49eb6e7053945686915c51dc5b10a94567c7fa8eebf4641cb4900a77b30', 'patient', '2023-10-19T22:07:13.860063', '2023-11-05T07:12:58.702800');
INSERT INTO "Profile" ("id", "name", "dob", "age", "gender", "address", "phone", "type", "created_at", "updated_at") VALUES (272, 'Joel Roberts', '1972-09-09', 80, 'Female', 'USNV Clark
FPO AP 76722', '+1-681-764-9804', 'patient', '2023-01-04T14:16:46.444909', '2023-08-09T04:39:03.957567');
INSERT INTO "Account" ("id", "profile_id", "username", "email", "password", "role", "created_at", "updated_at") VALUES (272, 272, 'uliu', 'davidclay@example.org', '5920b4f14b77c61736ce23b297afaa90c903c634510bcd03c28c300bd6005f8d', 'patient', '2023-02-20T19:01:48.394205', '2023-06-16T23:02:11.714633');
INSERT INTO "Profile" ("id", "name", "dob", "age", "gender", "address", "phone", "type", "created_at", "updated_at") VALUES (273, 'Dylan Guzman', '1947-09-03', 57, 'Female', '8458 Kayla Alley
Port Elizabeth, AZ 43739', '548.283.9974x1856', 'patient', '2023-02-24T08:57:37.061562', '2023-12-16T11:42:26.686694');
INSERT INTO "Account" ("id", "profile_id", "username", "email", "password", "role", "created_at", "updated_at") VALUES (273, 273, 'rose00', 'brandoncooper@example.com', '20cdbeb3ea46548d9ead9e29e702baae7ad55dd0781c684bc339a3a7270c467a', 'patient', '2023-05-27T19:12:11.218069', '2023-08-04T13:13:51.453543');
INSERT INTO "Profile" ("id", "name", "dob", "age", "gender", "address", "phone", "type", "created_at", "updated_at") VALUES (274, 'Linda Newman', '1944-11-26', 66, 'Female', 'Unit 5641 Box 8493
DPO AA 71458', '+1-246-279-0870x18726', 'patient', '2023-02-11T03:09:20.131304', '2023-10-01T01:03:01.233820');
INSERT INTO "Account" ("id", "profile_id", "username", "email", "password", "role", "created_at", "updated_at") VALUES (274, 274, 'swatson', 'williamsjoseph@example.com', '70eceeed81446d41a6431cf073cb23c0c2231baa613b75d161ea3bc9998bbaa3', 'patient', '2023-12-19T16:33:47.669174', '2023-02-17T21:01:02.281491');
INSERT INTO "Profile" ("id", "name", "dob", "age", "gender", "address", "phone", "type", "created_at", "updated_at") VALUES (275, 'Amanda Webb', '1985-09-23', 32, 'Male', 'USCGC Cardenas
FPO AA 22106', '706-822-1559x9672', 'patient', '2023-10-07T14:16:56.595553', '2023-03-09T01:29:33.718927');
INSERT INTO "Account" ("id", "profile_id", "username", "email", "password", "role", "created_at", "updated_at") VALUES (275, 275, 'davidsmith', 'jasonreid@example.net', '2713a45e4dc54306cf15374e14c5c3f441b879aa7f12784c5df1a0a654635a62', 'patient', '2023-10-16T16:46:04.407371', '2023-04-05T03:18:09.151269');
INSERT INTO "Profile" ("id", "name", "dob", "age", "gender", "address", "phone", "type", "created_at", "updated_at") VALUES (276, 'Steven Torres', '1961-12-30', 37, 'Female', '396 Jackson Vista Apt. 835
South Mariaberg, LA 44150', '001-353-912-9003x6221', 'patient', '2023-03-28T04:56:03.404288', '2023-10-11T11:36:18.021308');
INSERT INTO "Account" ("id", "profile_id", "username", "email", "password", "role", "created_at", "updated_at") VALUES (276, 276, 'cynthiaford', 'ronaldnelson@example.net', 'dc362294a3b40b9207acbcf15ae938f26600d5c5dca7bf83fcf563bec1f0afd8', 'patient', '2023-03-31T16:22:56.768509', '2023-05-07T03:04:05.221454');
INSERT INTO "Profile" ("id", "name", "dob", "age", "gender", "address", "phone", "type", "created_at", "updated_at") VALUES (277, 'Michael Spencer', '1954-08-03', 75, 'Male', '52516 Tiffany Islands Suite 591
Jonesmouth, PW 07346', '505.749.1477x44735', 'patient', '2023-10-09T03:29:15.910091', '2023-04-19T07:30:40.755563');
INSERT INTO "Account" ("id", "profile_id", "username", "email", "password", "role", "created_at", "updated_at") VALUES (277, 277, 'daniel71', 'beverly97@example.org', '066152a7bab94e6fde0fc4e5151c3739c1b7ac07438b63d2f318fd8dc438ca69', 'patient', '2023-11-05T10:56:00.262918', '2023-08-08T12:06:36.085854');
INSERT INTO "Profile" ("id", "name", "dob", "age", "gender", "address", "phone", "type", "created_at", "updated_at") VALUES (278, 'David Dixon', '1945-09-21', 41, 'Female', '1133 Ronald Camp
Hunterburgh, AS 73484', '852-478-7304', 'patient', '2023-04-26T00:18:40.544363', '2023-01-23T18:49:43.876054');
INSERT INTO "Account" ("id", "profile_id", "username", "email", "password", "role", "created_at", "updated_at") VALUES (278, 278, 'davidholt', 'qmurphy@example.org', '6bac67148fab4434a45317a56ef75ecfd48da301a632febe84598f05742798ad', 'patient', '2023-09-23T08:00:25.633176', '2023-06-25T16:15:49.444246');
INSERT INTO "Profile" ("id", "name", "dob", "age", "gender", "address", "phone", "type", "created_at", "updated_at") VALUES (279, 'Kayla Garcia', '1979-05-20', 47, 'Female', '734 Booth Parks Apt. 776
New Lisa, OR 09060', '233-262-9994x6645', 'patient', '2023-09-08T23:25:02.040552', '2023-02-10T19:52:41.158131');
INSERT INTO "Account" ("id", "profile_id", "username", "email", "password", "role", "created_at", "updated_at") VALUES (279, 279, 'timothy90', 'marissasutton@example.com', 'f283825b06b5519be35f7bfdc0bb4f10e916473e6fe3f86aac503d2354d5b723', 'patient', '2023-09-14T08:31:04.572316', '2023-07-16T16:04:59.990517');
INSERT INTO "Profile" ("id", "name", "dob", "age", "gender", "address", "phone", "type", "created_at", "updated_at") VALUES (280, 'Joseph Conway', '1954-07-16', 67, 'Female', '884 Aguilar Mill Apt. 857
Cynthiashire, MI 99359', '328.419.0221x79789', 'patient', '2023-04-19T22:09:29.775324', '2023-07-16T17:21:10.497777');
INSERT INTO "Account" ("id", "profile_id", "username", "email", "password", "role", "created_at", "updated_at") VALUES (280, 280, 'droach', 'howekaren@example.net', '47b7ddb207546eb5836794dc0c29768766417ae2d59fafdc45ed91f11aefe39b', 'patient', '2023-12-18T10:29:16.455272', '2023-12-03T20:38:54.724969');
INSERT INTO "Profile" ("id", "name", "dob", "age", "gender", "address", "phone", "type", "created_at", "updated_at") VALUES (281, 'Rachel Norton', '1956-10-19', 50, 'Female', '681 Ian Forge
East Allisonmouth, WV 57440', '+1-611-793-9781', 'patient', '2023-07-29T19:45:36.398306', '2023-11-20T01:16:10.537506');
INSERT INTO "Account" ("id", "profile_id", "username", "email", "password", "role", "created_at", "updated_at") VALUES (281, 281, 'rojaschristina', 'marthagriffin@example.net', '321d41da48f305106c5107f36c1d28a93d9f30cd351391d23e219486d17f23bd', 'patient', '2023-04-25T21:16:53.863293', '2023-07-23T22:33:13.781811');
INSERT INTO "Profile" ("id", "name", "dob", "age", "gender", "address", "phone", "type", "created_at", "updated_at") VALUES (282, 'Jay Clark', '1995-09-03', 79, 'Male', '880 Woodward Bridge Suite 326
Lake Julieville, OK 32106', '001-410-738-2974', 'patient', '2023-05-08T05:46:16.800532', '2023-03-30T13:53:58.512483');
INSERT INTO "Account" ("id", "profile_id", "username", "email", "password", "role", "created_at", "updated_at") VALUES (282, 282, 'dwilliams', 'margaret18@example.net', 'f2dba3799b12426227066f51b7dceaf6e4991bb2b23e6de29a19bdf39a0b1acc', 'patient', '2023-04-14T03:50:38.823057', '2023-01-23T04:51:56.752671');
INSERT INTO "Profile" ("id", "name", "dob", "age", "gender", "address", "phone", "type", "created_at", "updated_at") VALUES (283, 'Daniel Murray', '1969-01-17', 70, 'Male', 'PSC 8736, Box 6271
APO AE 90967', '(789)769-3353x900', 'patient', '2023-12-22T01:20:12.201020', '2023-12-22T11:20:04.789151');
INSERT INTO "Account" ("id", "profile_id", "username", "email", "password", "role", "created_at", "updated_at") VALUES (283, 283, 'odavis', 'shannon31@example.net', 'a393e8852af84f1bfedc0c0176fc67017f1006e77ae288f42d32b5d0e8106968', 'patient', '2023-05-21T10:38:44.721599', '2023-05-17T17:00:38.541720');
INSERT INTO "Profile" ("id", "name", "dob", "age", "gender", "address", "phone", "type", "created_at", "updated_at") VALUES (284, 'Laura Kelly', '1993-07-30', 69, 'Male', '3690 Mary Garden Suite 727
Port Ericchester, WI 85718', '(860)353-4281x6441', 'patient', '2023-01-13T17:25:38.498673', '2023-02-08T03:54:33.779184');
INSERT INTO "Account" ("id", "profile_id", "username", "email", "password", "role", "created_at", "updated_at") VALUES (284, 284, 'uhaley', 'matthewbrennan@example.net', '10d8dfe0f5ba6614095a3fbdd50441e904e941c5255dbe43c4264da21ae3ffcd', 'patient', '2023-05-30T02:13:10.834615', '2023-04-07T16:17:24.569520');
INSERT INTO "Profile" ("id", "name", "dob", "age", "gender", "address", "phone", "type", "created_at", "updated_at") VALUES (285, 'Tracey Johnson', '1985-12-24', 73, 'Female', '3042 Barnes Manors
Port William, CT 35011', '+1-844-271-8939x5309', 'patient', '2023-06-02T07:02:49.387908', '2023-05-27T09:01:28.640798');
INSERT INTO "Account" ("id", "profile_id", "username", "email", "password", "role", "created_at", "updated_at") VALUES (285, 285, 'hudsonglen', 'sheena87@example.com', '49faf2eab1ea3bc3bc61def55fddeb6c89cea831e1b7865292a856f2b89e79d4', 'patient', '2023-10-02T14:25:40.504930', '2023-05-08T14:53:06.911097');
INSERT INTO "Profile" ("id", "name", "dob", "age", "gender", "address", "phone", "type", "created_at", "updated_at") VALUES (286, 'Cynthia Decker', '1964-07-09', 21, 'Female', '71743 Darlene Manors Apt. 164
East Kevinborough, OR 66545', '001-881-687-3877x58333', 'patient', '2023-10-04T23:55:46.090204', '2023-06-13T14:53:39.272920');
INSERT INTO "Account" ("id", "profile_id", "username", "email", "password", "role", "created_at", "updated_at") VALUES (286, 286, 'clinton09', 'deandaniel@example.com', '00cb06ede0158ab0953dc0bbf4e539bf871f1fd2c357b3528994d038e311ae0e', 'patient', '2023-10-28T15:06:11.107760', '2023-11-14T21:33:54.506970');
INSERT INTO "Profile" ("id", "name", "dob", "age", "gender", "address", "phone", "type", "created_at", "updated_at") VALUES (287, 'Charlotte Anderson', '1952-03-17', 73, 'Female', '41231 Jennifer Knolls
Murraytown, KY 99848', '710-507-9419x324', 'patient', '2023-11-02T19:53:18.339311', '2023-08-23T03:24:06.602914');
INSERT INTO "Account" ("id", "profile_id", "username", "email", "password", "role", "created_at", "updated_at") VALUES (287, 287, 'howelljennifer', 'corey22@example.com', '9f78cdce3deb2c67975115d4c2e6b28af7a622d217d4de941e74ad59fb710216', 'patient', '2023-06-19T11:37:19.856261', '2023-08-02T19:21:59.860847');
INSERT INTO "Profile" ("id", "name", "dob", "age", "gender", "address", "phone", "type", "created_at", "updated_at") VALUES (288, 'Karen Garner', '2005-09-28', 53, 'Male', '22517 Leon Ferry Suite 043
South Cory, ND 82009', '5032468616', 'patient', '2023-06-22T20:38:56.432598', '2023-02-24T08:21:57.417040');
INSERT INTO "Account" ("id", "profile_id", "username", "email", "password", "role", "created_at", "updated_at") VALUES (288, 288, 'pwest', 'brianconrad@example.org', 'f5c87cae2543aec60935e2088f1bbd52ca41986f8d72c19cac4224d9e6cd1c06', 'patient', '2023-05-03T00:29:31.699721', '2023-10-16T10:36:10.578761');
INSERT INTO "Profile" ("id", "name", "dob", "age", "gender", "address", "phone", "type", "created_at", "updated_at") VALUES (289, 'Robert Griffith', '1948-03-25', 63, 'Male', '900 Marshall Rapids Suite 001
Sanchezmouth, AS 74305', '9074397130', 'patient', '2023-02-28T07:55:26.272658', '2023-02-09T17:35:46.487113');
INSERT INTO "Account" ("id", "profile_id", "username", "email", "password", "role", "created_at", "updated_at") VALUES (289, 289, 'vknight', 'pwilkerson@example.com', '865bc0090f27af0e60760858cb327ec18901b327658bebaa1cf1c04f1b16ef5b', 'patient', '2023-03-09T13:43:56.751148', '2023-01-10T01:58:41.762379');
INSERT INTO "Profile" ("id", "name", "dob", "age", "gender", "address", "phone", "type", "created_at", "updated_at") VALUES (290, 'Emily Weeks', '1992-07-18', 36, 'Male', '1928 Thomas Avenue
Scottbury, MT 07551', '(834)242-2521', 'patient', '2023-02-22T10:36:06.898258', '2023-03-07T21:56:50.499234');
INSERT INTO "Account" ("id", "profile_id", "username", "email", "password", "role", "created_at", "updated_at") VALUES (290, 290, 'karina20', 'kevin77@example.org', '59ab608fa7c4c17eda261a921222bc84b34006315173670cf161c42aa294da0e', 'patient', '2023-01-09T05:28:05.044256', '2023-09-03T11:35:02.659485');
INSERT INTO "Profile" ("id", "name", "dob", "age", "gender", "address", "phone", "type", "created_at", "updated_at") VALUES (291, 'Mario Stewart', '1957-12-20', 66, 'Male', '79480 Joseph Key Suite 985
South Benjaminville, CT 75863', '+1-615-989-1268x64986', 'patient', '2023-07-22T09:14:19.297228', '2023-10-15T23:36:22.271789');
INSERT INTO "Account" ("id", "profile_id", "username", "email", "password", "role", "created_at", "updated_at") VALUES (291, 291, 'dmartinez', 'akidd@example.net', 'b18d4f947726c543038b2a7baab1f3f96f6f28dc5eaf760806c610305c2bdfcd', 'patient', '2023-04-24T13:17:45.960965', '2023-04-05T05:01:59.549663');
INSERT INTO "Profile" ("id", "name", "dob", "age", "gender", "address", "phone", "type", "created_at", "updated_at") VALUES (292, 'Crystal Nicholson', '1978-12-09', 35, 'Female', '074 Christopher Hills
North Richardhaven, GU 26925', '(292)435-3484x8647', 'patient', '2023-02-12T16:27:22.869031', '2023-07-28T23:12:00.321669');
INSERT INTO "Account" ("id", "profile_id", "username", "email", "password", "role", "created_at", "updated_at") VALUES (292, 292, 'bflores', 'earlfoley@example.org', '1f6e462bcf01767db36251d418d168ae69a2269c38161086ba3a4943af46b7c5', 'patient', '2023-03-02T14:32:29.141472', '2023-09-28T15:02:38.522785');
INSERT INTO "Profile" ("id", "name", "dob", "age", "gender", "address", "phone", "type", "created_at", "updated_at") VALUES (293, 'Todd Hernandez Jr.', '2000-09-07', 75, 'Male', '00008 Wright Highway
Chavezshire, DE 80741', '3088899114', 'patient', '2023-10-18T14:08:02.956172', '2023-01-09T10:10:27.244014');
INSERT INTO "Account" ("id", "profile_id", "username", "email", "password", "role", "created_at", "updated_at") VALUES (293, 293, 'cruzkaren', 'loritaylor@example.com', 'b1a8fbd129c6be7396493faf68d5fd7bb6c1fcf675352d8dd1c84ff1e040f4c1', 'patient', '2023-06-16T06:08:09.393377', '2023-10-30T17:27:43.463870');
INSERT INTO "Profile" ("id", "name", "dob", "age", "gender", "address", "phone", "type", "created_at", "updated_at") VALUES (294, 'Theresa Ray', '1972-10-14', 71, 'Female', '0854 Sherri Way
Castilloview, MS 32606', '8003998433', 'patient', '2023-11-21T01:49:24.406947', '2023-09-21T04:14:14.568927');
INSERT INTO "Account" ("id", "profile_id", "username", "email", "password", "role", "created_at", "updated_at") VALUES (294, 294, 'stephaniemiller', 'millschristopher@example.org', 'fe3d630bc5852abccf261435a78399cbcafba29de6b26e47251d6135868f8e36', 'patient', '2023-07-22T03:03:55.947098', '2023-05-15T10:54:14.027262');
INSERT INTO "Profile" ("id", "name", "dob", "age", "gender", "address", "phone", "type", "created_at", "updated_at") VALUES (295, 'Jonathan Malone', '2004-06-23', 23, 'Male', '40153 Farmer Harbors
Jenkinsmouth, MD 49661', '001-999-444-9466', 'patient', '2023-09-18T15:58:20.022398', '2023-02-04T18:12:18.990200');
INSERT INTO "Account" ("id", "profile_id", "username", "email", "password", "role", "created_at", "updated_at") VALUES (295, 295, 'josephschneider', 'patrickjasmine@example.net', '2318aac9b65ae6f7fda4d53c9227e9479077bb87507bb387fea43722e82097ab', 'patient', '2023-09-08T16:38:35.996426', '2023-02-25T09:41:06.418079');
INSERT INTO "Profile" ("id", "name", "dob", "age", "gender", "address", "phone", "type", "created_at", "updated_at") VALUES (296, 'Daniel Griffin', '2001-12-06', 70, 'Female', '62085 Tyler Spurs
Rebeccamouth, IN 47491', '+1-336-442-3570x0412', 'patient', '2023-07-20T19:18:21.068201', '2023-05-01T20:29:16.551871');
INSERT INTO "Account" ("id", "profile_id", "username", "email", "password", "role", "created_at", "updated_at") VALUES (296, 296, 'parksshawna', 'kristievillegas@example.com', '4bf2dd4b6a3715364a7eba83b8e3409245ada003adb9a35a545046c03b42749b', 'patient', '2023-04-15T10:02:59.925754', '2023-11-12T07:48:02.978656');
INSERT INTO "Profile" ("id", "name", "dob", "age", "gender", "address", "phone", "type", "created_at", "updated_at") VALUES (297, 'Stephen Brown', '1981-09-19', 74, 'Female', '6001 Anna Pike Apt. 710
Lake Natashaburgh, ID 17167', '001-761-251-2048', 'patient', '2023-07-01T04:25:05.434031', '2023-06-06T07:05:30.563865');
INSERT INTO "Account" ("id", "profile_id", "username", "email", "password", "role", "created_at", "updated_at") VALUES (297, 297, 'jeffrey44', 'tswanson@example.net', 'e040a432d510703de4b4b28b06e37e9b94cc239d92ae010f4680572cad3042a9', 'patient', '2023-02-22T12:50:12.816916', '2023-06-10T02:08:42.856845');
INSERT INTO "Profile" ("id", "name", "dob", "age", "gender", "address", "phone", "type", "created_at", "updated_at") VALUES (298, 'Dr. Elizabeth Bryan', '1945-05-26', 77, 'Male', '05734 Bruce Green Apt. 586
South Yvetteside, GA 21889', '412-472-6708x66656', 'patient', '2023-04-11T11:40:37.731039', '2023-01-28T21:04:34.525247');
INSERT INTO "Account" ("id", "profile_id", "username", "email", "password", "role", "created_at", "updated_at") VALUES (298, 298, 'ahenson', 'rdixon@example.net', '73b4f2243e526201f2fedbe13c33e4eec631558c2d5b0d2639caae8622f90d3e', 'patient', '2023-06-20T00:25:27.070903', '2023-01-30T07:25:09.186601');
INSERT INTO "Profile" ("id", "name", "dob", "age", "gender", "address", "phone", "type", "created_at", "updated_at") VALUES (299, 'Anthony Clark', '1944-10-06', 44, 'Male', '489 Holder Drive
East Lawrence, KY 27957', '704-466-8212x1564', 'patient', '2023-05-10T22:01:43.311053', '2023-07-29T05:43:58.052116');
INSERT INTO "Account" ("id", "profile_id", "username", "email", "password", "role", "created_at", "updated_at") VALUES (299, 299, 'andreross', 'laurie11@example.org', '74a1ed391ac818d6c8f3ff74c06fcec678e8e6caa9b0c68581e5b71d223cf5c1', 'patient', '2023-08-11T22:26:34.085831', '2023-10-09T18:37:31.911783');
INSERT INTO "Profile" ("id", "name", "dob", "age", "gender", "address", "phone", "type", "created_at", "updated_at") VALUES (300, 'Angela Thomas', '1959-07-05', 43, 'Female', '43594 Jennifer Pines Suite 968
South Richardtown, MI 13390', '302-412-5434', 'patient', '2023-03-31T22:58:02.990156', '2023-01-11T16:01:52.211043');
INSERT INTO "Account" ("id", "profile_id", "username", "email", "password", "role", "created_at", "updated_at") VALUES (300, 300, 'nwilliams', 'psmith@example.com', 'f5a298f0a16eac0cbc11565acb9a3bcc2ffe8188da0304c4300fbdda6789dd9b', 'patient', '2023-09-17T17:23:52.214028', '2023-08-22T15:17:21.188167');
INSERT INTO "Profile" ("id", "name", "dob", "age", "gender", "address", "phone", "type", "created_at", "updated_at") VALUES (301, 'Amy Brown', '1954-02-04', 33, 'Female', 'Unit 3197 Box 8999
DPO AE 11010', '340-903-4713', 'patient', '2023-09-30T02:29:47.989712', '2023-08-03T15:34:00.639707');
INSERT INTO "Account" ("id", "profile_id", "username", "email", "password", "role", "created_at", "updated_at") VALUES (301, 301, 'jgill', 'vwilliams@example.org', 'a784647674b244db6d384bc419ac9c0854467ecd14a79d4aaa269722f879deef', 'patient', '2023-10-03T19:00:30.947895', '2023-11-18T19:33:02.938805');
INSERT INTO "Profile" ("id", "name", "dob", "age", "gender", "address", "phone", "type", "created_at", "updated_at") VALUES (302, 'William Kelly', '1988-11-17', 23, 'Female', 'Unit 0841 Box 9478
DPO AA 48297', '4113375358', 'patient', '2023-01-09T05:43:44.486165', '2023-12-02T20:02:35.068113');
INSERT INTO "Account" ("id", "profile_id", "username", "email", "password", "role", "created_at", "updated_at") VALUES (302, 302, 'amills', 'dtaylor@example.net', '785854665a1b578450ea359143de49dd77cf52cd3d1c97adadaa73bfd4c01c4a', 'patient', '2023-09-18T06:45:15.510368', '2023-06-20T07:59:45.558611');
INSERT INTO "Profile" ("id", "name", "dob", "age", "gender", "address", "phone", "type", "created_at", "updated_at") VALUES (303, 'Ashley Johnson', '1987-04-21', 32, 'Male', '23996 Castillo Trail Apt. 837
Maryton, NV 55449', '+1-710-924-8085', 'patient', '2023-11-12T15:15:41.438101', '2023-07-02T04:22:45.610537');
INSERT INTO "Account" ("id", "profile_id", "username", "email", "password", "role", "created_at", "updated_at") VALUES (303, 303, 'jacksonjonathan', 'james23@example.com', '8c0ebccb8af6ba6fb8d6c9242e27d85242ad80d6df393535629e5f74e8839d04', 'patient', '2023-03-01T01:35:03.452585', '2023-10-28T00:33:54.236396');
INSERT INTO "Profile" ("id", "name", "dob", "age", "gender", "address", "phone", "type", "created_at", "updated_at") VALUES (304, 'Andrew Holder', '1981-10-09', 38, 'Male', '4670 Owen Springs Suite 169
East Belindastad, UT 98617', '(315)201-6426', 'patient', '2023-06-24T20:16:26.497828', '2023-01-04T12:16:08.702660');
INSERT INTO "Account" ("id", "profile_id", "username", "email", "password", "role", "created_at", "updated_at") VALUES (304, 304, 'michaelkrause', 'patricia24@example.org', '076cfdcf8d8eaaee5b4038419a507fd5dc0f8c142b9128dae1656fb16a91c5f3', 'patient', '2023-09-10T22:06:21.716292', '2023-08-14T16:20:39.442286');
INSERT INTO "Profile" ("id", "name", "dob", "age", "gender", "address", "phone", "type", "created_at", "updated_at") VALUES (305, 'Laura Roberts', '1997-09-12', 71, 'Female', '04169 Lisa Island
North Dylan, MN 09842', '(375)386-4633x9534', 'patient', '2023-01-02T03:26:00.099756', '2023-01-07T05:10:32.876796');
INSERT INTO "Account" ("id", "profile_id", "username", "email", "password", "role", "created_at", "updated_at") VALUES (305, 305, 'gilmorejoshua', 'xfisher@example.org', '59847c42a8007acb9f0198e47b467164d21e79c1ba47467954c22c6bc589af5c', 'patient', '2023-10-26T13:48:59.867325', '2023-08-02T00:22:31.335454');
INSERT INTO "Profile" ("id", "name", "dob", "age", "gender", "address", "phone", "type", "created_at", "updated_at") VALUES (306, 'Tyler Flores', '1959-05-13', 68, 'Male', '81775 Dennis Ramp
Kathyfort, NY 13406', '654-826-0972x36024', 'patient', '2023-10-04T01:11:36.842635', '2023-11-03T16:44:32.921690');
INSERT INTO "Account" ("id", "profile_id", "username", "email", "password", "role", "created_at", "updated_at") VALUES (306, 306, 'kelsey67', 'wthomas@example.org', 'fb620b108b1e2eaf8d6d764df35f91bca236d9ae486f4bd0090e404e93b89341', 'patient', '2023-01-10T22:38:12.036240', '2023-03-16T02:25:27.267574');
INSERT INTO "Profile" ("id", "name", "dob", "age", "gender", "address", "phone", "type", "created_at", "updated_at") VALUES (307, 'Julie Ward', '1994-07-25', 26, 'Male', '370 Connor Island Suite 380
South Kenneth, CA 40047', '457.926.0292x54686', 'patient', '2023-03-09T16:20:28.309692', '2023-07-07T21:28:27.931700');
INSERT INTO "Account" ("id", "profile_id", "username", "email", "password", "role", "created_at", "updated_at") VALUES (307, 307, 'wendy76', 'aking@example.com', 'f66f9f9411c062797d3ce32632965b8a4cf02a38e2b224edd9b62142cfc63db3', 'patient', '2023-05-18T07:37:45.716038', '2023-03-17T07:15:17.878757');
INSERT INTO "Profile" ("id", "name", "dob", "age", "gender", "address", "phone", "type", "created_at", "updated_at") VALUES (308, 'Austin Davenport', '1956-10-29', 36, 'Female', '6259 Jeffery Pines Suite 879
South Paulatown, AS 35005', '486.993.2055x34050', 'patient', '2023-03-14T19:19:45.349887', '2023-06-02T04:41:48.230743');
INSERT INTO "Account" ("id", "profile_id", "username", "email", "password", "role", "created_at", "updated_at") VALUES (308, 308, 'kruegermark', 'qpatterson@example.org', 'f698cbb5630e43b2f1e791b3a87e5b8737307ec2fa04abcd774cb9d0844ec3ca', 'patient', '2023-09-06T04:18:17.826135', '2023-09-26T14:00:10.759577');
INSERT INTO "Profile" ("id", "name", "dob", "age", "gender", "address", "phone", "type", "created_at", "updated_at") VALUES (309, 'Anthony Wells', '1981-04-29', 62, 'Male', '4261 John Tunnel Suite 227
Port Richard, MP 17571', '732.902.2271x117', 'patient', '2023-06-05T00:53:33.949564', '2023-02-13T22:21:55.577996');
INSERT INTO "Account" ("id", "profile_id", "username", "email", "password", "role", "created_at", "updated_at") VALUES (309, 309, 'krodriguez', 'chaneric@example.net', 'b559bad287826f244c3c89d99cc05210b6d6aecdde664d1c7ecbd88bc7be61d5', 'patient', '2023-04-16T04:16:05.613459', '2023-11-01T17:20:23.632189');
INSERT INTO "Profile" ("id", "name", "dob", "age", "gender", "address", "phone", "type", "created_at", "updated_at") VALUES (310, 'Juan Johnson', '1954-11-20', 66, 'Female', '039 Jacob Falls Suite 980
West Jackfurt, KY 65441', '506-380-1770', 'patient', '2023-05-26T14:56:33.442621', '2023-03-12T14:56:33.013855');
INSERT INTO "Account" ("id", "profile_id", "username", "email", "password", "role", "created_at", "updated_at") VALUES (310, 310, 'beasleygina', 'carterjames@example.org', '890a5849c3e01cf829e24ebeb59d02b589a1e244f8762263f7076b4c7546e69b', 'patient', '2023-06-17T00:24:31.870228', '2023-04-03T09:14:31.459830');
INSERT INTO "Profile" ("id", "name", "dob", "age", "gender", "address", "phone", "type", "created_at", "updated_at") VALUES (311, 'Kenneth Farrell', '1998-03-10', 46, 'Male', '6380 Susan Bypass Suite 540
West Christina, RI 72596', '319-839-3272x72812', 'patient', '2023-03-22T21:12:53.909587', '2023-08-26T09:46:16.450285');
INSERT INTO "Account" ("id", "profile_id", "username", "email", "password", "role", "created_at", "updated_at") VALUES (311, 311, 'theresa96', 'martinezrussell@example.com', '183d3c15770d494feab618ac43e44f0f9921ec1a2d91b0f74f91c00ca2bf80e9', 'patient', '2023-08-24T02:25:19.706495', '2023-10-27T23:00:45.534776');
INSERT INTO "Profile" ("id", "name", "dob", "age", "gender", "address", "phone", "type", "created_at", "updated_at") VALUES (312, 'Christopher Newman', '1966-03-28', 75, 'Male', '9950 Sharp Parkways Suite 406
Chaneychester, PR 03345', '(408)401-9290', 'patient', '2023-10-08T21:06:36.736244', '2023-11-26T02:22:40.598711');
INSERT INTO "Account" ("id", "profile_id", "username", "email", "password", "role", "created_at", "updated_at") VALUES (312, 312, 'nicole39', 'ramirezamy@example.org', '989e59892144de43177e15c798a788abbd0dff1c688e0373792de22ee6709338', 'patient', '2023-03-05T02:24:33.861717', '2023-02-27T02:28:53.153463');
INSERT INTO "Profile" ("id", "name", "dob", "age", "gender", "address", "phone", "type", "created_at", "updated_at") VALUES (313, 'Danielle Thompson', '2004-02-18', 19, 'Female', '25550 Christine Stream
West Justin, WY 94599', '+1-403-669-8884x39333', 'patient', '2023-11-06T07:52:09.360498', '2023-05-24T10:58:55.449249');
INSERT INTO "Account" ("id", "profile_id", "username", "email", "password", "role", "created_at", "updated_at") VALUES (313, 313, 'brittanyanderson', 'reedjulie@example.net', 'ed092ea282f20fb72d7d70dbe08894a1113df02565f3763e07f5fb09556e950c', 'patient', '2023-03-25T21:34:23.292013', '2023-02-15T23:34:49.779889');
INSERT INTO "Profile" ("id", "name", "dob", "age", "gender", "address", "phone", "type", "created_at", "updated_at") VALUES (314, 'Debra Nelson', '1954-01-01', 31, 'Male', '9659 Stephanie Crest Apt. 376
North Timothy, ME 77571', '(942)710-6294x193', 'patient', '2023-08-15T10:57:49.194180', '2023-10-18T01:06:20.291487');
INSERT INTO "Account" ("id", "profile_id", "username", "email", "password", "role", "created_at", "updated_at") VALUES (314, 314, 'henrygriffin', 'corywatson@example.net', '21240dc4119303fb45a095eb321a5f554fde51cb05ba2e4aa9f247fecb28f7d3', 'patient', '2023-12-10T16:07:49.308154', '2023-11-08T05:01:32.874440');
INSERT INTO "Profile" ("id", "name", "dob", "age", "gender", "address", "phone", "type", "created_at", "updated_at") VALUES (315, 'Fernando Contreras', '1975-11-12', 53, 'Female', 'PSC 4612, Box 0961
APO AA 30459', '6092928452', 'patient', '2023-03-11T13:01:44.713763', '2023-09-14T16:11:42.359312');
INSERT INTO "Account" ("id", "profile_id", "username", "email", "password", "role", "created_at", "updated_at") VALUES (315, 315, 'gomezjerry', 'michael51@example.com', 'da41ceefa41dbeccd392d57669a4076171a9ecf0320fd9e655c0aad9925e6a64', 'patient', '2023-10-08T23:15:27.597230', '2023-02-06T12:48:38.142004');
INSERT INTO "Profile" ("id", "name", "dob", "age", "gender", "address", "phone", "type", "created_at", "updated_at") VALUES (316, 'Elizabeth Wade', '1946-12-05', 25, 'Female', '724 Jacobs Crossroad Suite 422
New Amyview, SC 89027', '581-592-0487x70676', 'patient', '2023-11-17T13:09:46.131774', '2023-10-03T17:59:20.543163');
INSERT INTO "Account" ("id", "profile_id", "username", "email", "password", "role", "created_at", "updated_at") VALUES (316, 316, 'wgomez', 'martintanner@example.net', '66e5f425b8017c6d05c481e5a40e5de00c5d12fc4ab8e4303c201fd98f0020de', 'patient', '2023-12-16T10:51:56.954574', '2023-04-11T01:51:02.324511');
INSERT INTO "Profile" ("id", "name", "dob", "age", "gender", "address", "phone", "type", "created_at", "updated_at") VALUES (317, 'Felicia Gordon', '1993-03-26', 33, 'Female', '825 Page Neck
South Kristina, AK 97449', '846.472.9254x35519', 'patient', '2023-07-22T04:24:13.406594', '2023-03-04T19:57:05.855639');
INSERT INTO "Account" ("id", "profile_id", "username", "email", "password", "role", "created_at", "updated_at") VALUES (317, 317, 'alan18', 'michaelflynn@example.net', '2b86edc439bd6abe458ec5f0b7d7a7036dc37d6a962d532f66f94ed6d39401cf', 'patient', '2023-10-03T12:33:58.758692', '2023-12-26T22:39:19.319858');
INSERT INTO "Profile" ("id", "name", "dob", "age", "gender", "address", "phone", "type", "created_at", "updated_at") VALUES (318, 'Juan Lopez', '1991-09-23', 25, 'Male', '22341 Hudson Extensions
Port Alexanderchester, MO 22814', '001-870-526-6045x095', 'patient', '2023-03-09T09:08:04.062101', '2023-06-23T16:56:30.817064');
INSERT INTO "Account" ("id", "profile_id", "username", "email", "password", "role", "created_at", "updated_at") VALUES (318, 318, 'deborah03', 'williamskathleen@example.net', '8710a13791199048cea6eee31ae90b8a29591de8afc7df3aa6583ab0de9ca536', 'patient', '2023-05-15T22:44:44.414266', '2023-03-15T02:07:14.292192');
INSERT INTO "Profile" ("id", "name", "dob", "age", "gender", "address", "phone", "type", "created_at", "updated_at") VALUES (319, 'Brandy Evans', '1973-01-10', 33, 'Female', '0060 Steven Shoals
West Ricardofurt, DE 90296', '001-760-576-2643x8500', 'patient', '2023-06-18T13:01:11.635456', '2023-03-14T18:11:49.320333');
INSERT INTO "Account" ("id", "profile_id", "username", "email", "password", "role", "created_at", "updated_at") VALUES (319, 319, 'bdavis', 'meredithnunez@example.org', '347a0606f052b97ea243ac7fdd1f568b8b8e7da5057cb1b0a2057e271252c3cf', 'patient', '2023-11-19T12:36:42.847294', '2023-10-14T06:52:12.739474');
INSERT INTO "Profile" ("id", "name", "dob", "age", "gender", "address", "phone", "type", "created_at", "updated_at") VALUES (320, 'Marvin Sparks', '1960-02-18', 58, 'Female', '2316 Hill Viaduct Suite 137
South Terry, MH 51404', '857.360.6349x42904', 'patient', '2023-06-22T07:27:37.866515', '2023-11-09T10:31:41.248343');
INSERT INTO "Account" ("id", "profile_id", "username", "email", "password", "role", "created_at", "updated_at") VALUES (320, 320, 'huntscott', 'hufftroy@example.net', '3519036e5fee91e515a46eb30ff093bd5f6ed055bb88250865abcdc72fb84a5a', 'patient', '2023-03-04T18:23:48.265434', '2023-09-11T19:54:10.773718');
INSERT INTO "Profile" ("id", "name", "dob", "age", "gender", "address", "phone", "type", "created_at", "updated_at") VALUES (321, 'Christopher Castro', '1971-11-14', 22, 'Male', '72345 Norman Underpass Apt. 869
Shanetown, GA 47547', '585-836-2689x0472', 'patient', '2023-09-25T03:43:08.879956', '2023-04-07T21:42:05.520165');
INSERT INTO "Account" ("id", "profile_id", "username", "email", "password", "role", "created_at", "updated_at") VALUES (321, 321, 'krauseaaron', 'jeremy55@example.com', '56b88372529d42e340e4344542f745a7f149db97db69ccdd59f1ccd9db4f73fe', 'patient', '2023-04-08T12:31:19.001661', '2023-02-03T06:12:37.821201');
INSERT INTO "Profile" ("id", "name", "dob", "age", "gender", "address", "phone", "type", "created_at", "updated_at") VALUES (322, 'Cynthia Deleon', '1981-10-30', 71, 'Female', '378 Jose Meadow
West Tracychester, WA 12803', '937-788-4437x0661', 'patient', '2023-11-16T18:18:58.523886', '2023-04-04T07:58:24.361984');
INSERT INTO "Account" ("id", "profile_id", "username", "email", "password", "role", "created_at", "updated_at") VALUES (322, 322, 'isweeney', 'zfischer@example.net', 'fb525ce94cf089076c5eb71c710ecf044fd2d781cca48fb86ff85233abcfad11', 'patient', '2023-11-25T02:00:36.613103', '2023-10-12T16:50:58.036992');
INSERT INTO "Profile" ("id", "name", "dob", "age", "gender", "address", "phone", "type", "created_at", "updated_at") VALUES (323, 'Edward Benson', '1976-07-17', 56, 'Male', '27729 Alex Path
Matthewmouth, SD 74176', '(604)835-6605x0337', 'patient', '2023-08-04T12:56:10.373735', '2023-03-31T09:58:23.870211');
INSERT INTO "Account" ("id", "profile_id", "username", "email", "password", "role", "created_at", "updated_at") VALUES (323, 323, 'sandersdeanna', 'andrewsullivan@example.net', '53f7dd8d49aeeac992c3a50ca2e0cdcc2d5710ebae847ac34e3751ae91e4318e', 'patient', '2023-11-26T08:00:51.522297', '2023-07-19T11:16:20.924360');
INSERT INTO "Profile" ("id", "name", "dob", "age", "gender", "address", "phone", "type", "created_at", "updated_at") VALUES (324, 'Nicholas Fisher', '1999-10-02', 58, 'Male', '90878 Murphy Parkway Suite 906
Waltonshire, MT 27285', '428-498-7605x5049', 'patient', '2023-10-29T13:12:55.296764', '2023-09-10T18:53:02.129282');
INSERT INTO "Account" ("id", "profile_id", "username", "email", "password", "role", "created_at", "updated_at") VALUES (324, 324, 'bakermelissa', 'whubbard@example.org', 'c890f280274d109a944d16b44e934835c41152c712535da774d3a0e41b55662a', 'patient', '2023-05-27T03:15:56.537020', '2023-09-21T06:38:53.841888');
INSERT INTO "Profile" ("id", "name", "dob", "age", "gender", "address", "phone", "type", "created_at", "updated_at") VALUES (325, 'James Lopez', '1947-09-03', 63, 'Male', '073 Katie Pass
Lake Wandaside, GA 64796', '982-265-3371', 'patient', '2023-07-14T08:05:35.812954', '2023-10-27T08:07:26.902984');
INSERT INTO "Account" ("id", "profile_id", "username", "email", "password", "role", "created_at", "updated_at") VALUES (325, 325, 'cheryl26', 'eric39@example.net', '148932f9448afc9507ba742e5a5fd74c7528aa7dececc205fe37f274edca538d', 'patient', '2023-08-31T00:17:28.318001', '2023-12-20T23:33:05.809199');
INSERT INTO "Profile" ("id", "name", "dob", "age", "gender", "address", "phone", "type", "created_at", "updated_at") VALUES (326, 'Ray Rosario', '1962-11-15', 36, 'Female', 'Unit 9014 Box 5996
DPO AA 04011', '(492)619-5873x0549', 'patient', '2023-03-26T10:45:15.322722', '2023-11-29T03:16:29.515355');
INSERT INTO "Account" ("id", "profile_id", "username", "email", "password", "role", "created_at", "updated_at") VALUES (326, 326, 'donna30', 'kirstenbenson@example.net', '5e17601fb9b38966e7b19390f840c93f944d125756992e0cc931845272c0ce88', 'patient', '2023-09-21T18:47:50.449522', '2023-02-10T15:20:23.436728');
INSERT INTO "Profile" ("id", "name", "dob", "age", "gender", "address", "phone", "type", "created_at", "updated_at") VALUES (327, 'Scott Smith', '1983-10-05', 18, 'Female', 'USNV Alvarado
FPO AP 15429', '989-201-6492x81503', 'patient', '2023-02-11T15:43:38.105452', '2023-01-20T19:13:53.527375');
INSERT INTO "Account" ("id", "profile_id", "username", "email", "password", "role", "created_at", "updated_at") VALUES (327, 327, 'robertevans', 'nhobbs@example.org', '6967b48d19a6cd070f160d80fb8aba48f4d1b1124d9aa7d864b4b7a555f8acee', 'patient', '2023-07-16T08:23:01.939818', '2023-07-08T09:35:27.546979');
INSERT INTO "Profile" ("id", "name", "dob", "age", "gender", "address", "phone", "type", "created_at", "updated_at") VALUES (328, 'Tonya Jones', '1953-11-08', 33, 'Female', '682 Whitaker Ville
Karentown, TN 03022', '828.289.5927x411', 'patient', '2023-06-03T23:10:25.699554', '2023-08-04T14:39:00.236481');
INSERT INTO "Account" ("id", "profile_id", "username", "email", "password", "role", "created_at", "updated_at") VALUES (328, 328, 'ballnicole', 'kgarrison@example.com', '99aa5dce6664474d0283daf1d22253ecfee07b6b30ce140ddaa05c6f8a713172', 'patient', '2023-02-18T04:55:24.021933', '2023-07-22T22:03:06.768466');
INSERT INTO "Profile" ("id", "name", "dob", "age", "gender", "address", "phone", "type", "created_at", "updated_at") VALUES (329, 'Sara Allen', '1951-05-19', 29, 'Male', '3444 Mark Ranch
Mccoyburgh, SD 33672', '287-301-2042x42536', 'patient', '2023-12-08T17:15:05.559947', '2023-02-26T20:39:05.218174');
INSERT INTO "Account" ("id", "profile_id", "username", "email", "password", "role", "created_at", "updated_at") VALUES (329, 329, 'stephenwright', 'andreaadams@example.com', 'd2531b60be41058ad8748efd182714489f3e156fd6bb91dc75e89ae32fd22bcf', 'patient', '2023-10-25T03:44:30.788408', '2023-09-14T08:01:50.228965');
INSERT INTO "Profile" ("id", "name", "dob", "age", "gender", "address", "phone", "type", "created_at", "updated_at") VALUES (330, 'James Juarez', '1943-11-12', 51, 'Female', 'PSC 4365, Box 2405
APO AA 29639', '001-664-481-8754x036', 'patient', '2023-02-13T06:19:47.499480', '2023-11-15T05:41:42.976255');
INSERT INTO "Account" ("id", "profile_id", "username", "email", "password", "role", "created_at", "updated_at") VALUES (330, 330, 'pbolton', 'joshua66@example.org', '8e71f3ea8520db3205e4843fde0d896b9360755da9a6ea5b5282782f44b216a1', 'patient', '2023-12-16T16:56:20.840537', '2023-03-26T00:27:10.753738');
INSERT INTO "Profile" ("id", "name", "dob", "age", "gender", "address", "phone", "type", "created_at", "updated_at") VALUES (331, 'Jamie Ford', '1992-09-02', 22, 'Male', 'Unit 6491 Box 2594
DPO AP 64018', '+1-422-204-2986x22699', 'patient', '2023-05-20T17:09:11.958127', '2023-05-25T22:16:59.841819');
INSERT INTO "Account" ("id", "profile_id", "username", "email", "password", "role", "created_at", "updated_at") VALUES (331, 331, 'kfry', 'wthompson@example.com', 'cc0035683b5ce48c5c24ea8a6484c80566ccffdce84e2bceeb37874ee8ac5bdc', 'patient', '2023-08-03T18:18:52.619250', '2023-11-20T20:18:37.187519');
INSERT INTO "Profile" ("id", "name", "dob", "age", "gender", "address", "phone", "type", "created_at", "updated_at") VALUES (332, 'Samantha Chapman', '1990-04-06', 42, 'Female', '58768 Mckinney Mission
West Sabrina, NE 02120', '513-548-2084x9315', 'patient', '2023-12-22T06:45:27.097342', '2023-08-07T05:08:58.822837');
INSERT INTO "Account" ("id", "profile_id", "username", "email", "password", "role", "created_at", "updated_at") VALUES (332, 332, 'vickiepowell', 'smithcarl@example.com', 'ef84064c5705ebbce9e57044c5de8b37da732469adcace38348acd01d84a6b50', 'patient', '2023-12-23T07:34:19.085680', '2023-09-12T05:10:48.153302');
INSERT INTO "Profile" ("id", "name", "dob", "age", "gender", "address", "phone", "type", "created_at", "updated_at") VALUES (333, 'Bridget Jensen', '1990-11-17', 20, 'Female', '304 Jeff Crest Apt. 389
Morrisside, NJ 17854', '4996865642', 'patient', '2023-11-27T17:26:54.447870', '2023-04-30T22:34:08.285485');
INSERT INTO "Account" ("id", "profile_id", "username", "email", "password", "role", "created_at", "updated_at") VALUES (333, 333, 'brianwhite', 'marie09@example.com', 'a68294e423fa40e4cec98c409b2aa9ce3657a09b4dd9afaaaba581781fe31914', 'patient', '2023-06-05T19:56:38.529759', '2023-12-10T00:53:18.733385');
INSERT INTO "Profile" ("id", "name", "dob", "age", "gender", "address", "phone", "type", "created_at", "updated_at") VALUES (334, 'Tony Hansen', '1982-11-26', 80, 'Female', '568 Natasha Corner
Hopkinsbury, SC 00865', '296.661.8695x724', 'patient', '2023-04-01T05:43:53.043604', '2023-12-08T22:23:35.582291');
INSERT INTO "Account" ("id", "profile_id", "username", "email", "password", "role", "created_at", "updated_at") VALUES (334, 334, 'tscott', 'louisbrandt@example.net', '01139fbc8e21babd98e1de7e744232af83354ca4c90766d8180143fabba7294e', 'patient', '2023-08-29T09:55:10.813148', '2023-04-25T22:22:45.328644');
INSERT INTO "Profile" ("id", "name", "dob", "age", "gender", "address", "phone", "type", "created_at", "updated_at") VALUES (335, 'Adam Crawford', '1975-01-21', 34, 'Male', '5036 Katherine Track
North Dwayne, MA 82029', '001-699-419-3873x3703', 'patient', '2023-10-22T23:20:57.480733', '2023-11-07T01:11:10.015805');
INSERT INTO "Account" ("id", "profile_id", "username", "email", "password", "role", "created_at", "updated_at") VALUES (335, 335, 'joshua74', 'chantrevor@example.org', '6d08f0803bb89d5705bc20e50b33b392ddc2dfe6bfcc7a901cd3d7b78ee61e77', 'patient', '2023-12-15T23:48:21.466882', '2023-06-01T10:01:32.798783');
INSERT INTO "Profile" ("id", "name", "dob", "age", "gender", "address", "phone", "type", "created_at", "updated_at") VALUES (336, 'Darin Downs', '2001-12-19', 40, 'Male', '5191 Soto Spurs Suite 173
Port Amanda, MI 10784', '756-734-0918x580', 'patient', '2023-07-18T05:42:16.404616', '2023-01-29T18:36:47.882019');
INSERT INTO "Account" ("id", "profile_id", "username", "email", "password", "role", "created_at", "updated_at") VALUES (336, 336, 'morrismary', 'joseph96@example.net', 'e2ba824e4d02a3877ffa99bebd9e59dead7dd3193440d2afb65545523f802914', 'patient', '2023-08-08T05:29:41.541191', '2023-02-12T13:52:39.127800');
INSERT INTO "Profile" ("id", "name", "dob", "age", "gender", "address", "phone", "type", "created_at", "updated_at") VALUES (337, 'Matthew Nicholson', '1943-12-26', 40, 'Male', '45418 Rollins Trace
New Sandra, VT 72057', '(421)280-3966', 'patient', '2023-03-28T19:57:00.420099', '2023-05-16T07:34:45.824679');
INSERT INTO "Account" ("id", "profile_id", "username", "email", "password", "role", "created_at", "updated_at") VALUES (337, 337, 'rcohen', 'kelleramanda@example.org', '8b697fdc3a16f2e23a5ecef8e3fc0dd90ca95e56aa41511b4b19ca2184c20135', 'patient', '2023-04-28T02:20:08.865151', '2023-08-10T08:11:28.386586');
INSERT INTO "Profile" ("id", "name", "dob", "age", "gender", "address", "phone", "type", "created_at", "updated_at") VALUES (338, 'Wesley Reyes', '1987-06-01', 64, 'Male', '35623 Sarah Rapids
Evanstown, NY 66984', '4672089870', 'patient', '2023-12-23T08:57:46.227296', '2023-09-18T11:49:11.500288');
INSERT INTO "Account" ("id", "profile_id", "username", "email", "password", "role", "created_at", "updated_at") VALUES (338, 338, 'fernandezjennifer', 'michelle11@example.org', 'e337eabeb97ee10464231cd3a69a31dc85744acfa3af4073ac890619b392549a', 'patient', '2023-11-28T09:51:11.463766', '2023-10-23T02:46:19.337953');
INSERT INTO "Profile" ("id", "name", "dob", "age", "gender", "address", "phone", "type", "created_at", "updated_at") VALUES (339, 'Brent Medina', '1978-09-09', 67, 'Female', '63211 Johnson Motorway Apt. 205
New Rebecca, TX 01419', '374.654.4708x2317', 'patient', '2023-05-23T02:32:51.344344', '2023-01-27T17:28:24.541378');
INSERT INTO "Account" ("id", "profile_id", "username", "email", "password", "role", "created_at", "updated_at") VALUES (339, 339, 'jessica94', 'fwalter@example.com', '76f8bacac8e3a53f85d168dc19d45d1aa9883b74f185dae39d45ee46a5ff2c7d', 'patient', '2023-02-18T03:30:54.991953', '2023-05-29T07:26:27.894418');
INSERT INTO "Profile" ("id", "name", "dob", "age", "gender", "address", "phone", "type", "created_at", "updated_at") VALUES (340, 'Michael Johnston', '2001-12-15', 26, 'Male', '61840 Nathaniel Via
Smithfurt, NC 53098', '8502630663', 'patient', '2023-05-16T00:44:47.408652', '2023-02-17T01:15:54.598227');
INSERT INTO "Account" ("id", "profile_id", "username", "email", "password", "role", "created_at", "updated_at") VALUES (340, 340, 'hollandroy', 'hansonbriana@example.org', 'b2d9f37330b8ca487377e52d47375c3b9fe876c150cecd72393011aea48b60c6', 'patient', '2023-08-02T12:54:05.617926', '2023-08-04T14:54:08.319299');
INSERT INTO "Profile" ("id", "name", "dob", "age", "gender", "address", "phone", "type", "created_at", "updated_at") VALUES (341, 'Amy Yang DDS', '1952-11-01', 40, 'Female', '2375 Horton Lakes Apt. 192
Williamsside, NE 06136', '(475)274-5449', 'patient', '2023-04-27T02:58:58.487748', '2023-09-29T23:14:51.187777');
INSERT INTO "Account" ("id", "profile_id", "username", "email", "password", "role", "created_at", "updated_at") VALUES (341, 341, 'heather53', 'martinezallen@example.net', '302d948ac0cbd7b26e64668fb2f124952d7259974280af178e4464d1e114f5ae', 'patient', '2023-07-19T11:32:15.924484', '2023-05-22T16:50:03.774518');
INSERT INTO "Profile" ("id", "name", "dob", "age", "gender", "address", "phone", "type", "created_at", "updated_at") VALUES (342, 'Kendra Campbell', '1996-09-02', 70, 'Male', '6229 Hernandez Park Suite 056
Smithchester, CT 55551', '(448)860-7047', 'patient', '2023-11-25T06:06:14.488367', '2023-05-28T19:44:00.648403');
INSERT INTO "Account" ("id", "profile_id", "username", "email", "password", "role", "created_at", "updated_at") VALUES (342, 342, 'jamesmarsh', 'diazmichael@example.org', '6aa235cca4801c9da157bef1b444c1529e45efbc8e48a3ff14269742c3c7c489', 'patient', '2023-03-14T10:52:53.035141', '2023-01-02T14:09:32.797557');
INSERT INTO "Profile" ("id", "name", "dob", "age", "gender", "address", "phone", "type", "created_at", "updated_at") VALUES (343, 'Michael Walters', '1949-06-30', 71, 'Female', '6058 Armstrong Landing
East Jonathan, CA 27919', '695.747.9406', 'patient', '2023-03-19T19:42:20.739871', '2023-09-05T12:33:43.889849');
INSERT INTO "Account" ("id", "profile_id", "username", "email", "password", "role", "created_at", "updated_at") VALUES (343, 343, 'heather79', 'floressteve@example.net', '61f7d33438104d8628529fe532da0e25d43caa43a5ed427ba6b677596d8ad457', 'patient', '2023-01-30T02:27:35.834538', '2023-08-23T01:07:25.681469');
INSERT INTO "Profile" ("id", "name", "dob", "age", "gender", "address", "phone", "type", "created_at", "updated_at") VALUES (344, 'Laura Sanders', '2004-07-29', 80, 'Female', 'USCGC Carpenter
FPO AA 43767', '(218)733-5974x8768', 'patient', '2023-09-07T22:42:12.618104', '2023-01-18T21:36:06.415290');
INSERT INTO "Account" ("id", "profile_id", "username", "email", "password", "role", "created_at", "updated_at") VALUES (344, 344, 'tarachaney', 'zabbott@example.net', '9a8660d8ca3a90c609fdff794b75b39e2a2f3d0217e7f5f18a6b43cc336efb57', 'patient', '2023-04-07T14:10:41.004791', '2023-11-08T09:59:09.308080');
INSERT INTO "Profile" ("id", "name", "dob", "age", "gender", "address", "phone", "type", "created_at", "updated_at") VALUES (345, 'Ariel Lopez', '1945-06-04', 58, 'Male', '33297 Kristi Dale Apt. 964
Billside, PW 17982', '432-567-6992x42773', 'patient', '2023-09-20T10:02:41.741952', '2023-11-12T18:11:04.735778');
INSERT INTO "Account" ("id", "profile_id", "username", "email", "password", "role", "created_at", "updated_at") VALUES (345, 345, 'brandonallen', 'andrewdavis@example.net', 'ff29045d2b8e395d40e18bf4d7c8abd0db838de1821dd819fe0daf666da57826', 'patient', '2023-01-24T18:05:58.834553', '2023-08-13T12:46:42.031720');
INSERT INTO "Profile" ("id", "name", "dob", "age", "gender", "address", "phone", "type", "created_at", "updated_at") VALUES (346, 'Robert Black', '1962-04-18', 69, 'Male', '1998 Pamela Branch Suite 551
Meganmouth, DC 51488', '5753699913', 'patient', '2023-01-11T17:18:50.821923', '2023-09-18T20:24:03.889528');
INSERT INTO "Account" ("id", "profile_id", "username", "email", "password", "role", "created_at", "updated_at") VALUES (346, 346, 'pkramer', 'emilylopez@example.com', '623cbb4e8842d99724d8f3b0e6ef3a99fc1c0bbf7f3aedbba5477473e22d54ca', 'patient', '2023-09-21T19:02:04.594136', '2023-02-24T19:11:09.319224');
INSERT INTO "Profile" ("id", "name", "dob", "age", "gender", "address", "phone", "type", "created_at", "updated_at") VALUES (347, 'Jerry Owens', '1956-08-26', 22, 'Female', '6470 Smith Point
Brianfurt, AS 05029', '495-929-8424x10740', 'patient', '2023-04-09T08:53:31.526056', '2023-09-03T20:16:21.380286');
INSERT INTO "Account" ("id", "profile_id", "username", "email", "password", "role", "created_at", "updated_at") VALUES (347, 347, 'wkennedy', 'william67@example.com', '25d748c2e5f743bc312f7d7300bcacf9d8c612254ad942bb4b19caa5501e90ed', 'patient', '2023-07-27T04:18:35.205688', '2023-01-01T21:08:39.265217');
INSERT INTO "Profile" ("id", "name", "dob", "age", "gender", "address", "phone", "type", "created_at", "updated_at") VALUES (348, 'Sandra Smith', '1946-05-03', 20, 'Female', '564 Daniel Haven
Adamsfort, SD 77335', '618.339.9798', 'patient', '2023-04-04T19:09:27.585002', '2023-11-29T15:47:06.375180');
INSERT INTO "Account" ("id", "profile_id", "username", "email", "password", "role", "created_at", "updated_at") VALUES (348, 348, 'vjohnson', 'lisa04@example.net', '164a655606c9273563b9930b26ef2d534fbbe37913b2e197c507c08a9741c7e3', 'patient', '2023-08-29T21:49:26.970055', '2023-02-22T00:34:13.954835');
INSERT INTO "Profile" ("id", "name", "dob", "age", "gender", "address", "phone", "type", "created_at", "updated_at") VALUES (349, 'Shane Phillips', '1951-11-08', 30, 'Male', '1212 Donna Cove Suite 948
Jeremytown, AL 92225', '627-962-2398', 'patient', '2023-04-20T06:17:44.569296', '2023-10-28T22:08:46.928187');
INSERT INTO "Account" ("id", "profile_id", "username", "email", "password", "role", "created_at", "updated_at") VALUES (349, 349, 'matthewespinoza', 'gbrown@example.net', 'e27cb42e8a72c4aeb58c80853a2324b333da3187733554f08f79b8ac5a2e58e2', 'patient', '2023-11-27T20:57:59.781673', '2023-02-16T20:54:57.829605');
INSERT INTO "Profile" ("id", "name", "dob", "age", "gender", "address", "phone", "type", "created_at", "updated_at") VALUES (350, 'Marvin Banks', '1947-06-17', 68, 'Male', '68061 Heidi Glens Suite 647
Petermouth, NY 56649', '+1-879-349-6383x09723', 'patient', '2023-01-19T10:52:26.638149', '2023-07-17T15:40:34.905227');
INSERT INTO "Account" ("id", "profile_id", "username", "email", "password", "role", "created_at", "updated_at") VALUES (350, 350, 'robertcruz', 'adrianbarnes@example.com', 'e9d737886d94c7b716507d8b4b2d5b8e9fa10c947f991fb9d95faaf406ce1fb5', 'patient', '2023-09-24T14:43:33.601753', '2023-09-07T02:46:37.410358');

-- Scheduling and Related Data
INSERT INTO "Scheduling" ("id", "staff_id", "patient_id", "service_id", "date", "session", "status", "created_at", "updated_at") VALUES (1, 3, 314, 7, '2024-07-18', 'afternoon', 'cancelled', '2023-05-28T21:53:28.970529', '2023-04-12T02:42:45.922370');
INSERT INTO "Scheduling" ("id", "staff_id", "patient_id", "service_id", "date", "session", "status", "created_at", "updated_at") VALUES (2, 31, 148, 5, '2024-07-02', 'morning', 'completed', '2023-07-01T17:33:17.775093', '2023-12-04T08:25:44.882619');
INSERT INTO "MedicalRecord" ("id", "scheduling_id", "patient_id", "complaint", "medical_history", "physical_examination", "systolic", "diastolic", "heart_rate", "respiratory_rate", "temperature", "created_at", "updated_at") VALUES (2, 2, 148, 'Foreign serve thousand goal yard common. Issue accept appear model front skin increase. Task fact arm author him effort blood.
Technology employee show open line. Above soon street cut image.', 'Particularly movement air participant their section defense.', 'Wind add focus policy well of quality. Once physical nature cell work ability.', 139, 61, 81, 16, 36.2, '2023-02-11T09:05:52.413229', '2023-04-23T09:20:59.187876');
INSERT INTO "ServiceNote" ("id", "scheduling_id", "medical_record_id", "additional_notes", "created_at", "updated_at") VALUES (2, 2, 2, 'Scene year rather return cut may. Stuff floor political them. South everybody number city position detail wife.', '2023-08-28T05:19:39.077525', '2023-08-22T18:37:19.674335');
INSERT INTO "Prescription" ("id", "service_note_id", "created_at", "updated_at") VALUES (2, 2, '2023-09-06T00:33:16.302167', '2023-05-16T05:41:24.558269');
INSERT INTO "PrescriptionDetail" ("id", "prescription_id", "medical_inventory_id", "quantity", "dosage_instructions", "created_at", "updated_at") VALUES (1, 2, 112, 7, '3 times daily after meals', '2023-12-24T08:21:30.378284', '2023-07-12T18:51:25.071717');
INSERT INTO "PrescriptionDetail" ("id", "prescription_id", "medical_inventory_id", "quantity", "dosage_instructions", "created_at", "updated_at") VALUES (2, 2, 113, 7, '2 times daily after meals', '2023-11-22T05:48:46.137185', '2023-10-06T05:24:58.046487');
INSERT INTO "Payment" ("id", "service_note_id", "amount", "status", "payment_method", "created_at", "updated_at") VALUES (2, 2, 975.04, 'pAID', 'insurance', '2023-06-20T14:54:15.210967', '2023-07-02T05:42:08.147080');
INSERT INTO "Scheduling" ("id", "staff_id", "patient_id", "service_id", "date", "session", "status", "created_at", "updated_at") VALUES (3, 24, 93, 7, '2024-09-08', 'afternoon', 'scheduled', '2023-04-18T08:15:20.030008', '2023-02-23T09:24:31.741369');
INSERT INTO "Scheduling" ("id", "staff_id", "patient_id", "service_id", "date", "session", "status", "created_at", "updated_at") VALUES (4, 28, 330, 5, '2024-09-30', 'morning', 'completed', '2023-05-19T20:39:04.530288', '2023-05-12T16:48:19.899952');
INSERT INTO "MedicalRecord" ("id", "scheduling_id", "patient_id", "complaint", "medical_history", "physical_examination", "systolic", "diastolic", "heart_rate", "respiratory_rate", "temperature", "created_at", "updated_at") VALUES (4, 4, 330, 'Fine performance order age inside check card. Detail listen late me. Agree charge commercial likely still argue remain someone.', 'See leg at on fly owner newspaper.
Member part Republican hospital if near. Enjoy memory in modern technology where rate.', 'According I resource sure OTHER their anOTHER.', 96, 62, 80, 16, 36.5, '2023-06-10T23:34:34.520412', '2023-09-27T06:19:32.217802');
INSERT INTO "ServiceNote" ("id", "scheduling_id", "medical_record_id", "additional_notes", "created_at", "updated_at") VALUES (4, 4, 4, 'Beyond forget place race should. Put allow camera behavior long page.
Event state enjoy find word Mr bit. Find final low anything.
View within soldier surface. Hundred wrong box physical hour.', '2023-12-27T05:48:26.844500', '2023-10-26T06:18:09.511411');
INSERT INTO "Prescription" ("id", "service_note_id", "created_at", "updated_at") VALUES (4, 4, '2023-06-04T01:35:08.529651', '2023-11-08T15:58:46.793843');
INSERT INTO "PrescriptionDetail" ("id", "prescription_id", "medical_inventory_id", "quantity", "dosage_instructions", "created_at", "updated_at") VALUES (3, 4, 110, 3, '3 times daily after meals', '2023-12-14T04:12:43.095244', '2023-10-24T10:37:45.151614');
INSERT INTO "PrescriptionDetail" ("id", "prescription_id", "medical_inventory_id", "quantity", "dosage_instructions", "created_at", "updated_at") VALUES (4, 4, 114, 6, '2 times daily after meals', '2023-01-25T04:00:53.869862', '2023-03-21T07:49:45.664249');
INSERT INTO "PrescriptionDetail" ("id", "prescription_id", "medical_inventory_id", "quantity", "dosage_instructions", "created_at", "updated_at") VALUES (5, 4, 11, 6, '3 times daily after meals', '2023-02-19T00:50:56.098130', '2023-04-27T05:23:14.466284');
INSERT INTO "Payment" ("id", "service_note_id", "amount", "status", "payment_method", "created_at", "updated_at") VALUES (4, 4, 998.24, 'pAID', 'cash', '2023-03-21T13:56:59.460330', '2023-07-01T11:50:57.441170');
INSERT INTO "Scheduling" ("id", "staff_id", "patient_id", "service_id", "date", "session", "status", "created_at", "updated_at") VALUES (5, 5, 258, 6, '2024-10-17', 'evening', 'cancelled', '2023-08-29T22:24:12.867110', '2023-11-13T04:07:29.695725');
INSERT INTO "Scheduling" ("id", "staff_id", "patient_id", "service_id", "date", "session", "status", "created_at", "updated_at") VALUES (6, 48, 66, 3, '2024-10-19', 'morning', 'cancelled', '2023-05-10T05:52:02.516984', '2023-12-10T22:40:30.447018');
INSERT INTO "Scheduling" ("id", "staff_id", "patient_id", "service_id", "date", "session", "status", "created_at", "updated_at") VALUES (7, 44, 115, 2, '2024-08-19', 'morning', 'scheduled', '2023-05-14T05:49:32.737030', '2023-09-15T03:16:18.514772');
INSERT INTO "Scheduling" ("id", "staff_id", "patient_id", "service_id", "date", "session", "status", "created_at", "updated_at") VALUES (8, 50, 236, 7, '2024-10-11', 'afternoon', 'cancelled', '2023-02-28T07:13:06.855573', '2023-11-28T05:51:54.709855');
INSERT INTO "Scheduling" ("id", "staff_id", "patient_id", "service_id", "date", "session", "status", "created_at", "updated_at") VALUES (9, 3, 281, 6, '2024-09-30', 'morning', 'completed', '2023-09-01T15:31:43.021900', '2023-08-30T04:00:18.777949');
INSERT INTO "MedicalRecord" ("id", "scheduling_id", "patient_id", "complaint", "medical_history", "physical_examination", "systolic", "diastolic", "heart_rate", "respiratory_rate", "temperature", "created_at", "updated_at") VALUES (9, 9, 281, 'Meeting which similar decade. Carry stop former.
Politics you dinner company bed. Attention get school Mr on someone. Water travel feel.', 'Author street expert your direction shake study. Hit threat relate effort none really specific. Ago you option rest by.', 'Newspaper country help least. Second wrong including weight ability young second trip.
Specific TV care support. Card recognize detail party.', 118, 84, 64, 14, 36.8, '2023-03-01T18:29:28.489565', '2023-03-31T07:03:23.051448');
INSERT INTO "ServiceNote" ("id", "scheduling_id", "medical_record_id", "additional_notes", "created_at", "updated_at") VALUES (9, 9, 9, 'Leader surface traditional its. Cell speak spend body himself. Seem here at once seek same poor.', '2023-03-07T17:26:29.457004', '2023-11-28T11:02:41.913854');
INSERT INTO "Prescription" ("id", "service_note_id", "created_at", "updated_at") VALUES (9, 9, '2023-03-25T05:52:09.078201', '2023-01-01T06:55:59.131698');
INSERT INTO "PrescriptionDetail" ("id", "prescription_id", "medical_inventory_id", "quantity", "dosage_instructions", "created_at", "updated_at") VALUES (6, 9, 81, 5, '1 times daily after meals', '2023-06-20T15:37:43.920985', '2023-03-29T19:07:34.055654');
INSERT INTO "PrescriptionDetail" ("id", "prescription_id", "medical_inventory_id", "quantity", "dosage_instructions", "created_at", "updated_at") VALUES (7, 9, 30, 1, '3 times daily after meals', '2023-03-26T23:12:07.544729', '2023-04-02T23:30:29.003534');
INSERT INTO "Payment" ("id", "service_note_id", "amount", "status", "payment_method", "created_at", "updated_at") VALUES (9, 9, 226.75, 'cancelled', 'insurance', '2023-05-12T11:25:07.632648', '2023-05-18T13:57:02.435722');
INSERT INTO "Scheduling" ("id", "staff_id", "patient_id", "service_id", "date", "session", "status", "created_at", "updated_at") VALUES (10, 36, 184, 8, '2024-05-29', 'afternoon', 'scheduled', '2023-09-26T23:21:16.688525', '2023-01-31T11:08:01.395188');
INSERT INTO "Scheduling" ("id", "staff_id", "patient_id", "service_id", "date", "session", "status", "created_at", "updated_at") VALUES (11, 40, 302, 4, '2024-07-11', 'evening', 'scheduled', '2023-09-07T22:28:02.282044', '2023-04-17T10:29:59.968595');
INSERT INTO "Scheduling" ("id", "staff_id", "patient_id", "service_id", "date", "session", "status", "created_at", "updated_at") VALUES (12, 9, 139, 8, '2024-05-17', 'afternoon', 'scheduled', '2023-10-29T22:09:01.757338', '2023-02-24T04:03:52.013761');
INSERT INTO "Scheduling" ("id", "staff_id", "patient_id", "service_id", "date", "session", "status", "created_at", "updated_at") VALUES (13, 44, 228, 2, '2024-07-19', 'evening', 'cancelled', '2023-02-03T18:39:25.408155', '2023-04-05T21:36:02.486338');
INSERT INTO "Scheduling" ("id", "staff_id", "patient_id", "service_id", "date", "session", "status", "created_at", "updated_at") VALUES (14, 35, 131, 3, '2024-07-12', 'afternoon', 'completed', '2023-10-12T12:38:55.758266', '2023-06-16T16:59:13.162703');
INSERT INTO "MedicalRecord" ("id", "scheduling_id", "patient_id", "complaint", "medical_history", "physical_examination", "systolic", "diastolic", "heart_rate", "respiratory_rate", "temperature", "created_at", "updated_at") VALUES (14, 14, 131, 'Operation first as themselves account add focus. Kid practice interesting message appear. Source maybe art rich movie whole beat.', 'Past if modern. Feeling former law apply politics prepare.
Tell state prevent each.
Walk conference sea activity almost continue. Continue maybe them.', 'Center believe teacher interesting economic support mind. Career carry also yard. Than onto contain compare head. Pretty believe professional pass.
Box debate move decide.', 122, 67, 67, 15, 37.2, '2023-04-19T10:52:58.456624', '2023-06-11T03:35:17.679031');
INSERT INTO "ServiceNote" ("id", "scheduling_id", "medical_record_id", "additional_notes", "created_at", "updated_at") VALUES (14, 14, 14, 'Enough mention investment environment.
Week easy seek PM list toward start everybody.', '2023-07-05T23:11:46.637654', '2023-08-14T12:43:31.227981');
INSERT INTO "Prescription" ("id", "service_note_id", "created_at", "updated_at") VALUES (14, 14, '2023-06-01T15:01:49.621841', '2023-04-20T06:04:41.229166');
INSERT INTO "PrescriptionDetail" ("id", "prescription_id", "medical_inventory_id", "quantity", "dosage_instructions", "created_at", "updated_at") VALUES (8, 14, 127, 1, '2 times daily after meals', '2023-04-08T01:01:35.974207', '2023-10-12T22:09:31.789443');
INSERT INTO "Payment" ("id", "service_note_id", "amount", "status", "payment_method", "created_at", "updated_at") VALUES (14, 14, 576.32, 'pAID', 'insurance', '2023-05-15T11:43:26.788589', '2023-04-01T17:07:47.853109');
INSERT INTO "Scheduling" ("id", "staff_id", "patient_id", "service_id", "date", "session", "status", "created_at", "updated_at") VALUES (15, 36, 95, 2, '2024-06-01', 'evening', 'completed', '2023-11-06T00:49:45.159397', '2023-09-12T01:27:31.949141');
INSERT INTO "MedicalRecord" ("id", "scheduling_id", "patient_id", "complaint", "medical_history", "physical_examination", "systolic", "diastolic", "heart_rate", "respiratory_rate", "temperature", "created_at", "updated_at") VALUES (15, 15, 95, 'There since we under hour. Project full night recognize record imagine.', 'Include big room. Fast like police pattern. Skin baby benefit team purpose matter big.
Reason because each market decade. Here likely coach store. Wall event party.', 'Successful fast seek day staff our. Catch us team open tonight activity house.', 115, 82, 90, 20, 36.6, '2023-10-09T12:02:59.811810', '2023-01-11T00:35:18.676480');
INSERT INTO "ServiceNote" ("id", "scheduling_id", "medical_record_id", "additional_notes", "created_at", "updated_at") VALUES (15, 15, 15, 'Nothing evening one seven ball. Discuss will democratic truth information. Prevent day rate move beyond animal nor.
Rock western ten management. Also yes training before hundred.', '2023-11-07T13:41:35.447307', '2023-12-04T00:02:50.984607');
INSERT INTO "Prescription" ("id", "service_note_id", "created_at", "updated_at") VALUES (15, 15, '2023-05-28T03:04:36.127678', '2023-07-18T02:55:41.874329');
INSERT INTO "PrescriptionDetail" ("id", "prescription_id", "medical_inventory_id", "quantity", "dosage_instructions", "created_at", "updated_at") VALUES (9, 15, 148, 2, '1 times daily after meals', '2023-01-13T00:06:59.776612', '2023-12-18T04:38:09.133432');
INSERT INTO "PrescriptionDetail" ("id", "prescription_id", "medical_inventory_id", "quantity", "dosage_instructions", "created_at", "updated_at") VALUES (10, 15, 82, 2, '2 times daily after meals', '2023-11-15T22:13:48.105203', '2023-08-08T05:00:32.680720');
INSERT INTO "Payment" ("id", "service_note_id", "amount", "status", "payment_method", "created_at", "updated_at") VALUES (15, 15, 492.54, 'cancelled', 'debit_card', '2023-03-31T16:58:04.849299', '2023-02-22T13:17:56.272463');
INSERT INTO "Scheduling" ("id", "staff_id", "patient_id", "service_id", "date", "session", "status", "created_at", "updated_at") VALUES (16, 9, 144, 3, '2024-09-17', 'evening', 'completed', '2023-12-14T12:53:52.228252', '2023-10-08T04:10:18.609028');
INSERT INTO "MedicalRecord" ("id", "scheduling_id", "patient_id", "complaint", "medical_history", "physical_examination", "systolic", "diastolic", "heart_rate", "respiratory_rate", "temperature", "created_at", "updated_at") VALUES (16, 16, 144, 'Time various few end choose art five. International receive not provide.
Between TV him bag skin between reduce beat. Break theory site best radio unit stage. Field less test claim.', 'Painting draw small bag truth. Feeling wife price her site your college. Budget exist answer report.
Design anything OTHERs item product home. Natural sport front your compare pretty.', 'Moment travel international page media word our. Air black wrong red.
Later voice true decade hair measure. System contain point beat. Hope card president if.
Him account against amount family.', 122, 89, 63, 13, 36.8, '2023-01-02T20:58:25.853980', '2023-12-19T12:04:13.037642');
INSERT INTO "ServiceNote" ("id", "scheduling_id", "medical_record_id", "additional_notes", "created_at", "updated_at") VALUES (16, 16, 16, 'Must arrive evening will service magazine. Cell line collection may born go society. Cause central challenge company.', '2023-03-25T01:19:10.452950', '2023-11-20T22:13:34.526727');
INSERT INTO "Prescription" ("id", "service_note_id", "created_at", "updated_at") VALUES (16, 16, '2023-02-07T01:08:55.449031', '2023-02-12T00:40:09.024122');
INSERT INTO "PrescriptionDetail" ("id", "prescription_id", "medical_inventory_id", "quantity", "dosage_instructions", "created_at", "updated_at") VALUES (11, 16, 43, 3, '2 times daily after meals', '2023-03-31T15:27:20.722909', '2023-08-31T19:01:58.434427');
INSERT INTO "PrescriptionDetail" ("id", "prescription_id", "medical_inventory_id", "quantity", "dosage_instructions", "created_at", "updated_at") VALUES (12, 16, 58, 6, '3 times daily after meals', '2023-10-28T16:18:31.660939', '2023-12-11T05:34:17.886358');
INSERT INTO "Payment" ("id", "service_note_id", "amount", "status", "payment_method", "created_at", "updated_at") VALUES (16, 16, 900.18, 'pending', 'debit_card', '2023-04-25T10:45:37.811017', '2023-04-27T00:01:37.574078');
INSERT INTO "Scheduling" ("id", "staff_id", "patient_id", "service_id", "date", "session", "status", "created_at", "updated_at") VALUES (17, 13, 191, 3, '2024-10-08', 'evening', 'cancelled', '2023-10-11T20:03:33.160192', '2023-06-11T06:00:55.506060');
INSERT INTO "Scheduling" ("id", "staff_id", "patient_id", "service_id", "date", "session", "status", "created_at", "updated_at") VALUES (18, 20, 98, 9, '2024-10-03', 'evening', 'cancelled', '2023-02-23T00:07:36.216693', '2023-10-06T21:01:45.622021');
INSERT INTO "Scheduling" ("id", "staff_id", "patient_id", "service_id", "date", "session", "status", "created_at", "updated_at") VALUES (19, 11, 129, 3, '2024-09-27', 'evening', 'cancelled', '2023-07-13T03:25:54.252688', '2023-02-17T18:37:02.826112');
INSERT INTO "Scheduling" ("id", "staff_id", "patient_id", "service_id", "date", "session", "status", "created_at", "updated_at") VALUES (20, 40, 339, 1, '2024-09-30', 'afternoon', 'scheduled', '2023-10-28T12:48:31.727220', '2023-10-16T02:56:34.584630');
INSERT INTO "Scheduling" ("id", "staff_id", "patient_id", "service_id", "date", "session", "status", "created_at", "updated_at") VALUES (21, 6, 346, 5, '2024-05-10', 'evening', 'cancelled', '2023-06-08T22:50:31.907247', '2023-02-12T19:52:45.738429');
INSERT INTO "Scheduling" ("id", "staff_id", "patient_id", "service_id", "date", "session", "status", "created_at", "updated_at") VALUES (22, 14, 66, 8, '2024-09-22', 'afternoon', 'cancelled', '2023-09-12T21:01:28.709047', '2023-08-31T00:36:30.177823');
INSERT INTO "Scheduling" ("id", "staff_id", "patient_id", "service_id", "date", "session", "status", "created_at", "updated_at") VALUES (23, 35, 205, 8, '2024-07-12', 'evening', 'scheduled', '2023-12-15T04:00:21.753444', '2023-07-22T13:47:54.324436');
INSERT INTO "Scheduling" ("id", "staff_id", "patient_id", "service_id", "date", "session", "status", "created_at", "updated_at") VALUES (24, 44, 283, 2, '2024-08-10', 'afternoon', 'cancelled', '2023-01-15T21:36:25.135578', '2023-10-04T08:07:00.223421');
INSERT INTO "Scheduling" ("id", "staff_id", "patient_id", "service_id", "date", "session", "status", "created_at", "updated_at") VALUES (25, 4, 263, 8, '2024-06-08', 'afternoon', 'completed', '2023-07-10T19:19:52.629941', '2023-01-11T15:11:03.270242');
INSERT INTO "MedicalRecord" ("id", "scheduling_id", "patient_id", "complaint", "medical_history", "physical_examination", "systolic", "diastolic", "heart_rate", "respiratory_rate", "temperature", "created_at", "updated_at") VALUES (25, 25, 263, 'Surface agency feel. Explain term wall drug baby four service skill. Set believe pretty explain new son explain.', 'Follow general manage head occur recently again. Cost thus a industry who. Point ready grow check part myself address.
Home inside drive. Series he throw bar five know behavior.', 'Claim party huge especially least study teacher Congress. MOTHER push drive. Too company feeling above. Event lawyer call.
Garden walk huge blue movement firm. Suffer once agreement company material.', 103, 70, 98, 14, 36.5, '2023-01-17T18:38:36.327650', '2023-01-08T08:57:16.914722');
INSERT INTO "ServiceNote" ("id", "scheduling_id", "medical_record_id", "additional_notes", "created_at", "updated_at") VALUES (25, 25, 25, 'Itself contain think pay before citizen magazine week. Catch capital few imagine must shoulder toward grow.', '2023-07-13T12:23:48.290466', '2023-12-08T07:03:27.153415');
INSERT INTO "Prescription" ("id", "service_note_id", "created_at", "updated_at") VALUES (25, 25, '2023-05-11T10:02:13.945718', '2023-03-09T07:41:35.114666');
INSERT INTO "PrescriptionDetail" ("id", "prescription_id", "medical_inventory_id", "quantity", "dosage_instructions", "created_at", "updated_at") VALUES (13, 25, 82, 6, '2 times daily after meals', '2023-01-17T09:50:50.655364', '2023-02-04T15:50:20.510930');
INSERT INTO "PrescriptionDetail" ("id", "prescription_id", "medical_inventory_id", "quantity", "dosage_instructions", "created_at", "updated_at") VALUES (14, 25, 34, 6, '3 times daily after meals', '2023-08-01T22:53:51.914499', '2023-02-08T16:08:16.923957');
INSERT INTO "PrescriptionDetail" ("id", "prescription_id", "medical_inventory_id", "quantity", "dosage_instructions", "created_at", "updated_at") VALUES (15, 25, 144, 2, '2 times daily after meals', '2023-03-29T03:02:41.322672', '2023-03-30T15:22:43.967039');
INSERT INTO "Payment" ("id", "service_note_id", "amount", "status", "payment_method", "created_at", "updated_at") VALUES (25, 25, 279.65, 'pending', 'debit_card', '2023-05-17T00:23:48.783118', '2023-03-24T03:39:12.183674');
INSERT INTO "Scheduling" ("id", "staff_id", "patient_id", "service_id", "date", "session", "status", "created_at", "updated_at") VALUES (26, 29, 100, 1, '2024-07-01', 'morning', 'completed', '2023-08-08T22:15:01.222237', '2023-01-31T20:23:56.116342');
INSERT INTO "MedicalRecord" ("id", "scheduling_id", "patient_id", "complaint", "medical_history", "physical_examination", "systolic", "diastolic", "heart_rate", "respiratory_rate", "temperature", "created_at", "updated_at") VALUES (26, 26, 100, 'Around against remember. Involve heavy contain future resource quality.
Method happy wide finally. Often perform together dinner experience sister risk. Carry doctor while prepare light.', 'Wide represent future general probably possible. At ago offer network start possible. Natural image avoid return art car attorney.', 'Than her player result. Happen determine marriage bar suffer paper court.
Voice each store.
Sell north recent them reflect available century. General probably maybe herself partner camera.', 114, 87, 99, 18, 36.4, '2023-06-05T18:44:54.295922', '2023-04-17T14:13:30.116583');
INSERT INTO "ServiceNote" ("id", "scheduling_id", "medical_record_id", "additional_notes", "created_at", "updated_at") VALUES (26, 26, 26, 'Tend theory the hard south maintain. Firm generation while travel major. Pull finish seem party within employee.', '2023-02-22T01:12:00.743834', '2023-09-02T16:03:29.170080');
INSERT INTO "Prescription" ("id", "service_note_id", "created_at", "updated_at") VALUES (26, 26, '2023-11-12T08:35:27.486240', '2023-10-06T19:02:21.000509');
INSERT INTO "PrescriptionDetail" ("id", "prescription_id", "medical_inventory_id", "quantity", "dosage_instructions", "created_at", "updated_at") VALUES (16, 26, 84, 10, '3 times daily after meals', '2023-10-01T06:03:40.245079', '2023-11-15T19:07:44.221359');
INSERT INTO "Payment" ("id", "service_note_id", "amount", "status", "payment_method", "created_at", "updated_at") VALUES (26, 26, 347.08, 'pending', 'insurance', '2023-09-16T18:57:48.443328', '2023-03-07T06:34:00.360309');
INSERT INTO "Scheduling" ("id", "staff_id", "patient_id", "service_id", "date", "session", "status", "created_at", "updated_at") VALUES (27, 33, 208, 8, '2024-08-26', 'afternoon', 'scheduled', '2023-12-10T20:31:50.082301', '2023-09-27T05:58:34.216728');
INSERT INTO "Scheduling" ("id", "staff_id", "patient_id", "service_id", "date", "session", "status", "created_at", "updated_at") VALUES (28, 6, 285, 4, '2024-08-07', 'evening', 'scheduled', '2023-09-13T14:00:42.389157', '2023-08-12T10:56:01.998669');
INSERT INTO "Scheduling" ("id", "staff_id", "patient_id", "service_id", "date", "session", "status", "created_at", "updated_at") VALUES (29, 38, 76, 5, '2024-07-28', 'morning', 'completed', '2023-08-01T16:30:14.815486', '2023-03-20T10:42:10.405658');
INSERT INTO "MedicalRecord" ("id", "scheduling_id", "patient_id", "complaint", "medical_history", "physical_examination", "systolic", "diastolic", "heart_rate", "respiratory_rate", "temperature", "created_at", "updated_at") VALUES (29, 29, 76, 'Authority offer feeling than. Too control skin fall management nearly.
Treat win rich less theory.
Tell fact pretty learn. Discover particularly care fall new. Similar cover population thing.', 'Above attack catch soldier charge. Through result military. Truth call stage significant thank data year.
Support put herself water meeting voice. Painting material science beat deal across friend.', 'Traditional us hear station. Back together factor. Little skin most real.
There describe model meeting police rock along. Point article article drop give.', 128, 88, 90, 16, 36.8, '2023-05-19T20:12:00.815512', '2023-06-12T20:18:00.563759');
INSERT INTO "ServiceNote" ("id", "scheduling_id", "medical_record_id", "additional_notes", "created_at", "updated_at") VALUES (29, 29, 29, 'Nature already while part choice leg treatment. If paper really position. Low bill behavior hand until.', '2023-02-24T13:58:24.362214', '2023-05-15T12:58:43.035971');
INSERT INTO "Prescription" ("id", "service_note_id", "created_at", "updated_at") VALUES (29, 29, '2023-05-13T18:25:16.864177', '2023-03-29T03:31:59.723989');
INSERT INTO "PrescriptionDetail" ("id", "prescription_id", "medical_inventory_id", "quantity", "dosage_instructions", "created_at", "updated_at") VALUES (17, 29, 111, 3, '2 times daily after meals', '2023-04-01T01:51:18.900373', '2023-08-27T19:58:59.158026');
INSERT INTO "Payment" ("id", "service_note_id", "amount", "status", "payment_method", "created_at", "updated_at") VALUES (29, 29, 741.13, 'pAID', 'debit_card', '2023-10-08T10:46:15.985716', '2023-07-05T08:11:42.974388');
INSERT INTO "Scheduling" ("id", "staff_id", "patient_id", "service_id", "date", "session", "status", "created_at", "updated_at") VALUES (30, 3, 342, 9, '2024-08-09', 'morning', 'scheduled', '2023-04-13T18:04:25.576001', '2023-05-22T04:39:44.018826');
INSERT INTO "Scheduling" ("id", "staff_id", "patient_id", "service_id", "date", "session", "status", "created_at", "updated_at") VALUES (31, 24, 88, 7, '2024-09-17', 'afternoon', 'cancelled', '2023-08-29T01:01:35.160290', '2023-02-04T07:29:36.003283');
INSERT INTO "Scheduling" ("id", "staff_id", "patient_id", "service_id", "date", "session", "status", "created_at", "updated_at") VALUES (32, 29, 111, 3, '2024-09-16', 'afternoon', 'scheduled', '2023-11-26T13:45:45.216516', '2023-09-12T22:41:10.969889');
INSERT INTO "Scheduling" ("id", "staff_id", "patient_id", "service_id", "date", "session", "status", "created_at", "updated_at") VALUES (33, 26, 336, 6, '2024-08-02', 'afternoon', 'scheduled', '2023-05-02T23:52:47.655166', '2023-01-16T18:23:39.080112');
INSERT INTO "Scheduling" ("id", "staff_id", "patient_id", "service_id", "date", "session", "status", "created_at", "updated_at") VALUES (34, 13, 256, 9, '2024-09-30', 'evening', 'scheduled', '2023-09-06T00:00:24.106543', '2023-07-16T08:25:27.400297');
INSERT INTO "Scheduling" ("id", "staff_id", "patient_id", "service_id", "date", "session", "status", "created_at", "updated_at") VALUES (35, 3, 221, 8, '2024-05-08', 'morning', 'cancelled', '2023-04-08T10:29:35.024665', '2023-06-04T19:36:59.639778');
INSERT INTO "Scheduling" ("id", "staff_id", "patient_id", "service_id", "date", "session", "status", "created_at", "updated_at") VALUES (36, 30, 314, 3, '2024-06-06', 'evening', 'completed', '2023-07-19T11:47:27.863421', '2023-08-09T03:06:59.377532');
INSERT INTO "MedicalRecord" ("id", "scheduling_id", "patient_id", "complaint", "medical_history", "physical_examination", "systolic", "diastolic", "heart_rate", "respiratory_rate", "temperature", "created_at", "updated_at") VALUES (36, 36, 314, 'Spring simply according. Game citizen stay condition senior involve nice.
First point specific report clearly. Themselves have feel blood.
Sound level couple. Movement nor line.', 'These may cell campaign. Present TV cup sister article kind bar.
Still respond everything. Far face describe question appear.', 'Administration past happen claim station. War worry here Republican cultural.', 129, 70, 70, 18, 37.5, '2023-06-02T12:53:58.191404', '2023-01-12T04:27:26.377290');
INSERT INTO "ServiceNote" ("id", "scheduling_id", "medical_record_id", "additional_notes", "created_at", "updated_at") VALUES (36, 36, 36, 'Husband night response prove.
Our tell truth data five medical. Group thus outside blue now. Now stand his wife represent under world.', '2023-01-01T22:50:00.560837', '2023-10-23T03:31:59.601104');
INSERT INTO "Prescription" ("id", "service_note_id", "created_at", "updated_at") VALUES (36, 36, '2023-09-08T20:54:16.166037', '2023-09-25T09:47:33.767702');
INSERT INTO "PrescriptionDetail" ("id", "prescription_id", "medical_inventory_id", "quantity", "dosage_instructions", "created_at", "updated_at") VALUES (18, 36, 77, 10, '2 times daily after meals', '2023-08-28T10:47:38.062845', '2023-01-08T13:37:52.327211');
INSERT INTO "PrescriptionDetail" ("id", "prescription_id", "medical_inventory_id", "quantity", "dosage_instructions", "created_at", "updated_at") VALUES (19, 36, 130, 9, '3 times daily after meals', '2023-05-23T08:51:01.018717', '2023-01-19T01:33:47.771968');
INSERT INTO "PrescriptionDetail" ("id", "prescription_id", "medical_inventory_id", "quantity", "dosage_instructions", "created_at", "updated_at") VALUES (20, 36, 126, 10, '2 times daily after meals', '2023-04-21T17:26:26.210316', '2023-09-29T15:31:40.822665');
INSERT INTO "Payment" ("id", "service_note_id", "amount", "status", "payment_method", "created_at", "updated_at") VALUES (36, 36, 501.15, 'pending', 'debit_card', '2023-10-15T12:39:36.848976', '2023-04-27T08:17:01.280894');
INSERT INTO "Scheduling" ("id", "staff_id", "patient_id", "service_id", "date", "session", "status", "created_at", "updated_at") VALUES (37, 22, 264, 10, '2024-10-18', 'morning', 'completed', '2023-08-03T11:29:53.482512', '2023-07-23T15:36:10.026426');
INSERT INTO "MedicalRecord" ("id", "scheduling_id", "patient_id", "complaint", "medical_history", "physical_examination", "systolic", "diastolic", "heart_rate", "respiratory_rate", "temperature", "created_at", "updated_at") VALUES (37, 37, 264, 'Decade century theory husband prepare. These receive cup doctor. Suddenly travel high require strategy customer.
Trade arm also appear.', 'Individual because show hour move poor. Small bank world purpose investment at table.', 'Mean without behind once by final project paper. Your safe green agreement rock if magazine. Real better manager huge today probably my.', 140, 88, 100, 12, 36.9, '2023-06-04T17:47:52.099118', '2023-06-08T07:59:49.212947');
INSERT INTO "ServiceNote" ("id", "scheduling_id", "medical_record_id", "additional_notes", "created_at", "updated_at") VALUES (37, 37, 37, 'Action recognize crime poor beat house stage. Cost true own throughout. Whose a fact on space not blood.', '2023-12-09T14:14:21.095759', '2023-04-16T21:22:45.615237');
INSERT INTO "Prescription" ("id", "service_note_id", "created_at", "updated_at") VALUES (37, 37, '2023-10-09T10:44:01.172799', '2023-02-09T19:22:22.352057');
INSERT INTO "PrescriptionDetail" ("id", "prescription_id", "medical_inventory_id", "quantity", "dosage_instructions", "created_at", "updated_at") VALUES (21, 37, 149, 10, '1 times daily after meals', '2023-12-11T18:57:12.686062', '2023-05-22T01:28:33.209722');
INSERT INTO "PrescriptionDetail" ("id", "prescription_id", "medical_inventory_id", "quantity", "dosage_instructions", "created_at", "updated_at") VALUES (22, 37, 14, 10, '2 times daily after meals', '2023-06-25T18:08:31.794269', '2023-08-01T02:34:29.969661');
INSERT INTO "Payment" ("id", "service_note_id", "amount", "status", "payment_method", "created_at", "updated_at") VALUES (37, 37, 211.99, 'cancelled', 'insurance', '2023-07-28T01:59:49.220612', '2023-12-14T00:52:46.382220');
INSERT INTO "Scheduling" ("id", "staff_id", "patient_id", "service_id", "date", "session", "status", "created_at", "updated_at") VALUES (38, 10, 67, 10, '2024-10-20', 'morning', 'cancelled', '2023-02-20T14:57:36.885166', '2023-12-15T10:40:37.090369');
INSERT INTO "Scheduling" ("id", "staff_id", "patient_id", "service_id", "date", "session", "status", "created_at", "updated_at") VALUES (39, 8, 276, 6, '2024-06-16', 'morning', 'completed', '2023-11-11T02:55:31.518368', '2023-11-12T17:37:43.675609');
INSERT INTO "MedicalRecord" ("id", "scheduling_id", "patient_id", "complaint", "medical_history", "physical_examination", "systolic", "diastolic", "heart_rate", "respiratory_rate", "temperature", "created_at", "updated_at") VALUES (39, 39, 276, 'Move kid possible success. Moment always their guess analysis. Contain especially region Congress way night threat glass.', 'Product over chance Congress dinner country.
Start plant administration collection among. Police after carry energy common his report. Employee source later dream. Yes recently force this real.', 'Effort right exactly pretty to. Production industry until method program their media. No task product unit pressure.', 99, 73, 73, 18, 36.8, '2023-12-22T01:03:57.873713', '2023-06-06T17:55:38.982122');
INSERT INTO "ServiceNote" ("id", "scheduling_id", "medical_record_id", "additional_notes", "created_at", "updated_at") VALUES (39, 39, 39, 'Term all agency right figure son. Yes all company especially less run. Anything culture common. Serve note recent land trip majority center will.', '2023-12-16T05:30:20.681347', '2023-02-04T07:02:49.718240');
INSERT INTO "Prescription" ("id", "service_note_id", "created_at", "updated_at") VALUES (39, 39, '2023-03-18T08:05:38.510874', '2023-03-24T14:51:39.454761');
INSERT INTO "PrescriptionDetail" ("id", "prescription_id", "medical_inventory_id", "quantity", "dosage_instructions", "created_at", "updated_at") VALUES (23, 39, 121, 1, '3 times daily after meals', '2023-01-24T13:28:58.373583', '2023-11-27T19:45:48.768714');
INSERT INTO "PrescriptionDetail" ("id", "prescription_id", "medical_inventory_id", "quantity", "dosage_instructions", "created_at", "updated_at") VALUES (24, 39, 36, 9, '1 times daily after meals', '2023-08-06T04:06:59.075458', '2023-10-08T22:15:31.181149');
INSERT INTO "PrescriptionDetail" ("id", "prescription_id", "medical_inventory_id", "quantity", "dosage_instructions", "created_at", "updated_at") VALUES (25, 39, 144, 6, '3 times daily after meals', '2023-09-07T22:42:05.870602', '2023-09-07T04:11:48.051238');
INSERT INTO "Payment" ("id", "service_note_id", "amount", "status", "payment_method", "created_at", "updated_at") VALUES (39, 39, 504.45, 'pAID', 'debit_card', '2023-10-28T01:38:43.232543', '2023-10-01T05:12:48.734984');
INSERT INTO "Scheduling" ("id", "staff_id", "patient_id", "service_id", "date", "session", "status", "created_at", "updated_at") VALUES (40, 12, 226, 9, '2024-08-24', 'evening', 'completed', '2023-08-14T20:10:06.858470', '2023-10-31T00:09:31.289965');
INSERT INTO "MedicalRecord" ("id", "scheduling_id", "patient_id", "complaint", "medical_history", "physical_examination", "systolic", "diastolic", "heart_rate", "respiratory_rate", "temperature", "created_at", "updated_at") VALUES (40, 40, 226, 'Bad return town born dream. Office ever than husband continue leave. Chance its put town south.', 'Sense detail law all share career. Name blue lay easy. History young cell beautiful fish.', 'Strategy drive so dog peace from available seat. Financial allow form past.', 133, 84, 76, 19, 36.3, '2023-05-14T07:42:55.121165', '2023-11-09T16:24:27.252882');
INSERT INTO "ServiceNote" ("id", "scheduling_id", "medical_record_id", "additional_notes", "created_at", "updated_at") VALUES (40, 40, 40, 'Compare reveal blood effort likely short kid. Continue participant book former opportunity security pick.
Miss religious positive eat. Head trip be although president church wonder low.', '2023-07-05T08:39:54.033724', '2023-11-03T10:25:37.169840');
INSERT INTO "Prescription" ("id", "service_note_id", "created_at", "updated_at") VALUES (40, 40, '2023-02-21T10:00:00.247269', '2023-08-12T15:15:21.552741');
INSERT INTO "PrescriptionDetail" ("id", "prescription_id", "medical_inventory_id", "quantity", "dosage_instructions", "created_at", "updated_at") VALUES (26, 40, 72, 9, '2 times daily after meals', '2023-09-28T16:25:57.534851', '2023-09-24T03:21:49.462538');
INSERT INTO "Payment" ("id", "service_note_id", "amount", "status", "payment_method", "created_at", "updated_at") VALUES (40, 40, 263.62, 'pAID', 'debit_card', '2023-06-28T01:24:17.120480', '2023-10-26T12:22:00.628623');
INSERT INTO "Scheduling" ("id", "staff_id", "patient_id", "service_id", "date", "session", "status", "created_at", "updated_at") VALUES (41, 46, 301, 6, '2024-06-21', 'evening', 'completed', '2023-02-26T15:29:40.267342', '2023-02-05T15:41:35.381425');
INSERT INTO "MedicalRecord" ("id", "scheduling_id", "patient_id", "complaint", "medical_history", "physical_examination", "systolic", "diastolic", "heart_rate", "respiratory_rate", "temperature", "created_at", "updated_at") VALUES (41, 41, 301, 'However tonight skin kind quickly. Sing box agree carry message later. Kind factor sure.', 'Down single evening. Sit small event range learn girl personal movie. Drive interest measure and.
Professor land author the finish during exactly. Beyond financial chance better.', 'Or fill magazine lot animal age can. Recognize between anyone listen across. Its especially half some.', 112, 77, 77, 16, 36.2, '2023-09-07T02:31:41.450475', '2023-02-12T08:15:01.129404');
INSERT INTO "ServiceNote" ("id", "scheduling_id", "medical_record_id", "additional_notes", "created_at", "updated_at") VALUES (41, 41, 41, 'Indeed center international once husband care I. Type key despite agent guy debate. Crime suffer modern section.
Role design pretty response.', '2023-02-05T05:18:56.244495', '2023-04-19T12:59:25.095692');
INSERT INTO "Prescription" ("id", "service_note_id", "created_at", "updated_at") VALUES (41, 41, '2023-08-16T22:33:57.196684', '2023-02-07T05:23:47.887285');
INSERT INTO "PrescriptionDetail" ("id", "prescription_id", "medical_inventory_id", "quantity", "dosage_instructions", "created_at", "updated_at") VALUES (27, 41, 140, 7, '2 times daily after meals', '2023-03-09T13:07:45.369425', '2023-07-06T03:13:46.412121');
INSERT INTO "PrescriptionDetail" ("id", "prescription_id", "medical_inventory_id", "quantity", "dosage_instructions", "created_at", "updated_at") VALUES (28, 41, 89, 3, '2 times daily after meals', '2023-02-11T00:30:01.599080', '2023-05-25T10:17:19.273480');
INSERT INTO "PrescriptionDetail" ("id", "prescription_id", "medical_inventory_id", "quantity", "dosage_instructions", "created_at", "updated_at") VALUES (29, 41, 11, 5, '3 times daily after meals', '2023-07-13T14:21:58.267737', '2023-06-03T10:12:29.895488');
INSERT INTO "Payment" ("id", "service_note_id", "amount", "status", "payment_method", "created_at", "updated_at") VALUES (41, 41, 125.08, 'pAID', 'debit_card', '2023-11-19T22:21:42.883245', '2023-06-01T07:11:23.900220');
INSERT INTO "Scheduling" ("id", "staff_id", "patient_id", "service_id", "date", "session", "status", "created_at", "updated_at") VALUES (42, 48, 154, 9, '2024-08-29', 'morning', 'completed', '2023-06-24T10:16:19.376589', '2023-11-03T09:15:23.157393');
INSERT INTO "MedicalRecord" ("id", "scheduling_id", "patient_id", "complaint", "medical_history", "physical_examination", "systolic", "diastolic", "heart_rate", "respiratory_rate", "temperature", "created_at", "updated_at") VALUES (42, 42, 154, 'Help with hold member low against. Necessary single discuss agreement must main. Turn direction rock real bad general wish section.', 'Myself color message exactly. Million after movie land.', 'Item manage place. Image during year customer behind OTHERs.
Large concern term increase industry figure. Design trial medical become stuff deep. Possible thought apply most way recently box debate.', 125, 82, 77, 14, 36.2, '2023-12-25T01:20:16.594784', '2023-03-12T18:53:22.272687');
INSERT INTO "ServiceNote" ("id", "scheduling_id", "medical_record_id", "additional_notes", "created_at", "updated_at") VALUES (42, 42, 42, 'Baby pass money environment already. Financial own argue.
Over see he since. Different reason tough star doctor our only. Check sure yourself design.', '2023-10-23T05:45:10.541029', '2023-02-14T05:32:55.761566');
INSERT INTO "Prescription" ("id", "service_note_id", "created_at", "updated_at") VALUES (42, 42, '2023-07-17T06:54:43.157627', '2023-03-26T21:51:18.691010');
INSERT INTO "PrescriptionDetail" ("id", "prescription_id", "medical_inventory_id", "quantity", "dosage_instructions", "created_at", "updated_at") VALUES (30, 42, 62, 4, '1 times daily after meals', '2023-08-06T18:10:24.216802', '2023-05-11T07:33:12.672292');
INSERT INTO "PrescriptionDetail" ("id", "prescription_id", "medical_inventory_id", "quantity", "dosage_instructions", "created_at", "updated_at") VALUES (31, 42, 136, 4, '3 times daily after meals', '2023-02-05T13:13:35.963323', '2023-03-17T16:17:41.005041');
INSERT INTO "PrescriptionDetail" ("id", "prescription_id", "medical_inventory_id", "quantity", "dosage_instructions", "created_at", "updated_at") VALUES (32, 42, 60, 1, '1 times daily after meals', '2023-10-09T05:05:14.600781', '2023-04-02T14:45:22.258392');
INSERT INTO "Payment" ("id", "service_note_id", "amount", "status", "payment_method", "created_at", "updated_at") VALUES (42, 42, 442.64, 'cancelled', 'insurance', '2023-03-27T02:04:35.258685', '2023-04-25T06:40:41.914299');
INSERT INTO "Scheduling" ("id", "staff_id", "patient_id", "service_id", "date", "session", "status", "created_at", "updated_at") VALUES (43, 7, 53, 9, '2024-10-20', 'morning', 'scheduled', '2023-03-21T05:11:55.204676', '2023-01-20T04:34:22.742027');
INSERT INTO "Scheduling" ("id", "staff_id", "patient_id", "service_id", "date", "session", "status", "created_at", "updated_at") VALUES (44, 27, 295, 4, '2024-10-13', 'afternoon', 'completed', '2023-03-30T05:16:10.150597', '2023-11-22T16:35:27.749380');
INSERT INTO "MedicalRecord" ("id", "scheduling_id", "patient_id", "complaint", "medical_history", "physical_examination", "systolic", "diastolic", "heart_rate", "respiratory_rate", "temperature", "created_at", "updated_at") VALUES (44, 44, 295, 'Hundred product front when animal onto receive figure. Mrs career everyone role none see painting compare. Leave player throughout forget.', 'Figure practice position same.
Read modern social return. In treatment continue doctor.
Top behind name possible financial. Collection set need table choice. Church evidence speak.', 'Much religious today level floor store care stuff. Range perhaps meet station.
Property start audience poor. Himself pattern Congress official wrong along. Drop him high on.', 110, 69, 63, 13, 37.0, '2023-07-06T12:12:55.508850', '2023-03-10T08:48:04.866217');
INSERT INTO "ServiceNote" ("id", "scheduling_id", "medical_record_id", "additional_notes", "created_at", "updated_at") VALUES (44, 44, 44, 'Cut feel military page weight. Decade he voice scene high. Effort also itself space speech compare eat no.', '2023-11-26T04:01:38.265992', '2023-11-14T23:59:01.413796');
INSERT INTO "Prescription" ("id", "service_note_id", "created_at", "updated_at") VALUES (44, 44, '2023-06-03T14:09:00.901018', '2023-04-29T22:34:04.913751');
INSERT INTO "PrescriptionDetail" ("id", "prescription_id", "medical_inventory_id", "quantity", "dosage_instructions", "created_at", "updated_at") VALUES (33, 44, 137, 1, '1 times daily after meals', '2023-04-28T11:14:47.073089', '2023-02-04T23:45:28.354327');
INSERT INTO "Payment" ("id", "service_note_id", "amount", "status", "payment_method", "created_at", "updated_at") VALUES (44, 44, 446.99, 'pending', 'cash', '2023-11-10T17:26:44.098662', '2023-05-28T08:50:09.598659');
INSERT INTO "Scheduling" ("id", "staff_id", "patient_id", "service_id", "date", "session", "status", "created_at", "updated_at") VALUES (45, 26, 199, 1, '2024-09-02', 'morning', 'scheduled', '2023-01-17T07:23:11.531412', '2023-06-16T16:16:26.351695');
INSERT INTO "Scheduling" ("id", "staff_id", "patient_id", "service_id", "date", "session", "status", "created_at", "updated_at") VALUES (46, 20, 105, 6, '2024-09-21', 'evening', 'completed', '2023-10-20T03:13:55.080241', '2023-07-10T09:13:20.023543');
INSERT INTO "MedicalRecord" ("id", "scheduling_id", "patient_id", "complaint", "medical_history", "physical_examination", "systolic", "diastolic", "heart_rate", "respiratory_rate", "temperature", "created_at", "updated_at") VALUES (46, 46, 105, 'Seven sometimes future.
Meet lay various worry science particular I. Might its last much often lead.
Leader table politics the. Once be end key bank ago. Sometimes end week respond war.', 'Exist debate whole particular policy. Offer foreign third yeah everything service.
Sit impact religious social director gas.
Station see enough concern.', 'Method smile pick set economic. Of serve imagine nice appear. Cultural mention determine result be show.
Near help four whom particular decade. Poor mean hard trade tough.', 119, 80, 94, 20, 36.7, '2023-02-08T04:51:25.894484', '2023-01-27T04:27:42.273566');
INSERT INTO "ServiceNote" ("id", "scheduling_id", "medical_record_id", "additional_notes", "created_at", "updated_at") VALUES (46, 46, 46, 'Develop keep instead live success. Large detail buy.
Evidence ground left into push. Hold wall know finish. Meeting top never.', '2023-02-24T17:00:00.953708', '2023-12-15T19:41:15.790136');
INSERT INTO "Prescription" ("id", "service_note_id", "created_at", "updated_at") VALUES (46, 46, '2023-06-24T17:26:28.869382', '2023-06-20T01:51:36.244095');
INSERT INTO "PrescriptionDetail" ("id", "prescription_id", "medical_inventory_id", "quantity", "dosage_instructions", "created_at", "updated_at") VALUES (34, 46, 130, 8, '2 times daily after meals', '2023-01-30T07:23:50.372817', '2023-08-06T05:24:26.342234');
INSERT INTO "Payment" ("id", "service_note_id", "amount", "status", "payment_method", "created_at", "updated_at") VALUES (46, 46, 233.17, 'pending', 'debit_card', '2023-05-08T15:59:49.547988', '2023-04-19T11:44:37.187145');
INSERT INTO "Scheduling" ("id", "staff_id", "patient_id", "service_id", "date", "session", "status", "created_at", "updated_at") VALUES (47, 11, 182, 3, '2024-08-24', 'evening', 'scheduled', '2023-01-28T16:12:35.606660', '2023-10-02T14:16:24.119768');
INSERT INTO "Scheduling" ("id", "staff_id", "patient_id", "service_id", "date", "session", "status", "created_at", "updated_at") VALUES (48, 48, 341, 4, '2024-07-24', 'afternoon', 'scheduled', '2023-10-07T00:24:44.889537', '2023-08-26T05:36:24.266661');
INSERT INTO "Scheduling" ("id", "staff_id", "patient_id", "service_id", "date", "session", "status", "created_at", "updated_at") VALUES (49, 40, 269, 9, '2024-10-09', 'afternoon', 'completed', '2023-03-17T16:44:47.717813', '2023-08-15T09:42:25.361958');
INSERT INTO "MedicalRecord" ("id", "scheduling_id", "patient_id", "complaint", "medical_history", "physical_examination", "systolic", "diastolic", "heart_rate", "respiratory_rate", "temperature", "created_at", "updated_at") VALUES (49, 49, 269, 'Poor anOTHER surface. Someone head ground.
Drug fact enjoy each. Pressure institution early west trial ten. Walk involve all raise.
Employee ahead yourself.', 'Year beautiful big thought maybe see. Skin everybody interview find fill large type. Poor possible memory protect exactly left on.', 'Firm study quite. Movement company choose effect great describe because home.
Machine late during necessary study.
Run matter cold lay ten still able. Paper example admit today them coach.', 95, 72, 66, 14, 37.5, '2023-03-16T02:15:47.532003', '2023-05-14T09:28:19.833737');
INSERT INTO "ServiceNote" ("id", "scheduling_id", "medical_record_id", "additional_notes", "created_at", "updated_at") VALUES (49, 49, 49, 'Across green hear environment war. Significant movement bad decide perform money. Half cold budget nearly foreign theory southern.', '2023-10-03T21:00:01.360835', '2023-03-06T17:23:15.606764');
INSERT INTO "Prescription" ("id", "service_note_id", "created_at", "updated_at") VALUES (49, 49, '2023-07-15T20:17:26.440124', '2023-12-10T01:21:57.232497');
INSERT INTO "PrescriptionDetail" ("id", "prescription_id", "medical_inventory_id", "quantity", "dosage_instructions", "created_at", "updated_at") VALUES (35, 49, 83, 4, '1 times daily after meals', '2023-02-05T08:16:23.856080', '2023-03-22T04:53:01.226849');
INSERT INTO "PrescriptionDetail" ("id", "prescription_id", "medical_inventory_id", "quantity", "dosage_instructions", "created_at", "updated_at") VALUES (36, 49, 67, 7, '1 times daily after meals', '2023-07-13T19:51:46.878732', '2023-12-14T11:19:56.587205');
INSERT INTO "Payment" ("id", "service_note_id", "amount", "status", "payment_method", "created_at", "updated_at") VALUES (49, 49, 474.4, 'pAID', 'debit_card', '2023-02-03T09:05:23.842218', '2023-11-21T12:23:37.993868');
INSERT INTO "Scheduling" ("id", "staff_id", "patient_id", "service_id", "date", "session", "status", "created_at", "updated_at") VALUES (50, 20, 344, 1, '2024-09-25', 'evening', 'completed', '2023-10-06T14:47:27.527682', '2023-09-24T13:43:07.207444');
INSERT INTO "MedicalRecord" ("id", "scheduling_id", "patient_id", "complaint", "medical_history", "physical_examination", "systolic", "diastolic", "heart_rate", "respiratory_rate", "temperature", "created_at", "updated_at") VALUES (50, 50, 344, 'Assume election history else region word community. Bill part have leg.
Subject save big. Middle choice toward far.', 'Last mouth public. Throw pattern thousand imagine.
Field should floor image style it see. For though build next wind. Opportunity center voice tax our game area fill. Various true sound age.', 'Charge base specific green. Color site structure nothing high certainly. Cover even of usually beat about generation.
Product plant two water. Manage set necessary lay region citizen.', 131, 71, 75, 12, 37.0, '2023-04-08T07:24:24.526092', '2023-05-04T14:44:54.045137');
INSERT INTO "ServiceNote" ("id", "scheduling_id", "medical_record_id", "additional_notes", "created_at", "updated_at") VALUES (50, 50, 50, 'Effect course leg business. Glass far control response and quality memory understand. Religious challenge place.', '2023-08-19T23:33:14.085701', '2023-12-20T19:50:57.777439');
INSERT INTO "Prescription" ("id", "service_note_id", "created_at", "updated_at") VALUES (50, 50, '2023-08-01T17:31:30.025990', '2023-05-01T07:05:27.234592');
INSERT INTO "PrescriptionDetail" ("id", "prescription_id", "medical_inventory_id", "quantity", "dosage_instructions", "created_at", "updated_at") VALUES (37, 50, 79, 3, '2 times daily after meals', '2023-05-23T17:45:27.008241', '2023-09-08T08:42:51.346550');
INSERT INTO "PrescriptionDetail" ("id", "prescription_id", "medical_inventory_id", "quantity", "dosage_instructions", "created_at", "updated_at") VALUES (38, 50, 129, 5, '3 times daily after meals', '2023-03-16T08:13:14.431369', '2023-02-04T03:09:37.335713');
INSERT INTO "Payment" ("id", "service_note_id", "amount", "status", "payment_method", "created_at", "updated_at") VALUES (50, 50, 161.54, 'pAID', 'debit_card', '2023-05-22T13:40:53.885547', '2023-08-17T05:30:56.048806');
INSERT INTO "Scheduling" ("id", "staff_id", "patient_id", "service_id", "date", "session", "status", "created_at", "updated_at") VALUES (51, 40, 119, 8, '2024-06-24', 'morning', 'scheduled', '2023-05-10T00:12:20.115260', '2023-10-21T02:44:37.828842');
INSERT INTO "Scheduling" ("id", "staff_id", "patient_id", "service_id", "date", "session", "status", "created_at", "updated_at") VALUES (52, 30, 263, 9, '2024-10-01', 'afternoon', 'completed', '2023-03-22T06:47:27.722809', '2023-07-23T10:14:09.289816');
INSERT INTO "MedicalRecord" ("id", "scheduling_id", "patient_id", "complaint", "medical_history", "physical_examination", "systolic", "diastolic", "heart_rate", "respiratory_rate", "temperature", "created_at", "updated_at") VALUES (52, 52, 263, 'Unit kind they girl recently treat party. Available hope where indicate campaign. Successful age because best.', 'Something she role nice week now final operation. Employee speak room whatever. Film campaign dream grow behavior.', 'Their city town response. Set book despite. Health among together method interview.
Machine important manager adult we everything. Despite wind safe off store little chair.', 138, 77, 73, 15, 37.0, '2023-01-24T10:20:11.116222', '2023-08-20T13:05:15.497714');
INSERT INTO "ServiceNote" ("id", "scheduling_id", "medical_record_id", "additional_notes", "created_at", "updated_at") VALUES (52, 52, 52, 'Range work choose kitchen set stuff. So peace interesting free. Party green five should single.
Thought particularly key out down. Trial anyone western. Say stand article book six student.', '2023-08-17T17:57:37.064380', '2023-10-06T22:19:44.153955');
INSERT INTO "Prescription" ("id", "service_note_id", "created_at", "updated_at") VALUES (52, 52, '2023-06-08T15:58:09.675627', '2023-09-10T16:09:46.379353');
INSERT INTO "PrescriptionDetail" ("id", "prescription_id", "medical_inventory_id", "quantity", "dosage_instructions", "created_at", "updated_at") VALUES (39, 52, 21, 9, '2 times daily after meals', '2023-12-14T14:09:37.111480', '2023-10-20T19:48:03.033959');
INSERT INTO "PrescriptionDetail" ("id", "prescription_id", "medical_inventory_id", "quantity", "dosage_instructions", "created_at", "updated_at") VALUES (40, 52, 136, 6, '1 times daily after meals', '2023-11-15T05:24:05.919381', '2023-12-20T09:09:21.546566');
INSERT INTO "PrescriptionDetail" ("id", "prescription_id", "medical_inventory_id", "quantity", "dosage_instructions", "created_at", "updated_at") VALUES (41, 52, 145, 2, '1 times daily after meals', '2023-04-10T22:51:20.883304', '2023-10-16T21:11:08.064612');
INSERT INTO "Payment" ("id", "service_note_id", "amount", "status", "payment_method", "created_at", "updated_at") VALUES (52, 52, 837.34, 'cancelled', 'credit_card', '2023-03-13T12:55:49.417672', '2023-04-20T04:54:20.568053');
INSERT INTO "Scheduling" ("id", "staff_id", "patient_id", "service_id", "date", "session", "status", "created_at", "updated_at") VALUES (53, 37, 135, 6, '2024-09-13', 'morning', 'cancelled', '2023-01-02T19:45:01.398742', '2023-11-02T05:10:57.822904');
INSERT INTO "Scheduling" ("id", "staff_id", "patient_id", "service_id", "date", "session", "status", "created_at", "updated_at") VALUES (54, 29, 156, 10, '2024-05-28', 'evening', 'completed', '2023-05-02T10:42:46.881441', '2023-03-21T18:42:00.834229');
INSERT INTO "MedicalRecord" ("id", "scheduling_id", "patient_id", "complaint", "medical_history", "physical_examination", "systolic", "diastolic", "heart_rate", "respiratory_rate", "temperature", "created_at", "updated_at") VALUES (54, 54, 156, 'Some money hundred section bit generation. Evening thing generation one throughout.
Three machine environment security wrong plan case carry.', 'Become city consumer employee. He local mention eye house knowledge participant strategy. Store bank sit none now beyond measure.', 'Its here five today loss gun. Rise enjoy soldier decision structure. Worker it likely manage from.', 95, 88, 92, 19, 37.2, '2023-03-25T06:03:52.545594', '2023-04-15T17:39:54.859693');
INSERT INTO "ServiceNote" ("id", "scheduling_id", "medical_record_id", "additional_notes", "created_at", "updated_at") VALUES (54, 54, 54, 'Production stand process reason low. Good half while front.
Development establish whom plant. Believe move then hear degree.', '2023-11-27T21:45:07.129664', '2023-08-17T14:49:05.167461');
INSERT INTO "Prescription" ("id", "service_note_id", "created_at", "updated_at") VALUES (54, 54, '2023-02-12T18:59:05.541319', '2023-03-12T09:41:18.640147');
INSERT INTO "PrescriptionDetail" ("id", "prescription_id", "medical_inventory_id", "quantity", "dosage_instructions", "created_at", "updated_at") VALUES (42, 54, 34, 9, '2 times daily after meals', '2023-03-03T00:32:25.282230', '2023-03-19T16:18:20.364424');
INSERT INTO "PrescriptionDetail" ("id", "prescription_id", "medical_inventory_id", "quantity", "dosage_instructions", "created_at", "updated_at") VALUES (43, 54, 117, 10, '1 times daily after meals', '2023-09-25T22:14:16.728347', '2023-10-14T12:05:38.979477');
INSERT INTO "Payment" ("id", "service_note_id", "amount", "status", "payment_method", "created_at", "updated_at") VALUES (54, 54, 580.86, 'cancelled', 'debit_card', '2023-08-21T06:17:55.213422', '2023-06-11T15:07:47.510760');
INSERT INTO "Scheduling" ("id", "staff_id", "patient_id", "service_id", "date", "session", "status", "created_at", "updated_at") VALUES (55, 47, 181, 1, '2024-05-04', 'afternoon', 'cancelled', '2023-04-20T09:53:35.511114', '2023-06-19T06:21:44.888061');
INSERT INTO "Scheduling" ("id", "staff_id", "patient_id", "service_id", "date", "session", "status", "created_at", "updated_at") VALUES (56, 14, 74, 7, '2024-09-24', 'morning', 'completed', '2023-04-02T14:10:32.397356', '2023-10-21T16:45:42.956425');
INSERT INTO "MedicalRecord" ("id", "scheduling_id", "patient_id", "complaint", "medical_history", "physical_examination", "systolic", "diastolic", "heart_rate", "respiratory_rate", "temperature", "created_at", "updated_at") VALUES (56, 56, 74, 'Effort without prove major. Wind buy glass floor future. Million describe voice.
Also left course station beyond back. Past all suffer serious just along. Least so especially almost myself red.', 'Your so main drive these somebody. Organization animal around campaign move Democrat single.
Song star send partner avoid. AnOTHER life tax close play.', 'Message window garden. Down role special watch remain son. Though tell mission investment.', 134, 62, 94, 12, 37.4, '2023-08-18T00:29:23.615297', '2023-04-10T07:36:12.581637');
INSERT INTO "ServiceNote" ("id", "scheduling_id", "medical_record_id", "additional_notes", "created_at", "updated_at") VALUES (56, 56, 56, 'Congress rather first expert baby. Best significant mOTHER sure toward garden degree. Could whom reach certain deal stay poor.', '2023-04-06T00:24:21.340163', '2023-07-10T02:10:47.552690');
INSERT INTO "Prescription" ("id", "service_note_id", "created_at", "updated_at") VALUES (56, 56, '2023-03-14T04:34:41.833066', '2023-04-28T19:20:48.779767');
INSERT INTO "PrescriptionDetail" ("id", "prescription_id", "medical_inventory_id", "quantity", "dosage_instructions", "created_at", "updated_at") VALUES (44, 56, 121, 1, '2 times daily after meals', '2023-12-21T19:39:24.503536', '2023-11-24T09:09:36.223128');
INSERT INTO "Payment" ("id", "service_note_id", "amount", "status", "payment_method", "created_at", "updated_at") VALUES (56, 56, 438.42, 'pending', 'insurance', '2023-02-10T12:14:52.116787', '2023-06-11T05:18:47.508086');
INSERT INTO "Scheduling" ("id", "staff_id", "patient_id", "service_id", "date", "session", "status", "created_at", "updated_at") VALUES (57, 24, 244, 7, '2024-08-04', 'afternoon', 'scheduled', '2023-07-17T04:18:51.959605', '2023-11-28T18:09:00.242594');
INSERT INTO "Scheduling" ("id", "staff_id", "patient_id", "service_id", "date", "session", "status", "created_at", "updated_at") VALUES (58, 44, 119, 6, '2024-10-15', 'evening', 'scheduled', '2023-01-05T03:44:48.996847', '2023-01-01T14:08:50.494360');
INSERT INTO "Scheduling" ("id", "staff_id", "patient_id", "service_id", "date", "session", "status", "created_at", "updated_at") VALUES (59, 12, 321, 3, '2024-09-13', 'afternoon', 'cancelled', '2023-06-25T07:59:07.752986', '2023-10-11T02:04:51.414762');
INSERT INTO "Scheduling" ("id", "staff_id", "patient_id", "service_id", "date", "session", "status", "created_at", "updated_at") VALUES (60, 15, 203, 8, '2024-04-29', 'morning', 'cancelled', '2023-12-01T22:17:34.530829', '2023-06-20T14:40:30.967026');
INSERT INTO "Scheduling" ("id", "staff_id", "patient_id", "service_id", "date", "session", "status", "created_at", "updated_at") VALUES (61, 47, 323, 7, '2024-09-15', 'afternoon', 'scheduled', '2023-06-25T18:39:16.459764', '2023-09-24T13:30:00.255288');
INSERT INTO "Scheduling" ("id", "staff_id", "patient_id", "service_id", "date", "session", "status", "created_at", "updated_at") VALUES (62, 16, 130, 5, '2024-08-24', 'afternoon', 'scheduled', '2023-01-04T20:18:51.264480', '2023-06-03T12:44:19.808546');
INSERT INTO "Scheduling" ("id", "staff_id", "patient_id", "service_id", "date", "session", "status", "created_at", "updated_at") VALUES (63, 47, 265, 10, '2024-05-27', 'morning', 'scheduled', '2023-08-31T01:32:45.554442', '2023-06-08T12:26:44.988895');
INSERT INTO "Scheduling" ("id", "staff_id", "patient_id", "service_id", "date", "session", "status", "created_at", "updated_at") VALUES (64, 16, 102, 10, '2024-06-20', 'morning', 'scheduled', '2023-12-20T13:29:17.857446', '2023-03-28T08:30:50.613246');
INSERT INTO "Scheduling" ("id", "staff_id", "patient_id", "service_id", "date", "session", "status", "created_at", "updated_at") VALUES (65, 29, 75, 4, '2024-09-29', 'evening', 'cancelled', '2023-06-19T06:31:13.641855', '2023-02-22T13:18:51.482059');
INSERT INTO "Scheduling" ("id", "staff_id", "patient_id", "service_id", "date", "session", "status", "created_at", "updated_at") VALUES (66, 3, 170, 9, '2024-08-09', 'afternoon', 'scheduled', '2023-08-08T17:55:27.498617', '2023-01-01T22:34:14.723948');
INSERT INTO "Scheduling" ("id", "staff_id", "patient_id", "service_id", "date", "session", "status", "created_at", "updated_at") VALUES (67, 49, 308, 5, '2024-05-13', 'morning', 'scheduled', '2023-06-03T06:26:51.587561', '2023-06-25T17:34:08.189829');
INSERT INTO "Scheduling" ("id", "staff_id", "patient_id", "service_id", "date", "session", "status", "created_at", "updated_at") VALUES (68, 47, 346, 10, '2024-09-23', 'afternoon', 'cancelled', '2023-11-02T03:43:03.847845', '2023-08-20T16:32:21.398830');
INSERT INTO "Scheduling" ("id", "staff_id", "patient_id", "service_id", "date", "session", "status", "created_at", "updated_at") VALUES (69, 21, 124, 9, '2024-06-28', 'afternoon', 'scheduled', '2023-03-09T12:53:34.716906', '2023-02-04T03:30:59.897138');
INSERT INTO "Scheduling" ("id", "staff_id", "patient_id", "service_id", "date", "session", "status", "created_at", "updated_at") VALUES (70, 27, 82, 9, '2024-07-14', 'afternoon', 'cancelled', '2023-02-23T14:39:12.401514', '2023-04-13T15:01:06.555647');
INSERT INTO "Scheduling" ("id", "staff_id", "patient_id", "service_id", "date", "session", "status", "created_at", "updated_at") VALUES (71, 48, 269, 9, '2024-06-12', 'evening', 'completed', '2023-07-10T13:45:19.939187', '2023-07-07T21:02:50.704165');
INSERT INTO "MedicalRecord" ("id", "scheduling_id", "patient_id", "complaint", "medical_history", "physical_examination", "systolic", "diastolic", "heart_rate", "respiratory_rate", "temperature", "created_at", "updated_at") VALUES (71, 71, 269, 'Prevent bill hope. Develop difficult still class suddenly pressure somebody. Pass level body party husband.
Participant after six economic something. Whole rest seek. Director candidate sport.', 'Two attack eat top rock sit. Weight husband about company interest same.
Remain lay society method center successful owner.
Nation series still court stuff police. Impact large those.', 'Religious not activity determine space television law manage. Bank magazine agree allow improve later arm. Field can travel recognize above behavior hot.', 93, 71, 84, 20, 36.5, '2023-08-27T19:17:49.507097', '2023-09-18T01:03:11.312505');
INSERT INTO "ServiceNote" ("id", "scheduling_id", "medical_record_id", "additional_notes", "created_at", "updated_at") VALUES (71, 71, 71, 'Put property do bag several set and. Computer oil inside stock rise. Treatment worker to enough than break. Few exactly mouth.
Field their keep soon such must yard hit.', '2023-04-22T15:05:56.439008', '2023-06-13T15:29:13.755147');
INSERT INTO "Prescription" ("id", "service_note_id", "created_at", "updated_at") VALUES (71, 71, '2023-04-16T12:49:42.714182', '2023-09-28T12:25:05.118240');
INSERT INTO "PrescriptionDetail" ("id", "prescription_id", "medical_inventory_id", "quantity", "dosage_instructions", "created_at", "updated_at") VALUES (45, 71, 105, 3, '2 times daily after meals', '2023-06-02T06:30:35.058581', '2023-06-17T22:13:12.218895');
INSERT INTO "PrescriptionDetail" ("id", "prescription_id", "medical_inventory_id", "quantity", "dosage_instructions", "created_at", "updated_at") VALUES (46, 71, 97, 3, '3 times daily after meals', '2023-07-06T06:31:34.686974', '2023-10-15T15:36:50.526866');
INSERT INTO "Payment" ("id", "service_note_id", "amount", "status", "payment_method", "created_at", "updated_at") VALUES (71, 71, 499.84, 'pending', 'debit_card', '2023-02-25T05:15:25.837125', '2023-05-22T00:20:11.325496');
INSERT INTO "Scheduling" ("id", "staff_id", "patient_id", "service_id", "date", "session", "status", "created_at", "updated_at") VALUES (72, 46, 80, 9, '2024-06-04', 'afternoon', 'completed', '2023-07-29T21:18:37.660064', '2023-04-18T18:14:02.990730');
INSERT INTO "MedicalRecord" ("id", "scheduling_id", "patient_id", "complaint", "medical_history", "physical_examination", "systolic", "diastolic", "heart_rate", "respiratory_rate", "temperature", "created_at", "updated_at") VALUES (72, 72, 80, 'Wall quite serve oil participant. What herself teach score activity. Her opportunity our two west responsibility.', 'Market operation these space type. Prove be watch service. But network information cost society imagine.
Cut discussion range simply appear. Democratic operation discover evidence.', 'Quite able partner pressure course. Mrs hot sing out bed media.
Resource any size technology enter most stock. Expert long water early bring official.', 116, 77, 93, 14, 36.6, '2023-12-13T05:39:11.862855', '2023-07-20T10:27:57.158860');
INSERT INTO "ServiceNote" ("id", "scheduling_id", "medical_record_id", "additional_notes", "created_at", "updated_at") VALUES (72, 72, 72, 'However quickly among reveal week collection eat. True alone tonight perform. Nice who two week simply product.', '2023-06-05T11:14:07.841787', '2023-03-27T08:11:49.120404');
INSERT INTO "Prescription" ("id", "service_note_id", "created_at", "updated_at") VALUES (72, 72, '2023-10-04T17:28:17.714617', '2023-07-17T06:03:20.510772');
INSERT INTO "PrescriptionDetail" ("id", "prescription_id", "medical_inventory_id", "quantity", "dosage_instructions", "created_at", "updated_at") VALUES (47, 72, 53, 6, '3 times daily after meals', '2023-07-04T09:17:39.398583', '2023-06-21T10:43:13.836215');
INSERT INTO "PrescriptionDetail" ("id", "prescription_id", "medical_inventory_id", "quantity", "dosage_instructions", "created_at", "updated_at") VALUES (48, 72, 21, 8, '2 times daily after meals', '2023-01-08T01:21:26.268569', '2023-01-29T14:28:57.600688');
INSERT INTO "Payment" ("id", "service_note_id", "amount", "status", "payment_method", "created_at", "updated_at") VALUES (72, 72, 137.84, 'cancelled', 'credit_card', '2023-01-16T01:02:11.709605', '2023-07-11T20:29:33.614902');
INSERT INTO "Scheduling" ("id", "staff_id", "patient_id", "service_id", "date", "session", "status", "created_at", "updated_at") VALUES (73, 4, 71, 2, '2024-07-06', 'afternoon', 'scheduled', '2023-04-24T15:32:57.077640', '2023-09-07T06:11:31.729814');
INSERT INTO "Scheduling" ("id", "staff_id", "patient_id", "service_id", "date", "session", "status", "created_at", "updated_at") VALUES (74, 49, 337, 4, '2024-09-26', 'evening', 'completed', '2023-02-24T14:57:01.095668', '2023-01-08T17:13:21.420166');
INSERT INTO "MedicalRecord" ("id", "scheduling_id", "patient_id", "complaint", "medical_history", "physical_examination", "systolic", "diastolic", "heart_rate", "respiratory_rate", "temperature", "created_at", "updated_at") VALUES (74, 74, 337, 'Bank thought guess. Water at every marriage case ten.
Than especially indeed themselves. Practice adult best commercial race number.', 'Center draw new huge religious action any. Ten friend within child. Husband away score mOTHER.
Per least believe and. Not many wonder wish. Agree can available candidate.', 'Future claim travel gas who place head follow. Back success soon position. Executive close affect skin.', 103, 87, 81, 16, 37.4, '2023-06-13T15:06:33.745132', '2023-10-04T12:57:25.607116');
INSERT INTO "ServiceNote" ("id", "scheduling_id", "medical_record_id", "additional_notes", "created_at", "updated_at") VALUES (74, 74, 74, 'Lose think election course figure picture garden. Performance leg many page term. Live front image represent film thus.
Party number several difficult.', '2023-12-19T17:13:55.153565', '2023-10-31T07:36:57.635641');
INSERT INTO "Prescription" ("id", "service_note_id", "created_at", "updated_at") VALUES (74, 74, '2023-02-15T19:46:53.713568', '2023-04-06T06:12:10.602952');
INSERT INTO "PrescriptionDetail" ("id", "prescription_id", "medical_inventory_id", "quantity", "dosage_instructions", "created_at", "updated_at") VALUES (49, 74, 55, 4, '3 times daily after meals', '2023-02-25T23:30:25.204985', '2023-01-13T00:45:02.376896');
INSERT INTO "Payment" ("id", "service_note_id", "amount", "status", "payment_method", "created_at", "updated_at") VALUES (74, 74, 161.45, 'pAID', 'credit_card', '2023-05-31T04:23:54.137640', '2023-08-07T06:03:54.068050');
INSERT INTO "Scheduling" ("id", "staff_id", "patient_id", "service_id", "date", "session", "status", "created_at", "updated_at") VALUES (75, 45, 155, 7, '2024-09-30', 'evening', 'scheduled', '2023-01-20T07:27:23.486498', '2023-10-04T19:30:23.636979');
INSERT INTO "Scheduling" ("id", "staff_id", "patient_id", "service_id", "date", "session", "status", "created_at", "updated_at") VALUES (76, 36, 245, 8, '2024-07-20', 'afternoon', 'cancelled', '2023-09-19T06:59:02.349576', '2023-04-08T17:00:18.517084');
INSERT INTO "Scheduling" ("id", "staff_id", "patient_id", "service_id", "date", "session", "status", "created_at", "updated_at") VALUES (77, 42, 184, 6, '2024-07-29', 'afternoon', 'cancelled', '2023-10-30T04:29:21.129737', '2023-12-21T17:36:08.731222');
INSERT INTO "Scheduling" ("id", "staff_id", "patient_id", "service_id", "date", "session", "status", "created_at", "updated_at") VALUES (78, 32, 291, 6, '2024-08-26', 'morning', 'scheduled', '2023-11-29T02:28:17.000058', '2023-09-05T01:44:02.203039');
INSERT INTO "Scheduling" ("id", "staff_id", "patient_id", "service_id", "date", "session", "status", "created_at", "updated_at") VALUES (79, 24, 74, 10, '2024-07-18', 'afternoon', 'scheduled', '2023-02-23T23:37:22.428382', '2023-03-29T23:43:31.454216');
INSERT INTO "Scheduling" ("id", "staff_id", "patient_id", "service_id", "date", "session", "status", "created_at", "updated_at") VALUES (80, 48, 184, 9, '2024-06-05', 'morning', 'cancelled', '2023-12-10T16:43:47.207880', '2023-02-11T08:50:12.118436');
INSERT INTO "Scheduling" ("id", "staff_id", "patient_id", "service_id", "date", "session", "status", "created_at", "updated_at") VALUES (81, 38, 129, 4, '2024-08-13', 'afternoon', 'completed', '2023-06-17T11:33:47.142614', '2023-10-26T07:57:28.777281');
INSERT INTO "MedicalRecord" ("id", "scheduling_id", "patient_id", "complaint", "medical_history", "physical_examination", "systolic", "diastolic", "heart_rate", "respiratory_rate", "temperature", "created_at", "updated_at") VALUES (81, 81, 129, 'Treatment else whether foreign occur. These plant miss. Truth something design form.', 'Rock door foot amount dark painting administration. Reflect player it.
Attack subject find certainly me economic. Fish probably appear TV compare eat. People out right seek same kitchen.', 'Throughout east various discussion. Eat together quickly anything worry institution. Suddenly check serve value.
Much course standard church drop get food.', 104, 72, 96, 15, 36.7, '2023-08-19T19:03:35.964915', '2023-09-12T04:02:16.716515');
INSERT INTO "ServiceNote" ("id", "scheduling_id", "medical_record_id", "additional_notes", "created_at", "updated_at") VALUES (81, 81, 81, 'Charge positive reach federal. Hotel author order choose spend task.
Discussion song along main might only. State run though tough glass.', '2023-06-07T08:04:19.938007', '2023-03-25T22:38:41.346257');
INSERT INTO "Prescription" ("id", "service_note_id", "created_at", "updated_at") VALUES (81, 81, '2023-12-16T00:00:38.391703', '2023-08-18T23:26:10.947366');
INSERT INTO "PrescriptionDetail" ("id", "prescription_id", "medical_inventory_id", "quantity", "dosage_instructions", "created_at", "updated_at") VALUES (50, 81, 87, 5, '2 times daily after meals', '2023-02-17T20:26:33.578671', '2023-04-12T01:42:00.893511');
INSERT INTO "PrescriptionDetail" ("id", "prescription_id", "medical_inventory_id", "quantity", "dosage_instructions", "created_at", "updated_at") VALUES (51, 81, 126, 8, '1 times daily after meals', '2023-03-31T13:19:48.061321', '2023-11-02T17:19:39.160870');
INSERT INTO "PrescriptionDetail" ("id", "prescription_id", "medical_inventory_id", "quantity", "dosage_instructions", "created_at", "updated_at") VALUES (52, 81, 91, 3, '1 times daily after meals', '2023-06-06T17:34:31.820511', '2023-09-29T04:08:59.739479');
INSERT INTO "Payment" ("id", "service_note_id", "amount", "status", "payment_method", "created_at", "updated_at") VALUES (81, 81, 734.3, 'pAID', 'credit_card', '2023-02-18T19:44:28.064793', '2023-11-07T03:43:10.619362');
INSERT INTO "Scheduling" ("id", "staff_id", "patient_id", "service_id", "date", "session", "status", "created_at", "updated_at") VALUES (82, 35, 319, 1, '2024-10-10', 'morning', 'scheduled', '2023-09-02T08:55:20.587467', '2023-11-14T15:06:19.900746');
INSERT INTO "Scheduling" ("id", "staff_id", "patient_id", "service_id", "date", "session", "status", "created_at", "updated_at") VALUES (83, 43, 262, 3, '2024-05-11', 'morning', 'cancelled', '2023-08-28T04:42:54.006179', '2023-11-21T14:33:59.575713');
INSERT INTO "Scheduling" ("id", "staff_id", "patient_id", "service_id", "date", "session", "status", "created_at", "updated_at") VALUES (84, 15, 128, 1, '2024-05-16', 'evening', 'scheduled', '2023-09-18T16:00:54.292282', '2023-03-28T10:19:58.750236');
INSERT INTO "Scheduling" ("id", "staff_id", "patient_id", "service_id", "date", "session", "status", "created_at", "updated_at") VALUES (85, 33, 81, 10, '2024-08-23', 'afternoon', 'cancelled', '2023-02-17T20:06:50.280585', '2023-11-15T03:16:15.590826');
INSERT INTO "Scheduling" ("id", "staff_id", "patient_id", "service_id", "date", "session", "status", "created_at", "updated_at") VALUES (86, 43, 300, 1, '2024-10-03', 'afternoon', 'scheduled', '2023-01-01T06:46:40.789337', '2023-06-08T15:18:34.931628');
INSERT INTO "Scheduling" ("id", "staff_id", "patient_id", "service_id", "date", "session", "status", "created_at", "updated_at") VALUES (87, 35, 57, 1, '2024-09-17', 'afternoon', 'cancelled', '2023-01-27T15:06:15.723286', '2023-01-16T02:51:16.231048');
INSERT INTO "Scheduling" ("id", "staff_id", "patient_id", "service_id", "date", "session", "status", "created_at", "updated_at") VALUES (88, 47, 197, 1, '2024-07-08', 'evening', 'cancelled', '2023-02-25T23:58:12.406891', '2023-04-25T10:31:52.171905');
INSERT INTO "Scheduling" ("id", "staff_id", "patient_id", "service_id", "date", "session", "status", "created_at", "updated_at") VALUES (89, 45, 142, 2, '2024-10-18', 'afternoon', 'scheduled', '2023-07-24T16:55:32.270953', '2023-05-21T06:57:42.729063');
INSERT INTO "Scheduling" ("id", "staff_id", "patient_id", "service_id", "date", "session", "status", "created_at", "updated_at") VALUES (90, 34, 149, 10, '2024-06-06', 'morning', 'cancelled', '2023-10-22T08:35:26.876624', '2023-09-01T00:32:36.392125');
INSERT INTO "Scheduling" ("id", "staff_id", "patient_id", "service_id", "date", "session", "status", "created_at", "updated_at") VALUES (91, 17, 254, 2, '2024-07-28', 'afternoon', 'completed', '2023-06-02T21:21:18.317309', '2023-06-12T02:56:58.555416');
INSERT INTO "MedicalRecord" ("id", "scheduling_id", "patient_id", "complaint", "medical_history", "physical_examination", "systolic", "diastolic", "heart_rate", "respiratory_rate", "temperature", "created_at", "updated_at") VALUES (91, 91, 254, 'Couple democratic who agency value. Seat or body.
She individual benefit anyone describe. Magazine message may better.', 'Look choose major.
Both protect ten language place leader goal.
Letter development right. Where develop shoulder.', 'Issue go parent half I young. Unit become any personal keep.', 115, 74, 96, 15, 37.5, '2023-08-30T23:34:24.923045', '2023-02-20T09:53:54.779627');
INSERT INTO "ServiceNote" ("id", "scheduling_id", "medical_record_id", "additional_notes", "created_at", "updated_at") VALUES (91, 91, 91, 'Front agency around garden operation. Medical season already. Only nearly decade suggest husband leader minute.', '2023-06-28T23:39:13.372609', '2023-12-21T09:52:42.393854');
INSERT INTO "Prescription" ("id", "service_note_id", "created_at", "updated_at") VALUES (91, 91, '2023-04-12T04:25:50.218994', '2023-06-09T07:35:52.265199');
INSERT INTO "PrescriptionDetail" ("id", "prescription_id", "medical_inventory_id", "quantity", "dosage_instructions", "created_at", "updated_at") VALUES (53, 91, 77, 2, '3 times daily after meals', '2023-07-26T19:15:40.029395', '2023-12-17T02:03:24.664789');
INSERT INTO "Payment" ("id", "service_note_id", "amount", "status", "payment_method", "created_at", "updated_at") VALUES (91, 91, 992.09, 'cancelled', 'cash', '2023-05-31T06:00:58.230755', '2023-12-27T11:52:08.634262');
INSERT INTO "Scheduling" ("id", "staff_id", "patient_id", "service_id", "date", "session", "status", "created_at", "updated_at") VALUES (92, 6, 244, 9, '2024-08-10', 'afternoon', 'completed', '2023-05-31T10:41:46.485275', '2023-05-22T01:04:37.737517');
INSERT INTO "MedicalRecord" ("id", "scheduling_id", "patient_id", "complaint", "medical_history", "physical_examination", "systolic", "diastolic", "heart_rate", "respiratory_rate", "temperature", "created_at", "updated_at") VALUES (92, 92, 244, 'Market crime between paper help certainly choice sing. Identify above camera also difference west although him. Later summer well continue bad hard nor.
Bill might pick sign medical.', 'Maintain network side magazine. Almost news son indicate for list particularly stop. Few choice certain son else. Chance Mr student course audience than doctor.', 'Prove impact himself agency lawyer. Them nothing season store. Sound past safe suggest her price out thousand. Important need since face why determine bad.', 93, 80, 60, 14, 36.1, '2023-09-14T05:01:13.306435', '2023-02-26T23:48:58.535463');
INSERT INTO "ServiceNote" ("id", "scheduling_id", "medical_record_id", "additional_notes", "created_at", "updated_at") VALUES (92, 92, 92, 'Them protect finally late maybe increase. Seat society southern total law fast stage.', '2023-08-17T08:51:29.611682', '2023-08-12T06:59:04.176975');
INSERT INTO "Prescription" ("id", "service_note_id", "created_at", "updated_at") VALUES (92, 92, '2023-12-19T22:13:04.558923', '2023-06-13T17:15:25.005924');
INSERT INTO "PrescriptionDetail" ("id", "prescription_id", "medical_inventory_id", "quantity", "dosage_instructions", "created_at", "updated_at") VALUES (54, 92, 85, 10, '1 times daily after meals', '2023-08-08T22:53:26.078614', '2023-03-25T14:24:05.016643');
INSERT INTO "PrescriptionDetail" ("id", "prescription_id", "medical_inventory_id", "quantity", "dosage_instructions", "created_at", "updated_at") VALUES (55, 92, 136, 1, '1 times daily after meals', '2023-08-10T11:29:39.406717', '2023-09-15T17:15:12.390047');
INSERT INTO "Payment" ("id", "service_note_id", "amount", "status", "payment_method", "created_at", "updated_at") VALUES (92, 92, 250.85, 'cancelled', 'insurance', '2023-05-24T02:51:32.550214', '2023-12-19T23:02:29.258446');
INSERT INTO "Scheduling" ("id", "staff_id", "patient_id", "service_id", "date", "session", "status", "created_at", "updated_at") VALUES (93, 18, 194, 9, '2024-05-10', 'morning', 'cancelled', '2023-08-12T19:30:35.205069', '2023-02-02T09:10:06.115490');
INSERT INTO "Scheduling" ("id", "staff_id", "patient_id", "service_id", "date", "session", "status", "created_at", "updated_at") VALUES (94, 43, 212, 1, '2024-05-07', 'morning', 'scheduled', '2023-10-24T23:00:23.631772', '2023-05-28T05:53:27.570958');
INSERT INTO "Scheduling" ("id", "staff_id", "patient_id", "service_id", "date", "session", "status", "created_at", "updated_at") VALUES (95, 38, 254, 2, '2024-06-04', 'evening', 'completed', '2023-04-20T08:48:51.003282', '2023-01-02T13:37:33.445702');
INSERT INTO "MedicalRecord" ("id", "scheduling_id", "patient_id", "complaint", "medical_history", "physical_examination", "systolic", "diastolic", "heart_rate", "respiratory_rate", "temperature", "created_at", "updated_at") VALUES (95, 95, 254, 'Difference interview speak. Do assume position animal major way. Because student ball you owner.
Imagine behind focus how home. Again exactly fact minute less. Theory her player on million.', 'Traditional OTHER speak staff various know billion. Kind off serve strategy. Everyone age two.
Family war special free option. Evidence discussion program million professional room world.', 'Billion lawyer which than shake. Event manager reveal upon. Society speech state suffer heavy.', 100, 78, 75, 18, 37.0, '2023-05-13T23:11:05.038772', '2023-07-23T13:18:09.675535');
INSERT INTO "ServiceNote" ("id", "scheduling_id", "medical_record_id", "additional_notes", "created_at", "updated_at") VALUES (95, 95, 95, 'Their station leg by thing building carry. Hotel specific newspaper.
Seek hotel husband standard movement OTHER. Big fast with.', '2023-04-30T20:28:37.875062', '2023-08-15T02:15:40.892512');
INSERT INTO "Prescription" ("id", "service_note_id", "created_at", "updated_at") VALUES (95, 95, '2023-03-05T04:52:17.983974', '2023-12-25T12:11:29.872426');
INSERT INTO "PrescriptionDetail" ("id", "prescription_id", "medical_inventory_id", "quantity", "dosage_instructions", "created_at", "updated_at") VALUES (56, 95, 85, 7, '3 times daily after meals', '2023-01-03T13:55:14.247390', '2023-08-31T17:14:41.971174');
INSERT INTO "PrescriptionDetail" ("id", "prescription_id", "medical_inventory_id", "quantity", "dosage_instructions", "created_at", "updated_at") VALUES (57, 95, 36, 2, '3 times daily after meals', '2023-10-13T07:01:44.139789', '2023-10-17T20:14:05.992405');
INSERT INTO "PrescriptionDetail" ("id", "prescription_id", "medical_inventory_id", "quantity", "dosage_instructions", "created_at", "updated_at") VALUES (58, 95, 89, 1, '1 times daily after meals', '2023-02-10T10:26:48.188282', '2023-10-08T12:59:30.905721');
INSERT INTO "Payment" ("id", "service_note_id", "amount", "status", "payment_method", "created_at", "updated_at") VALUES (95, 95, 465.23, 'pending', 'debit_card', '2023-01-21T03:49:26.086038', '2023-10-25T17:50:26.222011');
INSERT INTO "Scheduling" ("id", "staff_id", "patient_id", "service_id", "date", "session", "status", "created_at", "updated_at") VALUES (96, 39, 254, 6, '2024-10-03', 'evening', 'scheduled', '2023-06-04T09:13:14.086773', '2023-06-01T03:52:11.774045');
INSERT INTO "Scheduling" ("id", "staff_id", "patient_id", "service_id", "date", "session", "status", "created_at", "updated_at") VALUES (97, 41, 302, 4, '2024-07-07', 'afternoon', 'completed', '2023-11-04T23:25:28.353441', '2023-06-17T07:42:15.380653');
INSERT INTO "MedicalRecord" ("id", "scheduling_id", "patient_id", "complaint", "medical_history", "physical_examination", "systolic", "diastolic", "heart_rate", "respiratory_rate", "temperature", "created_at", "updated_at") VALUES (97, 97, 302, 'Skin whose section phone bank. Talk ability pull new. Pretty cover table program.
Person share rather threat remember night if. Cultural usually available enough. More management threat without we.', 'Lose as picture window. Stock choose including share real.
Draw medical first personal opportunity including leg event. Challenge sit project require safe. Within cause tonight chance.', 'Short role itself both will break. Situation development animal election painting. Agency no look subject fish girl push. Side travel recognize cold.', 125, 90, 84, 18, 36.3, '2023-01-03T10:38:56.294030', '2023-08-15T14:03:42.564311');
INSERT INTO "ServiceNote" ("id", "scheduling_id", "medical_record_id", "additional_notes", "created_at", "updated_at") VALUES (97, 97, 97, 'Operation week life dinner lay true number own. With system firm get nor poor. Effort later radio available.
Would white lay despite month. Which hotel president television. Billion half new room.', '2023-12-17T21:34:05.290678', '2023-08-17T16:38:31.129474');
INSERT INTO "Prescription" ("id", "service_note_id", "created_at", "updated_at") VALUES (97, 97, '2023-12-28T21:33:39.100888', '2023-07-23T08:05:58.897619');
INSERT INTO "PrescriptionDetail" ("id", "prescription_id", "medical_inventory_id", "quantity", "dosage_instructions", "created_at", "updated_at") VALUES (59, 97, 98, 2, '3 times daily after meals', '2023-07-06T02:30:37.022475', '2023-03-23T05:37:38.454754');
INSERT INTO "PrescriptionDetail" ("id", "prescription_id", "medical_inventory_id", "quantity", "dosage_instructions", "created_at", "updated_at") VALUES (60, 97, 76, 4, '3 times daily after meals', '2023-11-27T22:00:34.928736', '2023-11-11T16:13:32.205300');
INSERT INTO "PrescriptionDetail" ("id", "prescription_id", "medical_inventory_id", "quantity", "dosage_instructions", "created_at", "updated_at") VALUES (61, 97, 19, 2, '2 times daily after meals', '2023-10-18T23:18:18.825247', '2023-01-15T07:27:33.422142');
INSERT INTO "Payment" ("id", "service_note_id", "amount", "status", "payment_method", "created_at", "updated_at") VALUES (97, 97, 196.51, 'cancelled', 'credit_card', '2023-06-21T16:47:57.166940', '2023-09-18T15:59:44.720785');
INSERT INTO "Scheduling" ("id", "staff_id", "patient_id", "service_id", "date", "session", "status", "created_at", "updated_at") VALUES (98, 48, 235, 2, '2024-08-06', 'afternoon', 'scheduled', '2023-07-11T00:20:17.750653', '2023-01-31T07:02:58.610137');
INSERT INTO "Scheduling" ("id", "staff_id", "patient_id", "service_id", "date", "session", "status", "created_at", "updated_at") VALUES (99, 1, 235, 5, '2024-07-16', 'afternoon', 'scheduled', '2023-08-20T18:00:27.613875', '2023-03-25T13:09:15.597961');
INSERT INTO "Scheduling" ("id", "staff_id", "patient_id", "service_id", "date", "session", "status", "created_at", "updated_at") VALUES (100, 9, 271, 8, '2024-05-21', 'morning', 'cancelled', '2023-06-05T08:10:05.375840', '2023-05-09T13:02:51.564527');
INSERT INTO "Scheduling" ("id", "staff_id", "patient_id", "service_id", "date", "session", "status", "created_at", "updated_at") VALUES (101, 36, 103, 1, '2024-09-07', 'afternoon', 'scheduled', '2023-12-01T18:06:17.353194', '2023-07-18T07:05:53.524812');
INSERT INTO "Scheduling" ("id", "staff_id", "patient_id", "service_id", "date", "session", "status", "created_at", "updated_at") VALUES (102, 23, 217, 7, '2024-09-17', 'morning', 'scheduled', '2023-02-24T08:41:08.769724', '2023-01-01T23:19:10.781684');
INSERT INTO "Scheduling" ("id", "staff_id", "patient_id", "service_id", "date", "session", "status", "created_at", "updated_at") VALUES (103, 19, 94, 9, '2024-08-12', 'afternoon', 'scheduled', '2023-02-18T16:18:10.968816', '2023-01-24T07:34:14.230062');
INSERT INTO "Scheduling" ("id", "staff_id", "patient_id", "service_id", "date", "session", "status", "created_at", "updated_at") VALUES (104, 37, 245, 3, '2024-09-09', 'morning', 'scheduled', '2023-06-13T12:06:58.081861', '2023-01-09T04:36:38.456322');
INSERT INTO "Scheduling" ("id", "staff_id", "patient_id", "service_id", "date", "session", "status", "created_at", "updated_at") VALUES (105, 18, 303, 3, '2024-07-15', 'afternoon', 'scheduled', '2023-04-18T08:28:45.698604', '2023-07-18T07:06:38.073549');
INSERT INTO "Scheduling" ("id", "staff_id", "patient_id", "service_id", "date", "session", "status", "created_at", "updated_at") VALUES (106, 11, 266, 5, '2024-08-18', 'afternoon', 'completed', '2023-04-03T05:33:54.828027', '2023-09-03T02:58:45.588170');
INSERT INTO "MedicalRecord" ("id", "scheduling_id", "patient_id", "complaint", "medical_history", "physical_examination", "systolic", "diastolic", "heart_rate", "respiratory_rate", "temperature", "created_at", "updated_at") VALUES (106, 106, 266, 'Majority recently seven decide. For church rule force forward range. Adult guy ball.
Peace read shoulder report. Investment common real actually. Action later can focus child pressure.', 'Boy itself of support night ten born. Remember determine instead tonight international history.', 'Imagine central war store color about can. Budget accept stand pressure.', 140, 62, 83, 16, 37.4, '2023-05-08T08:12:53.980376', '2023-04-09T15:34:18.791599');
INSERT INTO "ServiceNote" ("id", "scheduling_id", "medical_record_id", "additional_notes", "created_at", "updated_at") VALUES (106, 106, 106, 'Market identify voice second put. Hair sign beautiful trip simply stage floor rate.
Knowledge myself Mrs I determine work everybody. Affect draw effort white sort move something according.', '2023-12-27T03:44:21.012894', '2023-10-18T06:47:37.662111');
INSERT INTO "Prescription" ("id", "service_note_id", "created_at", "updated_at") VALUES (106, 106, '2023-03-23T08:29:35.479890', '2023-09-15T22:41:22.160329');
INSERT INTO "PrescriptionDetail" ("id", "prescription_id", "medical_inventory_id", "quantity", "dosage_instructions", "created_at", "updated_at") VALUES (62, 106, 127, 10, '3 times daily after meals', '2023-10-04T03:05:44.684424', '2023-06-20T06:08:26.634854');
INSERT INTO "PrescriptionDetail" ("id", "prescription_id", "medical_inventory_id", "quantity", "dosage_instructions", "created_at", "updated_at") VALUES (63, 106, 51, 8, '1 times daily after meals', '2023-12-20T15:35:58.095059', '2023-06-10T22:38:20.962499');
INSERT INTO "PrescriptionDetail" ("id", "prescription_id", "medical_inventory_id", "quantity", "dosage_instructions", "created_at", "updated_at") VALUES (64, 106, 35, 5, '1 times daily after meals', '2023-04-02T00:59:49.121615', '2023-10-07T04:59:10.788940');
INSERT INTO "Payment" ("id", "service_note_id", "amount", "status", "payment_method", "created_at", "updated_at") VALUES (106, 106, 951.38, 'pAID', 'insurance', '2023-09-06T13:11:30.040467', '2023-02-01T22:41:55.822164');
INSERT INTO "Scheduling" ("id", "staff_id", "patient_id", "service_id", "date", "session", "status", "created_at", "updated_at") VALUES (107, 22, 271, 10, '2024-08-19', 'afternoon', 'scheduled', '2023-05-22T14:46:52.138785', '2023-07-20T00:21:52.220426');
INSERT INTO "Scheduling" ("id", "staff_id", "patient_id", "service_id", "date", "session", "status", "created_at", "updated_at") VALUES (108, 20, 153, 8, '2024-07-20', 'evening', 'completed', '2023-12-23T07:43:21.820482', '2023-11-05T23:42:46.556766');
INSERT INTO "MedicalRecord" ("id", "scheduling_id", "patient_id", "complaint", "medical_history", "physical_examination", "systolic", "diastolic", "heart_rate", "respiratory_rate", "temperature", "created_at", "updated_at") VALUES (108, 108, 153, 'Let we something board give up collection. Since cut remember organization. Article trip cultural learn race audience.', 'Deep quality security think quality.
Half poor want team mention mention bit. Simply wide level recent anything.', 'Book white later ok stock. Career policy unit expect discussion shoulder.
Board hospital view safe economic often try. Tv middle western PM television. Left paper situation.', 101, 90, 85, 17, 36.4, '2023-06-19T12:16:58.633756', '2023-05-22T04:57:06.661182');
INSERT INTO "ServiceNote" ("id", "scheduling_id", "medical_record_id", "additional_notes", "created_at", "updated_at") VALUES (108, 108, 108, 'Price politics able meet design on. Course resource may executive.
Impact onto future west four. Road difference share.', '2023-02-16T13:50:56.786213', '2023-04-08T11:50:07.958455');
INSERT INTO "Prescription" ("id", "service_note_id", "created_at", "updated_at") VALUES (108, 108, '2023-06-27T09:02:34.281032', '2023-04-17T07:04:46.766956');
INSERT INTO "PrescriptionDetail" ("id", "prescription_id", "medical_inventory_id", "quantity", "dosage_instructions", "created_at", "updated_at") VALUES (65, 108, 126, 10, '1 times daily after meals', '2023-10-16T08:45:07.840786', '2023-05-01T00:36:06.794822');
INSERT INTO "PrescriptionDetail" ("id", "prescription_id", "medical_inventory_id", "quantity", "dosage_instructions", "created_at", "updated_at") VALUES (66, 108, 84, 7, '2 times daily after meals', '2023-01-13T03:36:22.217573', '2023-03-30T11:04:19.510742');
INSERT INTO "PrescriptionDetail" ("id", "prescription_id", "medical_inventory_id", "quantity", "dosage_instructions", "created_at", "updated_at") VALUES (67, 108, 101, 6, '1 times daily after meals', '2023-05-10T22:10:59.829179', '2023-05-15T00:06:35.622050');
INSERT INTO "Payment" ("id", "service_note_id", "amount", "status", "payment_method", "created_at", "updated_at") VALUES (108, 108, 935.46, 'pending', 'credit_card', '2023-09-10T22:18:11.075639', '2023-12-26T03:45:48.745734');
INSERT INTO "Scheduling" ("id", "staff_id", "patient_id", "service_id", "date", "session", "status", "created_at", "updated_at") VALUES (109, 44, 287, 4, '2024-09-16', 'morning', 'completed', '2023-01-16T06:03:10.050015', '2023-12-24T10:22:45.555629');
INSERT INTO "MedicalRecord" ("id", "scheduling_id", "patient_id", "complaint", "medical_history", "physical_examination", "systolic", "diastolic", "heart_rate", "respiratory_rate", "temperature", "created_at", "updated_at") VALUES (109, 109, 287, 'In like available.
Enter value growth ever like. Book civil necessary economic production behavior. Local run size successful.', 'Oil anything wide defense four according. Maintain much soon find soldier discussion carry. Tax court rich article question in.
Concern score each not result work strong.', 'Education particularly lead out thus. Him rock necessary create. Sense stand open play stuff. Church turn situation participant both sure difference lose.', 108, 86, 64, 18, 37.0, '2023-06-15T06:24:21.826038', '2023-01-20T16:58:34.505036');
INSERT INTO "ServiceNote" ("id", "scheduling_id", "medical_record_id", "additional_notes", "created_at", "updated_at") VALUES (109, 109, 109, 'Nice make must threat smile three value artist. Character realize million really score.
Instead officer apply fact. Region hand often case thing make.', '2023-08-17T10:57:03.789751', '2023-11-30T17:18:12.326766');
INSERT INTO "Prescription" ("id", "service_note_id", "created_at", "updated_at") VALUES (109, 109, '2023-12-30T18:05:33.632934', '2023-03-06T09:15:32.162276');
INSERT INTO "PrescriptionDetail" ("id", "prescription_id", "medical_inventory_id", "quantity", "dosage_instructions", "created_at", "updated_at") VALUES (68, 109, 78, 4, '2 times daily after meals', '2023-06-17T19:34:30.028824', '2023-06-14T21:49:56.262801');
INSERT INTO "Payment" ("id", "service_note_id", "amount", "status", "payment_method", "created_at", "updated_at") VALUES (109, 109, 675.73, 'cancelled', 'insurance', '2023-06-19T13:01:21.593829', '2023-04-02T05:18:54.734154');
INSERT INTO "Scheduling" ("id", "staff_id", "patient_id", "service_id", "date", "session", "status", "created_at", "updated_at") VALUES (110, 25, 296, 10, '2024-05-17', 'afternoon', 'completed', '2023-06-30T02:43:49.535112', '2023-11-26T20:02:26.984558');
INSERT INTO "MedicalRecord" ("id", "scheduling_id", "patient_id", "complaint", "medical_history", "physical_examination", "systolic", "diastolic", "heart_rate", "respiratory_rate", "temperature", "created_at", "updated_at") VALUES (110, 110, 296, 'Kid special recognize. Indicate long leader test yes.
Toward method parent well. Nation choice mission somebody.', 'Rock huge middle some avoid stuff. Her yourself wide officer happy ask. Old course but company seven energy news.', 'The bill color look power right area. Around difficult interesting nature health. OTHERs laugh charge treatment include prove.', 124, 76, 86, 20, 36.1, '2023-08-13T20:52:13.117915', '2023-01-12T22:17:49.735646');
INSERT INTO "ServiceNote" ("id", "scheduling_id", "medical_record_id", "additional_notes", "created_at", "updated_at") VALUES (110, 110, 110, 'Per though hair person.
Especially leave realize professional view policy test. Fly term write security effort set. Character production quite shake election possible. Example identify both sing.', '2023-10-15T08:19:37.472320', '2023-10-17T19:47:23.242995');
INSERT INTO "Prescription" ("id", "service_note_id", "created_at", "updated_at") VALUES (110, 110, '2023-05-24T22:49:22.966729', '2023-07-28T17:28:23.123421');
INSERT INTO "PrescriptionDetail" ("id", "prescription_id", "medical_inventory_id", "quantity", "dosage_instructions", "created_at", "updated_at") VALUES (69, 110, 138, 10, '3 times daily after meals', '2023-10-13T03:30:00.069073', '2023-08-10T06:49:53.195151');
INSERT INTO "PrescriptionDetail" ("id", "prescription_id", "medical_inventory_id", "quantity", "dosage_instructions", "created_at", "updated_at") VALUES (70, 110, 22, 2, '1 times daily after meals', '2023-05-19T01:44:37.959250', '2023-02-11T22:29:39.953373');
INSERT INTO "Payment" ("id", "service_note_id", "amount", "status", "payment_method", "created_at", "updated_at") VALUES (110, 110, 674.72, 'pAID', 'credit_card', '2023-09-04T02:03:24.791885', '2023-05-18T03:03:41.313936');
INSERT INTO "Scheduling" ("id", "staff_id", "patient_id", "service_id", "date", "session", "status", "created_at", "updated_at") VALUES (111, 42, 339, 7, '2024-10-02', 'morning', 'completed', '2023-11-30T20:57:03.539237', '2023-11-01T20:14:54.819897');
INSERT INTO "MedicalRecord" ("id", "scheduling_id", "patient_id", "complaint", "medical_history", "physical_examination", "systolic", "diastolic", "heart_rate", "respiratory_rate", "temperature", "created_at", "updated_at") VALUES (111, 111, 339, 'Market because somebody feeling price son. Fear rich might bad evening partner middle. What someone me color same.', 'Economy quality today particular property risk OTHERs. Baby ground officer brOTHER.
Stand law reason. Really surface across service those.', 'Responsibility cell ask serve. Like raise participant music land. Above company easy lay billion return.
Would they ball involve leader material movement. General century strategy Congress land.', 140, 73, 66, 12, 36.1, '2023-04-30T11:58:11.589643', '2023-08-08T03:39:23.884230');
INSERT INTO "ServiceNote" ("id", "scheduling_id", "medical_record_id", "additional_notes", "created_at", "updated_at") VALUES (111, 111, 111, 'Four yard write ok economy time middle. Book style success.
Skin long drug responsibility protect. Budget thought wonder important sound carry. Red drive to whom.', '2023-04-20T00:30:40.295678', '2023-04-01T07:11:24.165370');
INSERT INTO "Prescription" ("id", "service_note_id", "created_at", "updated_at") VALUES (111, 111, '2023-03-19T14:20:20.240736', '2023-06-10T03:46:32.175414');
INSERT INTO "PrescriptionDetail" ("id", "prescription_id", "medical_inventory_id", "quantity", "dosage_instructions", "created_at", "updated_at") VALUES (71, 111, 131, 9, '3 times daily after meals', '2023-09-03T18:26:09.524963', '2023-10-22T06:24:42.977994');
INSERT INTO "Payment" ("id", "service_note_id", "amount", "status", "payment_method", "created_at", "updated_at") VALUES (111, 111, 601.49, 'cancelled', 'credit_card', '2023-11-29T13:07:34.246563', '2023-09-18T10:22:28.387992');
INSERT INTO "Scheduling" ("id", "staff_id", "patient_id", "service_id", "date", "session", "status", "created_at", "updated_at") VALUES (112, 29, 288, 10, '2024-08-02', 'afternoon', 'cancelled', '2023-11-27T16:07:47.282294', '2023-01-25T12:51:24.793201');
INSERT INTO "Scheduling" ("id", "staff_id", "patient_id", "service_id", "date", "session", "status", "created_at", "updated_at") VALUES (113, 33, 63, 8, '2024-06-06', 'afternoon', 'scheduled', '2023-05-31T15:26:57.278959', '2023-08-25T03:02:40.676948');
INSERT INTO "Scheduling" ("id", "staff_id", "patient_id", "service_id", "date", "session", "status", "created_at", "updated_at") VALUES (114, 19, 110, 3, '2024-08-13', 'morning', 'completed', '2023-04-14T11:22:20.479165', '2023-06-16T04:34:49.228917');
INSERT INTO "MedicalRecord" ("id", "scheduling_id", "patient_id", "complaint", "medical_history", "physical_examination", "systolic", "diastolic", "heart_rate", "respiratory_rate", "temperature", "created_at", "updated_at") VALUES (114, 114, 110, 'Could artist southern candidate baby myself. Man suggest newspaper. Much something town indicate five think get.', 'Item among understand street party hope. Moment financial Mr three year subject wrong large. Foreign and bad.
Sport music term least. Decide city admit test.', 'Wide what account consider Mr statement. Point get thank series what.
Drug three community west can sound stuff. Popular short argue former fund ground once. Article call left seat protect.', 109, 70, 89, 15, 36.8, '2023-10-05T20:12:28.322086', '2023-12-20T10:17:40.261004');
INSERT INTO "ServiceNote" ("id", "scheduling_id", "medical_record_id", "additional_notes", "created_at", "updated_at") VALUES (114, 114, 114, 'Front traditional miss risk red development. Somebody throughout work power fall billion live newspaper. Growth on point ten.', '2023-04-14T03:59:15.075884', '2023-08-08T05:35:05.992559');
INSERT INTO "Prescription" ("id", "service_note_id", "created_at", "updated_at") VALUES (114, 114, '2023-05-09T05:14:58.835245', '2023-06-19T08:22:47.524583');
INSERT INTO "PrescriptionDetail" ("id", "prescription_id", "medical_inventory_id", "quantity", "dosage_instructions", "created_at", "updated_at") VALUES (72, 114, 122, 2, '2 times daily after meals', '2023-09-08T23:13:31.834282', '2023-01-11T13:24:31.756741');
INSERT INTO "PrescriptionDetail" ("id", "prescription_id", "medical_inventory_id", "quantity", "dosage_instructions", "created_at", "updated_at") VALUES (73, 114, 116, 6, '1 times daily after meals', '2023-08-28T23:04:51.567519', '2023-06-04T01:25:48.080311');
INSERT INTO "Payment" ("id", "service_note_id", "amount", "status", "payment_method", "created_at", "updated_at") VALUES (114, 114, 335.25, 'cancelled', 'cash', '2023-02-28T20:26:39.206218', '2023-09-04T13:40:51.068588');
INSERT INTO "Scheduling" ("id", "staff_id", "patient_id", "service_id", "date", "session", "status", "created_at", "updated_at") VALUES (115, 2, 106, 3, '2024-07-25', 'evening', 'cancelled', '2023-04-06T06:49:34.042475', '2023-04-24T20:29:46.457696');
INSERT INTO "Scheduling" ("id", "staff_id", "patient_id", "service_id", "date", "session", "status", "created_at", "updated_at") VALUES (116, 16, 333, 3, '2024-09-08', 'morning', 'completed', '2023-11-02T20:54:23.782174', '2023-09-04T14:32:43.330504');
INSERT INTO "MedicalRecord" ("id", "scheduling_id", "patient_id", "complaint", "medical_history", "physical_examination", "systolic", "diastolic", "heart_rate", "respiratory_rate", "temperature", "created_at", "updated_at") VALUES (116, 116, 333, 'Instead all include player. Follow arrive can responsibility different western office ahead.
Return mean before service century. Easy interest person fly thought.', 'Make memory leave your unit hand issue. Happy recent ok today government manager nothing particularly.', 'Thus similar population may simple avoid practice. Them particular report begin.', 125, 73, 89, 15, 37.2, '2023-10-14T00:31:14.983414', '2023-09-26T13:39:14.036082');
INSERT INTO "ServiceNote" ("id", "scheduling_id", "medical_record_id", "additional_notes", "created_at", "updated_at") VALUES (116, 116, 116, 'Act reduce old your job. Popular some against economy compare.
Top gun store clearly long first nothing. Executive stage part.
Carry treat door child. Image beat tonight beautiful whom.', '2023-06-18T01:14:33.767320', '2023-07-19T01:24:36.738943');
INSERT INTO "Prescription" ("id", "service_note_id", "created_at", "updated_at") VALUES (116, 116, '2023-02-01T17:38:29.140502', '2023-06-29T15:49:01.869426');
INSERT INTO "PrescriptionDetail" ("id", "prescription_id", "medical_inventory_id", "quantity", "dosage_instructions", "created_at", "updated_at") VALUES (74, 116, 48, 3, '3 times daily after meals', '2023-04-16T16:32:01.287940', '2023-02-16T17:53:45.229449');
INSERT INTO "PrescriptionDetail" ("id", "prescription_id", "medical_inventory_id", "quantity", "dosage_instructions", "created_at", "updated_at") VALUES (75, 116, 111, 7, '1 times daily after meals', '2023-10-07T13:16:35.902751', '2023-02-24T20:50:28.046673');
INSERT INTO "PrescriptionDetail" ("id", "prescription_id", "medical_inventory_id", "quantity", "dosage_instructions", "created_at", "updated_at") VALUES (76, 116, 51, 8, '3 times daily after meals', '2023-10-09T11:18:18.184056', '2023-08-14T09:43:53.352954');
INSERT INTO "Payment" ("id", "service_note_id", "amount", "status", "payment_method", "created_at", "updated_at") VALUES (116, 116, 458.08, 'pending', 'credit_card', '2023-11-18T08:35:15.335044', '2023-09-15T14:53:56.641481');
INSERT INTO "Scheduling" ("id", "staff_id", "patient_id", "service_id", "date", "session", "status", "created_at", "updated_at") VALUES (117, 14, 83, 10, '2024-07-09', 'evening', 'scheduled', '2023-07-02T21:50:49.016606', '2023-12-28T18:59:24.857564');
INSERT INTO "Scheduling" ("id", "staff_id", "patient_id", "service_id", "date", "session", "status", "created_at", "updated_at") VALUES (118, 35, 217, 4, '2024-06-15', 'afternoon', 'completed', '2023-01-15T08:29:27.172499', '2023-04-16T13:25:57.398386');
INSERT INTO "MedicalRecord" ("id", "scheduling_id", "patient_id", "complaint", "medical_history", "physical_examination", "systolic", "diastolic", "heart_rate", "respiratory_rate", "temperature", "created_at", "updated_at") VALUES (118, 118, 217, 'Alone peace week anything nation month audience. Quality few guess could station blue.', 'Real top begin boy media.
Along spend air dream day. Age thought eat well. Or involve when baby thus.', 'With wife west service of here. Art human left add order. I OTHERs study however rather.
Would easy real arrive. Blue race mission across ago many tree.', 97, 68, 91, 20, 37.4, '2023-06-28T16:40:41.442802', '2023-04-14T20:30:16.337614');
INSERT INTO "ServiceNote" ("id", "scheduling_id", "medical_record_id", "additional_notes", "created_at", "updated_at") VALUES (118, 118, 118, 'Need performance prepare during friend rule subject. Cost modern threat tree stuff center health. Sea green your both per boy.', '2023-04-03T22:37:00.136791', '2023-05-13T12:42:34.908933');
INSERT INTO "Prescription" ("id", "service_note_id", "created_at", "updated_at") VALUES (118, 118, '2023-04-24T06:39:04.917437', '2023-06-03T06:39:23.336260');
INSERT INTO "PrescriptionDetail" ("id", "prescription_id", "medical_inventory_id", "quantity", "dosage_instructions", "created_at", "updated_at") VALUES (77, 118, 100, 10, '2 times daily after meals', '2023-10-19T00:59:04.965068', '2023-07-08T06:47:20.820341');
INSERT INTO "PrescriptionDetail" ("id", "prescription_id", "medical_inventory_id", "quantity", "dosage_instructions", "created_at", "updated_at") VALUES (78, 118, 30, 6, '2 times daily after meals', '2023-09-26T15:38:31.621227', '2023-12-10T12:25:35.756748');
INSERT INTO "Payment" ("id", "service_note_id", "amount", "status", "payment_method", "created_at", "updated_at") VALUES (118, 118, 853.24, 'cancelled', 'credit_card', '2023-04-07T17:34:58.133606', '2023-05-24T00:19:45.199956');
INSERT INTO "Scheduling" ("id", "staff_id", "patient_id", "service_id", "date", "session", "status", "created_at", "updated_at") VALUES (119, 44, 94, 3, '2024-07-14', 'evening', 'completed', '2023-06-28T18:11:43.032574', '2023-02-02T03:42:28.480994');
INSERT INTO "MedicalRecord" ("id", "scheduling_id", "patient_id", "complaint", "medical_history", "physical_examination", "systolic", "diastolic", "heart_rate", "respiratory_rate", "temperature", "created_at", "updated_at") VALUES (119, 119, 94, 'Direction leader generation collection kind hundred.
Group few mention book simply. Son have condition both find.
Through authority much brOTHER film true. There away might coach security.', 'Wide here send understand wall wife yard. Later write southern cup theory quality place. Exactly full note push small agreement.
Surface behavior western. Charge simple what why.', 'Raise trade almost box country sound. Task send water drive staff.
No country seat listen leg. Real common main. Former produce friend report figure Congress west. Expect see into forget catch.', 97, 67, 79, 13, 36.3, '2023-12-29T13:28:57.037530', '2023-12-05T19:49:48.025592');
INSERT INTO "ServiceNote" ("id", "scheduling_id", "medical_record_id", "additional_notes", "created_at", "updated_at") VALUES (119, 119, 119, 'Daughter fill oil situation recent five contain. Purpose staff represent nearly statement institution.', '2023-07-26T03:00:34.332596', '2023-07-23T15:14:37.416180');
INSERT INTO "Prescription" ("id", "service_note_id", "created_at", "updated_at") VALUES (119, 119, '2023-02-02T17:02:09.865940', '2023-12-02T05:52:14.407070');
INSERT INTO "PrescriptionDetail" ("id", "prescription_id", "medical_inventory_id", "quantity", "dosage_instructions", "created_at", "updated_at") VALUES (79, 119, 37, 9, '2 times daily after meals', '2023-04-15T23:38:02.868371', '2023-08-16T16:29:03.723077');
INSERT INTO "PrescriptionDetail" ("id", "prescription_id", "medical_inventory_id", "quantity", "dosage_instructions", "created_at", "updated_at") VALUES (80, 119, 108, 10, '1 times daily after meals', '2023-11-21T08:00:40.890537', '2023-11-05T14:27:01.387064');
INSERT INTO "PrescriptionDetail" ("id", "prescription_id", "medical_inventory_id", "quantity", "dosage_instructions", "created_at", "updated_at") VALUES (81, 119, 148, 7, '2 times daily after meals', '2023-10-19T08:25:46.460392', '2023-04-25T01:40:52.008381');
INSERT INTO "Payment" ("id", "service_note_id", "amount", "status", "payment_method", "created_at", "updated_at") VALUES (119, 119, 226.47, 'cancelled', 'credit_card', '2023-05-08T14:52:54.413051', '2023-02-24T12:13:49.857358');
INSERT INTO "Scheduling" ("id", "staff_id", "patient_id", "service_id", "date", "session", "status", "created_at", "updated_at") VALUES (120, 36, 198, 3, '2024-06-10', 'afternoon', 'scheduled', '2023-12-29T17:02:22.503963', '2023-10-24T03:22:21.734933');
INSERT INTO "Scheduling" ("id", "staff_id", "patient_id", "service_id", "date", "session", "status", "created_at", "updated_at") VALUES (121, 21, 78, 6, '2024-08-22', 'evening', 'scheduled', '2023-07-17T05:21:18.934030', '2023-08-21T22:13:30.878753');
INSERT INTO "Scheduling" ("id", "staff_id", "patient_id", "service_id", "date", "session", "status", "created_at", "updated_at") VALUES (122, 32, 247, 9, '2024-06-02', 'morning', 'cancelled', '2023-06-25T22:55:24.220103', '2023-09-03T12:27:27.520941');
INSERT INTO "Scheduling" ("id", "staff_id", "patient_id", "service_id", "date", "session", "status", "created_at", "updated_at") VALUES (123, 42, 302, 7, '2024-09-02', 'afternoon', 'cancelled', '2023-10-22T17:20:44.519080', '2023-09-17T12:15:34.378677');
INSERT INTO "Scheduling" ("id", "staff_id", "patient_id", "service_id", "date", "session", "status", "created_at", "updated_at") VALUES (124, 29, 93, 10, '2024-09-01', 'morning', 'scheduled', '2023-11-09T20:06:49.945967', '2023-08-28T16:05:15.210028');
INSERT INTO "Scheduling" ("id", "staff_id", "patient_id", "service_id", "date", "session", "status", "created_at", "updated_at") VALUES (125, 49, 67, 5, '2024-06-24', 'afternoon', 'scheduled', '2023-07-28T20:31:38.068632', '2023-07-21T22:41:21.703413');
INSERT INTO "Scheduling" ("id", "staff_id", "patient_id", "service_id", "date", "session", "status", "created_at", "updated_at") VALUES (126, 35, 285, 10, '2024-07-11', 'morning', 'cancelled', '2023-08-29T01:46:58.651328', '2023-01-18T13:45:18.035342');
INSERT INTO "Scheduling" ("id", "staff_id", "patient_id", "service_id", "date", "session", "status", "created_at", "updated_at") VALUES (127, 50, 312, 2, '2024-09-02', 'evening', 'cancelled', '2023-02-20T10:07:13.442551', '2023-11-19T05:38:03.308246');
INSERT INTO "Scheduling" ("id", "staff_id", "patient_id", "service_id", "date", "session", "status", "created_at", "updated_at") VALUES (128, 8, 238, 9, '2024-07-06', 'evening', 'scheduled', '2023-05-18T17:19:39.906561', '2023-08-20T22:41:55.602707');
INSERT INTO "Scheduling" ("id", "staff_id", "patient_id", "service_id", "date", "session", "status", "created_at", "updated_at") VALUES (129, 49, 162, 7, '2024-08-19', 'evening', 'scheduled', '2023-12-13T00:18:55.060298', '2023-06-21T22:28:36.100647');
INSERT INTO "Scheduling" ("id", "staff_id", "patient_id", "service_id", "date", "session", "status", "created_at", "updated_at") VALUES (130, 48, 203, 1, '2024-10-13', 'morning', 'completed', '2023-10-29T08:52:21.606275', '2023-05-05T08:39:58.426425');
INSERT INTO "MedicalRecord" ("id", "scheduling_id", "patient_id", "complaint", "medical_history", "physical_examination", "systolic", "diastolic", "heart_rate", "respiratory_rate", "temperature", "created_at", "updated_at") VALUES (130, 130, 203, 'Third rock ask modern. Where push miss organization authority return ability. Building writer budget feel husband effort Republican.
Yourself task drop serve. Guy field rule few truth defense rule.', 'Nearly clear coach. Occur one pass program in affect must. Treat such near Democrat number young.', 'Place sell indicate require shake seem voice. Clearly material subject sell along.
Event even choice receive itself. Must tend value compare important. System sometimes pull especially.', 106, 71, 65, 19, 37.3, '2023-02-24T07:06:33.798628', '2023-03-09T16:02:42.839207');
INSERT INTO "ServiceNote" ("id", "scheduling_id", "medical_record_id", "additional_notes", "created_at", "updated_at") VALUES (130, 130, 130, 'Particularly with around by sea professional. Generation well he kitchen drop.', '2023-11-17T05:24:59.029810', '2023-05-26T09:30:42.154428');
INSERT INTO "Prescription" ("id", "service_note_id", "created_at", "updated_at") VALUES (130, 130, '2023-12-03T09:22:14.586019', '2023-05-29T13:59:18.018434');
INSERT INTO "PrescriptionDetail" ("id", "prescription_id", "medical_inventory_id", "quantity", "dosage_instructions", "created_at", "updated_at") VALUES (82, 130, 61, 4, '3 times daily after meals', '2023-12-05T18:37:35.604762', '2023-03-12T15:51:16.202026');
INSERT INTO "Payment" ("id", "service_note_id", "amount", "status", "payment_method", "created_at", "updated_at") VALUES (130, 130, 608.53, 'pAID', 'insurance', '2023-06-29T07:03:53.203364', '2023-03-25T22:04:07.409765');
INSERT INTO "Scheduling" ("id", "staff_id", "patient_id", "service_id", "date", "session", "status", "created_at", "updated_at") VALUES (131, 11, 156, 4, '2024-10-03', 'morning', 'scheduled', '2023-12-28T10:03:23.813037', '2023-02-17T03:28:24.161281');
INSERT INTO "Scheduling" ("id", "staff_id", "patient_id", "service_id", "date", "session", "status", "created_at", "updated_at") VALUES (132, 37, 194, 10, '2024-07-27', 'evening', 'cancelled', '2023-07-13T22:27:19.095460', '2023-05-10T04:51:51.003962');
INSERT INTO "Scheduling" ("id", "staff_id", "patient_id", "service_id", "date", "session", "status", "created_at", "updated_at") VALUES (133, 11, 200, 5, '2024-07-20', 'evening', 'cancelled', '2023-05-26T16:33:22.938509', '2023-10-09T11:48:57.058685');
INSERT INTO "Scheduling" ("id", "staff_id", "patient_id", "service_id", "date", "session", "status", "created_at", "updated_at") VALUES (134, 18, 99, 3, '2024-09-07', 'evening', 'completed', '2023-10-08T13:31:03.670802', '2023-03-26T00:56:55.326726');
INSERT INTO "MedicalRecord" ("id", "scheduling_id", "patient_id", "complaint", "medical_history", "physical_examination", "systolic", "diastolic", "heart_rate", "respiratory_rate", "temperature", "created_at", "updated_at") VALUES (134, 134, 99, 'Market computer front often bill. Special response station safe research.
Myself once central.
Very alone sea action culture. Thought cultural buy phone thought.', 'Fast such ground few story century. Majority recent social less protect itself. Follow require pick. Cup wide why investment more pattern enjoy.', 'White something single race road campaign. How its treatment. If provide already position development fear individual. That stock officer mOTHER.
Nice group past three. Discuss friend financial.', 93, 68, 68, 14, 36.4, '2023-05-31T23:19:37.633014', '2023-06-08T12:21:04.213586');
INSERT INTO "ServiceNote" ("id", "scheduling_id", "medical_record_id", "additional_notes", "created_at", "updated_at") VALUES (134, 134, 134, 'Avoid around make all change. Administration chair southern life. Herself heavy raise win go.', '2023-12-20T03:32:53.826491', '2023-01-09T08:06:04.262135');
INSERT INTO "Prescription" ("id", "service_note_id", "created_at", "updated_at") VALUES (134, 134, '2023-06-11T00:30:06.981253', '2023-12-22T07:45:25.068971');
INSERT INTO "PrescriptionDetail" ("id", "prescription_id", "medical_inventory_id", "quantity", "dosage_instructions", "created_at", "updated_at") VALUES (83, 134, 83, 4, '3 times daily after meals', '2023-09-29T12:02:56.016521', '2023-05-31T11:01:42.807574');
INSERT INTO "PrescriptionDetail" ("id", "prescription_id", "medical_inventory_id", "quantity", "dosage_instructions", "created_at", "updated_at") VALUES (84, 134, 101, 8, '1 times daily after meals', '2023-04-21T17:33:02.033368', '2023-10-02T23:39:11.415057');
INSERT INTO "PrescriptionDetail" ("id", "prescription_id", "medical_inventory_id", "quantity", "dosage_instructions", "created_at", "updated_at") VALUES (85, 134, 148, 5, '3 times daily after meals', '2023-10-09T13:43:40.570462', '2023-07-22T23:22:21.276197');
INSERT INTO "Payment" ("id", "service_note_id", "amount", "status", "payment_method", "created_at", "updated_at") VALUES (134, 134, 443.51, 'pAID', 'cash', '2023-07-27T20:25:41.590774', '2023-09-09T11:16:11.580196');
INSERT INTO "Scheduling" ("id", "staff_id", "patient_id", "service_id", "date", "session", "status", "created_at", "updated_at") VALUES (135, 41, 314, 5, '2024-05-22', 'afternoon', 'cancelled', '2023-08-30T20:50:27.656117', '2023-07-07T03:09:37.592100');
INSERT INTO "Scheduling" ("id", "staff_id", "patient_id", "service_id", "date", "session", "status", "created_at", "updated_at") VALUES (136, 24, 218, 10, '2024-08-23', 'afternoon', 'scheduled', '2023-08-12T12:14:00.369230', '2023-08-18T08:33:42.138807');
INSERT INTO "Scheduling" ("id", "staff_id", "patient_id", "service_id", "date", "session", "status", "created_at", "updated_at") VALUES (137, 50, 285, 6, '2024-05-22', 'evening', 'scheduled', '2023-04-12T16:46:42.641438', '2023-06-26T07:13:40.315423');
INSERT INTO "Scheduling" ("id", "staff_id", "patient_id", "service_id", "date", "session", "status", "created_at", "updated_at") VALUES (138, 35, 270, 4, '2024-08-08', 'morning', 'completed', '2023-06-06T18:59:33.310968', '2023-01-22T05:07:50.409526');
INSERT INTO "MedicalRecord" ("id", "scheduling_id", "patient_id", "complaint", "medical_history", "physical_examination", "systolic", "diastolic", "heart_rate", "respiratory_rate", "temperature", "created_at", "updated_at") VALUES (138, 138, 270, 'Outside many truth. Trip side prevent hand wear. Address glass make east. Industry which structure effort management.
Much should think season skill. Candidate want air forward join truth.', 'Democrat American citizen follow change and team population. Exactly soon weight close us fear. Group more organization computer born.', 'Local employee everybody involve trial. Price thing international control.
Analysis senior risk staff if fine. Necessary impact me unit audience none.
Skin few finish.', 107, 70, 78, 17, 36.8, '2023-03-09T02:33:51.038678', '2023-04-18T03:02:01.893574');
INSERT INTO "ServiceNote" ("id", "scheduling_id", "medical_record_id", "additional_notes", "created_at", "updated_at") VALUES (138, 138, 138, 'Behind my treat next his trial space. Far nothing official couple husband six health theory. Building believe spend specific development up.', '2023-03-22T01:56:53.939373', '2023-10-23T20:26:59.051190');
INSERT INTO "Prescription" ("id", "service_note_id", "created_at", "updated_at") VALUES (138, 138, '2023-01-28T00:26:10.905994', '2023-03-12T21:00:54.355107');
INSERT INTO "PrescriptionDetail" ("id", "prescription_id", "medical_inventory_id", "quantity", "dosage_instructions", "created_at", "updated_at") VALUES (86, 138, 145, 8, '2 times daily after meals', '2023-07-29T20:11:41.018177', '2023-03-01T09:39:26.587729');
INSERT INTO "Payment" ("id", "service_note_id", "amount", "status", "payment_method", "created_at", "updated_at") VALUES (138, 138, 899.45, 'pending', 'cash', '2023-02-19T01:20:35.373537', '2023-07-24T18:19:42.337414');
INSERT INTO "Scheduling" ("id", "staff_id", "patient_id", "service_id", "date", "session", "status", "created_at", "updated_at") VALUES (139, 7, 59, 2, '2024-10-06', 'afternoon', 'scheduled', '2023-12-09T21:25:15.467553', '2023-10-08T21:18:01.115357');
INSERT INTO "Scheduling" ("id", "staff_id", "patient_id", "service_id", "date", "session", "status", "created_at", "updated_at") VALUES (140, 29, 270, 4, '2024-08-23', 'morning', 'cancelled', '2023-04-07T12:40:08.065185', '2023-08-31T07:46:34.819943');
INSERT INTO "Scheduling" ("id", "staff_id", "patient_id", "service_id", "date", "session", "status", "created_at", "updated_at") VALUES (141, 9, 132, 5, '2024-10-12', 'afternoon', 'scheduled', '2023-12-10T11:53:41.680489', '2023-10-28T23:18:25.124362');
INSERT INTO "Scheduling" ("id", "staff_id", "patient_id", "service_id", "date", "session", "status", "created_at", "updated_at") VALUES (142, 42, 93, 6, '2024-07-30', 'afternoon', 'cancelled', '2023-06-23T23:48:44.004595', '2023-09-04T03:28:46.316019');
INSERT INTO "Scheduling" ("id", "staff_id", "patient_id", "service_id", "date", "session", "status", "created_at", "updated_at") VALUES (143, 42, 253, 5, '2024-06-10', 'morning', 'cancelled', '2023-12-07T13:41:48.065924', '2023-06-21T12:16:08.840002');
INSERT INTO "Scheduling" ("id", "staff_id", "patient_id", "service_id", "date", "session", "status", "created_at", "updated_at") VALUES (144, 45, 97, 2, '2024-06-27', 'afternoon', 'scheduled', '2023-05-13T05:03:00.627720', '2023-07-22T06:20:40.807237');
INSERT INTO "Scheduling" ("id", "staff_id", "patient_id", "service_id", "date", "session", "status", "created_at", "updated_at") VALUES (145, 14, 118, 10, '2024-08-29', 'morning', 'scheduled', '2023-05-21T06:28:39.089280', '2023-09-18T18:00:58.630572');
INSERT INTO "Scheduling" ("id", "staff_id", "patient_id", "service_id", "date", "session", "status", "created_at", "updated_at") VALUES (146, 34, 55, 1, '2024-10-20', 'afternoon', 'cancelled', '2023-04-03T18:41:22.128810', '2023-01-03T12:19:21.122793');
INSERT INTO "Scheduling" ("id", "staff_id", "patient_id", "service_id", "date", "session", "status", "created_at", "updated_at") VALUES (147, 22, 118, 8, '2024-05-29', 'afternoon', 'scheduled', '2023-05-26T09:23:24.538534', '2023-01-25T20:36:36.294458');
INSERT INTO "Scheduling" ("id", "staff_id", "patient_id", "service_id", "date", "session", "status", "created_at", "updated_at") VALUES (148, 15, 103, 2, '2024-08-05', 'morning', 'completed', '2023-12-01T04:51:47.886047', '2023-12-11T19:14:58.410405');
INSERT INTO "MedicalRecord" ("id", "scheduling_id", "patient_id", "complaint", "medical_history", "physical_examination", "systolic", "diastolic", "heart_rate", "respiratory_rate", "temperature", "created_at", "updated_at") VALUES (148, 148, 103, 'Smile scientist result power true yes. You have available fish purpose collection brOTHER it.', 'Investment character boy expect. Outside never reach red you spring.
Region plan number identify natural whom grow gas.
Cell any describe instead. Business skill simply walk three shoulder education.', 'Alone still realize lead future it newspaper. Point trip give president main center work back. Professor price face grow.', 113, 88, 79, 14, 36.6, '2023-09-02T17:10:42.401874', '2023-05-17T14:50:16.463763');
INSERT INTO "ServiceNote" ("id", "scheduling_id", "medical_record_id", "additional_notes", "created_at", "updated_at") VALUES (148, 148, 148, 'Old add whom while hold participant. Whatever be serve hit shoulder music itself. Final miss establish wait then.', '2023-07-10T04:23:22.546138', '2023-08-14T10:12:54.151894');
INSERT INTO "Prescription" ("id", "service_note_id", "created_at", "updated_at") VALUES (148, 148, '2023-08-07T11:22:37.482377', '2023-11-16T19:11:17.830754');
INSERT INTO "PrescriptionDetail" ("id", "prescription_id", "medical_inventory_id", "quantity", "dosage_instructions", "created_at", "updated_at") VALUES (87, 148, 37, 2, '3 times daily after meals', '2023-06-14T18:03:18.480954', '2023-02-09T07:29:32.203574');
INSERT INTO "Payment" ("id", "service_note_id", "amount", "status", "payment_method", "created_at", "updated_at") VALUES (148, 148, 585.13, 'cancelled', 'credit_card', '2023-12-14T21:46:51.451010', '2023-01-21T14:09:17.064066');
INSERT INTO "Scheduling" ("id", "staff_id", "patient_id", "service_id", "date", "session", "status", "created_at", "updated_at") VALUES (149, 29, 160, 3, '2024-07-27', 'evening', 'completed', '2023-10-09T06:26:06.758541', '2023-01-04T00:06:46.906884');
INSERT INTO "MedicalRecord" ("id", "scheduling_id", "patient_id", "complaint", "medical_history", "physical_examination", "systolic", "diastolic", "heart_rate", "respiratory_rate", "temperature", "created_at", "updated_at") VALUES (149, 149, 160, 'Form should could budget evening. Admit partner stop discover professional drug. Rise represent according be.', 'Race play then loss seven. Ready field series benefit.
Us challenge behavior man wait tend. Ball board administration amount race him technology.', 'Short feel mission mouth crime. Station chance financial security campaign focus force. Together wide quickly serious.', 129, 81, 88, 15, 36.1, '2023-12-20T00:46:28.554246', '2023-04-19T22:03:23.253611');
INSERT INTO "ServiceNote" ("id", "scheduling_id", "medical_record_id", "additional_notes", "created_at", "updated_at") VALUES (149, 149, 149, 'Bad professor argue line debate range start. New page bill since remember how. Prevent alone subject Republican.
So enjoy about standard address. Bank two green opportunity test high.', '2023-12-06T13:15:46.934025', '2023-03-01T22:11:14.086647');
INSERT INTO "Prescription" ("id", "service_note_id", "created_at", "updated_at") VALUES (149, 149, '2023-06-07T07:08:25.689411', '2023-08-12T22:56:50.271779');
INSERT INTO "PrescriptionDetail" ("id", "prescription_id", "medical_inventory_id", "quantity", "dosage_instructions", "created_at", "updated_at") VALUES (88, 149, 36, 2, '3 times daily after meals', '2023-01-11T08:53:32.230837', '2023-01-10T03:42:54.753929');
INSERT INTO "Payment" ("id", "service_note_id", "amount", "status", "payment_method", "created_at", "updated_at") VALUES (149, 149, 743.51, 'pAID', 'insurance', '2023-01-17T15:18:21.792878', '2023-03-16T23:48:24.109813');
INSERT INTO "Scheduling" ("id", "staff_id", "patient_id", "service_id", "date", "session", "status", "created_at", "updated_at") VALUES (150, 21, 192, 2, '2024-06-03', 'morning', 'scheduled', '2023-08-19T11:28:00.289874', '2023-03-24T08:50:23.515946');
INSERT INTO "Scheduling" ("id", "staff_id", "patient_id", "service_id", "date", "session", "status", "created_at", "updated_at") VALUES (151, 36, 196, 1, '2024-09-29', 'evening', 'cancelled', '2023-04-20T18:08:52.765446', '2023-08-07T06:32:43.161134');
INSERT INTO "Scheduling" ("id", "staff_id", "patient_id", "service_id", "date", "session", "status", "created_at", "updated_at") VALUES (152, 20, 311, 4, '2024-06-20', 'evening', 'cancelled', '2023-05-13T14:29:41.594225', '2023-09-16T23:08:02.366896');
INSERT INTO "Scheduling" ("id", "staff_id", "patient_id", "service_id", "date", "session", "status", "created_at", "updated_at") VALUES (153, 26, 78, 4, '2024-07-13', 'evening', 'completed', '2023-09-13T04:04:30.577961', '2023-10-24T04:41:01.049572');
INSERT INTO "MedicalRecord" ("id", "scheduling_id", "patient_id", "complaint", "medical_history", "physical_examination", "systolic", "diastolic", "heart_rate", "respiratory_rate", "temperature", "created_at", "updated_at") VALUES (153, 153, 78, 'Attention most media study live idea way you. Break of check parent. Lead within detail camera total.', 'Idea in your several I.
Help response class yeah system build whose.
Building stock defense task. Tend Mr lose so several card. Remain democratic deal sure trade.', 'Both minute finally team. Goal child end brOTHER their see. Newspaper because serious affect next rise different.', 114, 63, 75, 19, 37.0, '2023-03-17T22:06:02.160286', '2023-11-07T13:19:04.135060');
INSERT INTO "ServiceNote" ("id", "scheduling_id", "medical_record_id", "additional_notes", "created_at", "updated_at") VALUES (153, 153, 153, 'From market major leave mind live. Nothing guess next author street final.
Your authority get similar yet. Whether present son. It man candidate customer.', '2023-02-01T16:18:07.072013', '2023-11-11T11:57:47.098244');
INSERT INTO "Prescription" ("id", "service_note_id", "created_at", "updated_at") VALUES (153, 153, '2023-07-10T22:40:57.350256', '2023-05-24T08:03:44.464029');
INSERT INTO "PrescriptionDetail" ("id", "prescription_id", "medical_inventory_id", "quantity", "dosage_instructions", "created_at", "updated_at") VALUES (89, 153, 136, 1, '2 times daily after meals', '2023-10-19T06:47:30.014808', '2023-05-20T22:45:35.004513');
INSERT INTO "Payment" ("id", "service_note_id", "amount", "status", "payment_method", "created_at", "updated_at") VALUES (153, 153, 937.23, 'pending', 'insurance', '2023-10-26T05:09:59.526268', '2023-10-27T16:28:20.834033');
INSERT INTO "Scheduling" ("id", "staff_id", "patient_id", "service_id", "date", "session", "status", "created_at", "updated_at") VALUES (154, 37, 330, 3, '2024-08-14', 'afternoon', 'completed', '2023-10-28T11:43:48.016079', '2023-09-14T06:27:22.210003');
INSERT INTO "MedicalRecord" ("id", "scheduling_id", "patient_id", "complaint", "medical_history", "physical_examination", "systolic", "diastolic", "heart_rate", "respiratory_rate", "temperature", "created_at", "updated_at") VALUES (154, 154, 330, 'Stuff wonder probably number become.
Morning two high party occur. Program hit consider already push brOTHER song. Leader it difference community hair.', 'Day space role sure above whom interest. Image necessary movie political nearly senior. Until model purpose.', 'Hour the enough friend know scientist his else. Plan win season give success speak draw table. Tell positive response can age.', 139, 62, 61, 13, 36.0, '2023-07-13T16:23:18.399019', '2023-03-14T08:01:56.722978');
INSERT INTO "ServiceNote" ("id", "scheduling_id", "medical_record_id", "additional_notes", "created_at", "updated_at") VALUES (154, 154, 154, 'Understand oil cost parent easy over. Wish modern recent everybody sit. Determine decade whose then beautiful ability they.
Specific religious stuff fire. Soon these imagine.', '2023-10-13T07:11:34.061033', '2023-08-14T10:28:36.616815');
INSERT INTO "Prescription" ("id", "service_note_id", "created_at", "updated_at") VALUES (154, 154, '2023-04-07T06:17:25.407854', '2023-05-03T04:27:03.566725');
INSERT INTO "PrescriptionDetail" ("id", "prescription_id", "medical_inventory_id", "quantity", "dosage_instructions", "created_at", "updated_at") VALUES (90, 154, 11, 1, '2 times daily after meals', '2023-02-23T09:01:02.529922', '2023-01-20T12:59:54.969016');
INSERT INTO "Payment" ("id", "service_note_id", "amount", "status", "payment_method", "created_at", "updated_at") VALUES (154, 154, 531.28, 'cancelled', 'insurance', '2023-12-14T14:14:36.259153', '2023-07-29T12:08:42.453498');
INSERT INTO "Scheduling" ("id", "staff_id", "patient_id", "service_id", "date", "session", "status", "created_at", "updated_at") VALUES (155, 28, 93, 9, '2024-10-25', 'afternoon', 'cancelled', '2023-10-25T19:27:40.146352', '2023-01-26T09:54:38.983415');
INSERT INTO "Scheduling" ("id", "staff_id", "patient_id", "service_id", "date", "session", "status", "created_at", "updated_at") VALUES (156, 40, 93, 5, '2024-06-07', 'afternoon', 'scheduled', '2023-11-16T06:34:14.866710', '2023-01-08T16:45:05.669870');
INSERT INTO "Scheduling" ("id", "staff_id", "patient_id", "service_id", "date", "session", "status", "created_at", "updated_at") VALUES (157, 33, 325, 6, '2024-06-20', 'morning', 'completed', '2023-08-17T16:42:01.836571', '2023-06-08T18:44:09.912869');
INSERT INTO "MedicalRecord" ("id", "scheduling_id", "patient_id", "complaint", "medical_history", "physical_examination", "systolic", "diastolic", "heart_rate", "respiratory_rate", "temperature", "created_at", "updated_at") VALUES (157, 157, 325, 'Body them foreign hot with energy thing. Not light million yet tell against beautiful. Democrat focus television he relationship.', 'Outside dream responsibility two. Now camera man effect our.', 'Effect success goal defense upon.
Real account fact energy can. Method pass country term. Than media social skill sound eight school.', 127, 80, 64, 16, 37.0, '2023-08-02T21:28:48.975845', '2023-01-09T17:16:14.588219');
INSERT INTO "ServiceNote" ("id", "scheduling_id", "medical_record_id", "additional_notes", "created_at", "updated_at") VALUES (157, 157, 157, 'Almost phone he above require garden interest person. Buy gun deal.
Parent our performance high.
Where state close. Group who good why without.
OTHERs or sort every some art.', '2023-10-03T22:26:34.399540', '2023-09-10T04:53:36.553313');
INSERT INTO "Prescription" ("id", "service_note_id", "created_at", "updated_at") VALUES (157, 157, '2023-05-20T23:04:28.436152', '2023-07-08T06:04:28.174110');
INSERT INTO "PrescriptionDetail" ("id", "prescription_id", "medical_inventory_id", "quantity", "dosage_instructions", "created_at", "updated_at") VALUES (91, 157, 62, 1, '1 times daily after meals', '2023-10-22T00:29:02.960391', '2023-01-21T04:33:19.400277');
INSERT INTO "PrescriptionDetail" ("id", "prescription_id", "medical_inventory_id", "quantity", "dosage_instructions", "created_at", "updated_at") VALUES (92, 157, 23, 7, '1 times daily after meals', '2023-07-12T07:37:34.699003', '2023-02-15T07:09:33.266963');
INSERT INTO "PrescriptionDetail" ("id", "prescription_id", "medical_inventory_id", "quantity", "dosage_instructions", "created_at", "updated_at") VALUES (93, 157, 117, 10, '3 times daily after meals', '2023-09-10T07:04:51.781324', '2023-07-26T05:57:09.464586');
INSERT INTO "Payment" ("id", "service_note_id", "amount", "status", "payment_method", "created_at", "updated_at") VALUES (157, 157, 102.28, 'cancelled', 'credit_card', '2023-11-28T06:10:33.404889', '2023-01-21T08:28:47.733397');
INSERT INTO "Scheduling" ("id", "staff_id", "patient_id", "service_id", "date", "session", "status", "created_at", "updated_at") VALUES (158, 8, 121, 1, '2024-05-02', 'evening', 'scheduled', '2023-12-16T16:59:27.174585', '2023-04-19T05:24:09.349775');
INSERT INTO "Scheduling" ("id", "staff_id", "patient_id", "service_id", "date", "session", "status", "created_at", "updated_at") VALUES (159, 32, 315, 5, '2024-07-26', 'evening', 'scheduled', '2023-04-15T18:57:47.412621', '2023-06-13T04:14:21.265796');
INSERT INTO "Scheduling" ("id", "staff_id", "patient_id", "service_id", "date", "session", "status", "created_at", "updated_at") VALUES (160, 24, 188, 2, '2024-05-31', 'evening', 'scheduled', '2023-11-30T03:22:09.974777', '2023-05-11T15:29:11.600990');
INSERT INTO "Scheduling" ("id", "staff_id", "patient_id", "service_id", "date", "session", "status", "created_at", "updated_at") VALUES (161, 22, 319, 2, '2024-08-16', 'afternoon', 'completed', '2023-10-03T08:40:19.043630', '2023-06-26T16:34:19.587022');
INSERT INTO "MedicalRecord" ("id", "scheduling_id", "patient_id", "complaint", "medical_history", "physical_examination", "systolic", "diastolic", "heart_rate", "respiratory_rate", "temperature", "created_at", "updated_at") VALUES (161, 161, 319, 'Only moment security even respond. Door stop hear be church certainly. Share that job ever capital.', 'Suddenly energy maybe hold push full. Mention example science those suddenly. Member carry effort. Republican American true ago usually include.', 'Describe language surface say. Lot like although management represent.
Outside exist story notice say left. Two suddenly black interview culture. Game instead suddenly brOTHER form only gas.', 135, 78, 100, 13, 36.7, '2023-01-08T13:53:50.412661', '2023-04-20T14:38:07.226341');
INSERT INTO "ServiceNote" ("id", "scheduling_id", "medical_record_id", "additional_notes", "created_at", "updated_at") VALUES (161, 161, 161, 'Make quickly however culture. Walk stage way really.
Billion trade PM any fund. From drive face green white thought.', '2023-01-03T19:57:10.644306', '2023-12-26T19:38:38.491486');
INSERT INTO "Prescription" ("id", "service_note_id", "created_at", "updated_at") VALUES (161, 161, '2023-09-28T17:59:41.050716', '2023-02-03T08:43:21.465667');
INSERT INTO "PrescriptionDetail" ("id", "prescription_id", "medical_inventory_id", "quantity", "dosage_instructions", "created_at", "updated_at") VALUES (94, 161, 93, 1, '2 times daily after meals', '2023-07-02T23:57:17.007474', '2023-10-04T07:46:48.391189');
INSERT INTO "PrescriptionDetail" ("id", "prescription_id", "medical_inventory_id", "quantity", "dosage_instructions", "created_at", "updated_at") VALUES (95, 161, 146, 3, '2 times daily after meals', '2023-01-19T11:55:14.808810', '2023-03-15T03:15:49.273417');
INSERT INTO "PrescriptionDetail" ("id", "prescription_id", "medical_inventory_id", "quantity", "dosage_instructions", "created_at", "updated_at") VALUES (96, 161, 41, 5, '1 times daily after meals', '2023-06-22T09:48:02.706277', '2023-05-15T21:11:02.931026');
INSERT INTO "Payment" ("id", "service_note_id", "amount", "status", "payment_method", "created_at", "updated_at") VALUES (161, 161, 899.55, 'cancelled', 'cash', '2023-04-30T23:38:19.312112', '2023-06-21T15:27:12.383523');
INSERT INTO "Scheduling" ("id", "staff_id", "patient_id", "service_id", "date", "session", "status", "created_at", "updated_at") VALUES (162, 15, 73, 1, '2024-09-06', 'morning', 'scheduled', '2023-04-27T20:46:48.579346', '2023-02-27T18:11:23.346625');
INSERT INTO "Scheduling" ("id", "staff_id", "patient_id", "service_id", "date", "session", "status", "created_at", "updated_at") VALUES (163, 3, 247, 3, '2024-08-27', 'afternoon', 'scheduled', '2023-08-16T18:31:40.132714', '2023-07-30T18:53:15.936331');
INSERT INTO "Scheduling" ("id", "staff_id", "patient_id", "service_id", "date", "session", "status", "created_at", "updated_at") VALUES (164, 3, 265, 4, '2024-09-17', 'evening', 'completed', '2023-08-01T05:42:28.163112', '2023-03-23T04:43:04.667359');
INSERT INTO "MedicalRecord" ("id", "scheduling_id", "patient_id", "complaint", "medical_history", "physical_examination", "systolic", "diastolic", "heart_rate", "respiratory_rate", "temperature", "created_at", "updated_at") VALUES (164, 164, 265, 'Thought sing pattern whole that property. Already office white military media go. Woman almost head.', 'College pressure weight nice past month exist. Mind sell include laugh identify security event. School myself federal record.', 'Out its dream order prepare million raise. Listen station few participant collection hold knowledge.
Usually either spring describe soldier. Reflect economic special form join financial century past.', 105, 73, 80, 16, 37.2, '2023-07-22T05:01:00.394143', '2023-07-25T18:51:53.329543');
INSERT INTO "ServiceNote" ("id", "scheduling_id", "medical_record_id", "additional_notes", "created_at", "updated_at") VALUES (164, 164, 164, 'She operation hospital property space. When business worry consider. Office so drug sign.', '2023-10-19T05:31:28.545812', '2023-11-20T18:26:18.999603');
INSERT INTO "Prescription" ("id", "service_note_id", "created_at", "updated_at") VALUES (164, 164, '2023-09-03T23:36:35.585684', '2023-06-13T13:34:15.510139');
INSERT INTO "PrescriptionDetail" ("id", "prescription_id", "medical_inventory_id", "quantity", "dosage_instructions", "created_at", "updated_at") VALUES (97, 164, 96, 2, '3 times daily after meals', '2023-05-26T09:06:36.631269', '2023-10-26T06:40:47.826726');
INSERT INTO "PrescriptionDetail" ("id", "prescription_id", "medical_inventory_id", "quantity", "dosage_instructions", "created_at", "updated_at") VALUES (98, 164, 14, 3, '1 times daily after meals', '2023-11-30T10:39:34.567700', '2023-12-24T01:07:26.088277');
INSERT INTO "PrescriptionDetail" ("id", "prescription_id", "medical_inventory_id", "quantity", "dosage_instructions", "created_at", "updated_at") VALUES (99, 164, 133, 1, '2 times daily after meals', '2023-10-28T13:05:39.162293', '2023-06-17T13:50:02.564472');
INSERT INTO "Payment" ("id", "service_note_id", "amount", "status", "payment_method", "created_at", "updated_at") VALUES (164, 164, 115.48, 'pAID', 'debit_card', '2023-05-21T06:37:07.419940', '2023-09-04T10:17:02.348712');
INSERT INTO "Scheduling" ("id", "staff_id", "patient_id", "service_id", "date", "session", "status", "created_at", "updated_at") VALUES (165, 50, 95, 9, '2024-07-17', 'afternoon', 'completed', '2023-01-20T16:43:12.364083', '2023-05-09T07:58:45.373726');
INSERT INTO "MedicalRecord" ("id", "scheduling_id", "patient_id", "complaint", "medical_history", "physical_examination", "systolic", "diastolic", "heart_rate", "respiratory_rate", "temperature", "created_at", "updated_at") VALUES (165, 165, 95, 'Trouble PM look interesting. Wait enough why trip close.
In effort its cover edge education.
Factor because rate issue.', 'Anyone because enjoy could control control. May upon together improve yet control majority. Reality answer evidence debate nature ability American word.', 'Soon democratic tough mean. And walk according low rule.
Determine into action seem. Board near lay fund. Statement book your dream strong.
Early participant kitchen eat beautiful.', 90, 71, 72, 16, 36.8, '2023-01-21T21:49:21.527228', '2023-06-15T12:12:43.896267');
INSERT INTO "ServiceNote" ("id", "scheduling_id", "medical_record_id", "additional_notes", "created_at", "updated_at") VALUES (165, 165, 165, 'Account threat green security. Near among often five whatever significant. Bar mission support law.', '2023-02-23T20:06:13.757539', '2023-03-06T07:06:20.938133');
INSERT INTO "Prescription" ("id", "service_note_id", "created_at", "updated_at") VALUES (165, 165, '2023-09-06T18:13:06.674621', '2023-05-31T01:32:44.684815');
INSERT INTO "PrescriptionDetail" ("id", "prescription_id", "medical_inventory_id", "quantity", "dosage_instructions", "created_at", "updated_at") VALUES (100, 165, 63, 8, '2 times daily after meals', '2023-07-12T07:24:31.587809', '2023-05-02T16:41:22.351798');
INSERT INTO "PrescriptionDetail" ("id", "prescription_id", "medical_inventory_id", "quantity", "dosage_instructions", "created_at", "updated_at") VALUES (101, 165, 127, 4, '3 times daily after meals', '2023-12-05T02:27:36.334672', '2023-05-01T10:53:46.694703');
INSERT INTO "Payment" ("id", "service_note_id", "amount", "status", "payment_method", "created_at", "updated_at") VALUES (165, 165, 905.42, 'pending', 'credit_card', '2023-02-10T04:10:55.080050', '2023-01-09T22:28:02.272012');
INSERT INTO "Scheduling" ("id", "staff_id", "patient_id", "service_id", "date", "session", "status", "created_at", "updated_at") VALUES (166, 1, 170, 9, '2024-08-11', 'morning', 'completed', '2023-09-20T08:25:14.693148', '2023-04-21T20:52:24.458590');
INSERT INTO "MedicalRecord" ("id", "scheduling_id", "patient_id", "complaint", "medical_history", "physical_examination", "systolic", "diastolic", "heart_rate", "respiratory_rate", "temperature", "created_at", "updated_at") VALUES (166, 166, 170, 'Report name allow firm anyone determine. Hot half easy wonder data.
Firm remember happy. Cover red apply officer music.
If yard do upon. Policy chair skill.
Kid born contain region them.', 'Her know already page management science whose. Dream shake attorney arm girl guy stay.
Paper nature easy practice maintain deep. Explain matter mind require election feel.', 'Chair walk consumer book product civil. Set within store. Skin standard ask night mention tend.
Wrong though small. Stuff onto attention everything occur sport.', 130, 86, 60, 17, 36.0, '2023-09-11T22:45:48.384729', '2023-07-04T08:57:45.812592');
INSERT INTO "ServiceNote" ("id", "scheduling_id", "medical_record_id", "additional_notes", "created_at", "updated_at") VALUES (166, 166, 166, 'None interview prevent same. Fill agreement make dark fish organization.
Rate wrong stage chance government staff such. Happy drive until street value. Someone room site particular goal any ground.', '2023-08-31T16:00:34.525497', '2023-12-11T00:35:51.218262');
INSERT INTO "Prescription" ("id", "service_note_id", "created_at", "updated_at") VALUES (166, 166, '2023-08-27T06:37:56.587917', '2023-04-22T17:02:03.019419');
INSERT INTO "PrescriptionDetail" ("id", "prescription_id", "medical_inventory_id", "quantity", "dosage_instructions", "created_at", "updated_at") VALUES (102, 166, 97, 5, '1 times daily after meals', '2023-07-15T11:38:32.643707', '2023-05-16T17:09:45.479064');
INSERT INTO "PrescriptionDetail" ("id", "prescription_id", "medical_inventory_id", "quantity", "dosage_instructions", "created_at", "updated_at") VALUES (103, 166, 53, 9, '1 times daily after meals', '2023-08-09T00:07:47.403873', '2023-08-03T20:27:53.204231');
INSERT INTO "PrescriptionDetail" ("id", "prescription_id", "medical_inventory_id", "quantity", "dosage_instructions", "created_at", "updated_at") VALUES (104, 166, 108, 8, '1 times daily after meals', '2023-10-01T15:04:39.039779', '2023-03-06T14:08:55.048541');
INSERT INTO "Payment" ("id", "service_note_id", "amount", "status", "payment_method", "created_at", "updated_at") VALUES (166, 166, 973.93, 'pending', 'debit_card', '2023-02-22T15:11:05.079719', '2023-01-14T03:20:21.335474');
INSERT INTO "Scheduling" ("id", "staff_id", "patient_id", "service_id", "date", "session", "status", "created_at", "updated_at") VALUES (167, 6, 317, 7, '2024-05-10', 'morning', 'cancelled', '2023-01-30T05:05:48.013381', '2023-03-14T20:29:00.620452');
INSERT INTO "Scheduling" ("id", "staff_id", "patient_id", "service_id", "date", "session", "status", "created_at", "updated_at") VALUES (168, 24, 94, 10, '2024-08-24', 'evening', 'scheduled', '2023-09-11T17:14:20.661848', '2023-11-21T17:01:31.704417');
INSERT INTO "Scheduling" ("id", "staff_id", "patient_id", "service_id", "date", "session", "status", "created_at", "updated_at") VALUES (169, 33, 252, 2, '2024-06-02', 'evening', 'cancelled', '2023-06-04T23:39:51.677999', '2023-07-30T08:47:43.714831');
INSERT INTO "Scheduling" ("id", "staff_id", "patient_id", "service_id", "date", "session", "status", "created_at", "updated_at") VALUES (170, 37, 117, 4, '2024-05-14', 'afternoon', 'completed', '2023-02-24T03:04:36.481381', '2023-10-22T18:54:05.187106');
INSERT INTO "MedicalRecord" ("id", "scheduling_id", "patient_id", "complaint", "medical_history", "physical_examination", "systolic", "diastolic", "heart_rate", "respiratory_rate", "temperature", "created_at", "updated_at") VALUES (170, 170, 117, 'Become inside one country hard question defense. Early new news always.', 'Later number close camera. Determine key least issue town account each prepare. Health serve possible first whole realize.', 'Peace middle run. Herself reduce health poor yeah.
Either current beyond movie three social with southern. Firm admit of evening similar often trouble.', 106, 87, 80, 18, 37.1, '2023-12-15T14:40:39.210647', '2023-02-08T21:02:30.021116');
INSERT INTO "ServiceNote" ("id", "scheduling_id", "medical_record_id", "additional_notes", "created_at", "updated_at") VALUES (170, 170, 170, 'Measure theory past particularly. Political degree choose suggest physical early large well. More someone thought back become.
Talk federal hard. Poor that student. Success these claim cost strategy.', '2023-03-25T09:11:22.027303', '2023-05-21T02:40:16.004762');
INSERT INTO "Prescription" ("id", "service_note_id", "created_at", "updated_at") VALUES (170, 170, '2023-11-29T08:34:35.061558', '2023-12-01T06:30:00.756863');
INSERT INTO "PrescriptionDetail" ("id", "prescription_id", "medical_inventory_id", "quantity", "dosage_instructions", "created_at", "updated_at") VALUES (105, 170, 84, 6, '2 times daily after meals', '2023-10-19T17:21:52.288066', '2023-12-04T00:49:14.966036');
INSERT INTO "PrescriptionDetail" ("id", "prescription_id", "medical_inventory_id", "quantity", "dosage_instructions", "created_at", "updated_at") VALUES (106, 170, 70, 4, '1 times daily after meals', '2023-10-31T06:50:13.505042', '2023-04-05T08:16:00.327759');
INSERT INTO "PrescriptionDetail" ("id", "prescription_id", "medical_inventory_id", "quantity", "dosage_instructions", "created_at", "updated_at") VALUES (107, 170, 52, 3, '3 times daily after meals', '2023-09-07T09:44:11.028903', '2023-09-20T08:24:17.666637');
INSERT INTO "Payment" ("id", "service_note_id", "amount", "status", "payment_method", "created_at", "updated_at") VALUES (170, 170, 153.52, 'pending', 'credit_card', '2023-01-19T10:21:33.319880', '2023-01-19T11:07:21.956237');
INSERT INTO "Scheduling" ("id", "staff_id", "patient_id", "service_id", "date", "session", "status", "created_at", "updated_at") VALUES (171, 29, 259, 2, '2024-08-26', 'afternoon', 'cancelled', '2023-10-16T01:45:17.188630', '2023-12-04T04:29:13.671852');
INSERT INTO "Scheduling" ("id", "staff_id", "patient_id", "service_id", "date", "session", "status", "created_at", "updated_at") VALUES (172, 23, 208, 8, '2024-06-21', 'afternoon', 'completed', '2023-07-11T06:40:33.893909', '2023-12-25T15:25:41.798131');
INSERT INTO "MedicalRecord" ("id", "scheduling_id", "patient_id", "complaint", "medical_history", "physical_examination", "systolic", "diastolic", "heart_rate", "respiratory_rate", "temperature", "created_at", "updated_at") VALUES (172, 172, 208, 'Official similar board couple card employee.
A color fact blood. Human him among parent job professor.
Rule traditional especially court purpose itself growth. Cell future wait.', 'Color sport television poor. Practice civil old parent. Both body according base spring which really. Top ok oil expect collection focus.
Stock star air late.
Appear total position reduce.', 'Course change box pressure throughout better. Military third design grow.
Thought dog consumer economy. Road challenge risk. House wall live bank drug.
Yet finish visit. City Mr kid always large.', 97, 62, 70, 16, 37.2, '2023-07-01T17:04:12.300077', '2023-11-11T05:25:21.068808');
INSERT INTO "ServiceNote" ("id", "scheduling_id", "medical_record_id", "additional_notes", "created_at", "updated_at") VALUES (172, 172, 172, 'Large full soldier. After strategy recognize.
Affect pull sound our. Whom certain sometimes source case everybody it. Those join specific writer or.', '2023-12-04T18:11:01.851238', '2023-07-29T20:48:44.187242');
INSERT INTO "Prescription" ("id", "service_note_id", "created_at", "updated_at") VALUES (172, 172, '2023-11-27T10:51:08.302147', '2023-08-24T21:50:17.839052');
INSERT INTO "PrescriptionDetail" ("id", "prescription_id", "medical_inventory_id", "quantity", "dosage_instructions", "created_at", "updated_at") VALUES (108, 172, 11, 4, '2 times daily after meals', '2023-12-20T04:04:19.602710', '2023-08-17T01:36:48.539855');
INSERT INTO "PrescriptionDetail" ("id", "prescription_id", "medical_inventory_id", "quantity", "dosage_instructions", "created_at", "updated_at") VALUES (109, 172, 38, 2, '3 times daily after meals', '2023-10-10T20:27:04.435675', '2023-06-17T05:29:35.220640');
INSERT INTO "PrescriptionDetail" ("id", "prescription_id", "medical_inventory_id", "quantity", "dosage_instructions", "created_at", "updated_at") VALUES (110, 172, 64, 6, '2 times daily after meals', '2023-08-25T22:20:57.752119', '2023-07-07T19:32:19.599174');
INSERT INTO "Payment" ("id", "service_note_id", "amount", "status", "payment_method", "created_at", "updated_at") VALUES (172, 172, 537.79, 'cancelled', 'debit_card', '2023-06-24T00:43:01.258827', '2023-12-25T02:28:01.550528');
INSERT INTO "Scheduling" ("id", "staff_id", "patient_id", "service_id", "date", "session", "status", "created_at", "updated_at") VALUES (173, 17, 258, 8, '2024-06-12', 'morning', 'cancelled', '2023-12-01T09:00:46.849691', '2023-04-10T19:23:12.723355');
INSERT INTO "Scheduling" ("id", "staff_id", "patient_id", "service_id", "date", "session", "status", "created_at", "updated_at") VALUES (174, 48, 99, 8, '2024-09-16', 'morning', 'scheduled', '2023-08-25T20:37:59.366333', '2023-03-26T12:55:42.190510');
INSERT INTO "Scheduling" ("id", "staff_id", "patient_id", "service_id", "date", "session", "status", "created_at", "updated_at") VALUES (175, 9, 82, 4, '2024-05-30', 'morning', 'scheduled', '2023-11-25T23:29:02.957393', '2023-06-16T04:55:47.257894');
INSERT INTO "Scheduling" ("id", "staff_id", "patient_id", "service_id", "date", "session", "status", "created_at", "updated_at") VALUES (176, 13, 94, 10, '2024-08-09', 'afternoon', 'cancelled', '2023-08-25T18:13:58.044026', '2023-01-29T18:47:01.745897');
INSERT INTO "Scheduling" ("id", "staff_id", "patient_id", "service_id", "date", "session", "status", "created_at", "updated_at") VALUES (177, 17, 84, 4, '2024-05-18', 'morning', 'cancelled', '2023-08-12T13:36:59.443733', '2023-05-14T15:59:47.731375');
INSERT INTO "Scheduling" ("id", "staff_id", "patient_id", "service_id", "date", "session", "status", "created_at", "updated_at") VALUES (178, 29, 220, 2, '2024-05-31', 'morning', 'scheduled', '2023-03-27T15:16:19.668321', '2023-10-26T16:55:28.136457');
INSERT INTO "Scheduling" ("id", "staff_id", "patient_id", "service_id", "date", "session", "status", "created_at", "updated_at") VALUES (179, 30, 344, 7, '2024-05-11', 'morning', 'cancelled', '2023-09-22T01:41:02.181532', '2023-09-06T03:15:45.443021');
INSERT INTO "Scheduling" ("id", "staff_id", "patient_id", "service_id", "date", "session", "status", "created_at", "updated_at") VALUES (180, 26, 246, 7, '2024-09-03', 'morning', 'scheduled', '2023-08-04T21:56:24.648292', '2023-09-03T12:06:03.587447');
INSERT INTO "Scheduling" ("id", "staff_id", "patient_id", "service_id", "date", "session", "status", "created_at", "updated_at") VALUES (181, 23, 191, 5, '2024-06-22', 'morning', 'completed', '2023-08-25T21:23:40.723791', '2023-04-27T00:35:12.304486');
INSERT INTO "MedicalRecord" ("id", "scheduling_id", "patient_id", "complaint", "medical_history", "physical_examination", "systolic", "diastolic", "heart_rate", "respiratory_rate", "temperature", "created_at", "updated_at") VALUES (181, 181, 191, 'Result get spring work you about look. Rich necessary similar.
Executive official partner tree cup get help. Region increase shoulder down various speech.', 'Marriage garden pull with southern investment. Series safe act table safe edge. Down third town cell end information reduce. Skin letter whether always remember third step.', 'West build total kid. Way institution serious marriage stage audience. Paper west draw write today.
Idea wind approach it short sit ok. Pull ago dog until believe. During individual natural.', 99, 61, 99, 15, 37.0, '2023-10-16T11:38:04.139695', '2023-03-11T17:28:06.830653');
INSERT INTO "ServiceNote" ("id", "scheduling_id", "medical_record_id", "additional_notes", "created_at", "updated_at") VALUES (181, 181, 181, 'Nothing off technology take decide. While evidence popular professor.
Right fill can analysis guess. Source family house.
Pick book business. Hand whether lay field anOTHER line.', '2023-10-04T02:17:44.269372', '2023-12-09T12:05:01.111136');
INSERT INTO "Prescription" ("id", "service_note_id", "created_at", "updated_at") VALUES (181, 181, '2023-07-21T18:30:05.081718', '2023-09-18T08:59:09.406386');
INSERT INTO "PrescriptionDetail" ("id", "prescription_id", "medical_inventory_id", "quantity", "dosage_instructions", "created_at", "updated_at") VALUES (111, 181, 106, 9, '2 times daily after meals', '2023-11-26T20:45:52.437208', '2023-10-27T15:13:31.118829');
INSERT INTO "PrescriptionDetail" ("id", "prescription_id", "medical_inventory_id", "quantity", "dosage_instructions", "created_at", "updated_at") VALUES (112, 181, 16, 2, '2 times daily after meals', '2023-06-28T18:18:23.869876', '2023-06-23T07:23:34.500737');
INSERT INTO "Payment" ("id", "service_note_id", "amount", "status", "payment_method", "created_at", "updated_at") VALUES (181, 181, 413.86, 'pAID', 'credit_card', '2023-06-09T09:58:10.553483', '2023-05-16T01:37:36.280302');
INSERT INTO "Scheduling" ("id", "staff_id", "patient_id", "service_id", "date", "session", "status", "created_at", "updated_at") VALUES (182, 42, 329, 1, '2024-09-10', 'morning', 'completed', '2023-01-24T03:19:37.554510', '2023-07-02T00:52:58.398924');
INSERT INTO "MedicalRecord" ("id", "scheduling_id", "patient_id", "complaint", "medical_history", "physical_examination", "systolic", "diastolic", "heart_rate", "respiratory_rate", "temperature", "created_at", "updated_at") VALUES (182, 182, 329, 'Can defense Mr mouth. Development lead player claim everyone live although. Bring education game may upon speak.', 'Member people trade black worker point. Product result almost too still. Course dog consumer ball nor edge wall direction.', 'Remain quality lay recognize me moment will. Until clearly respond role window sometimes several all. Lay cause program.
Shoulder peace manager. Would site far black.', 140, 82, 82, 19, 36.8, '2023-12-16T20:56:57.714359', '2023-01-22T13:59:36.268610');
INSERT INTO "ServiceNote" ("id", "scheduling_id", "medical_record_id", "additional_notes", "created_at", "updated_at") VALUES (182, 182, 182, 'Nature like boy administration brOTHER leg single. Drug for since realize process.
Less care style. Significant not party lot throughout over.', '2023-02-28T13:07:54.785698', '2023-06-20T00:43:32.475955');
INSERT INTO "Prescription" ("id", "service_note_id", "created_at", "updated_at") VALUES (182, 182, '2023-04-13T20:00:22.868244', '2023-07-11T23:20:05.014879');
INSERT INTO "PrescriptionDetail" ("id", "prescription_id", "medical_inventory_id", "quantity", "dosage_instructions", "created_at", "updated_at") VALUES (113, 182, 89, 10, '3 times daily after meals', '2023-02-08T07:44:40.088690', '2023-12-07T07:14:41.726358');
INSERT INTO "PrescriptionDetail" ("id", "prescription_id", "medical_inventory_id", "quantity", "dosage_instructions", "created_at", "updated_at") VALUES (114, 182, 83, 7, '2 times daily after meals', '2023-03-11T18:14:54.162791', '2023-02-03T22:35:03.298773');
INSERT INTO "Payment" ("id", "service_note_id", "amount", "status", "payment_method", "created_at", "updated_at") VALUES (182, 182, 220.83, 'pAID', 'credit_card', '2023-06-05T01:34:47.445783', '2023-12-22T20:17:06.421512');
INSERT INTO "Scheduling" ("id", "staff_id", "patient_id", "service_id", "date", "session", "status", "created_at", "updated_at") VALUES (183, 2, 292, 9, '2024-07-09', 'morning', 'completed', '2023-03-31T04:51:10.775786', '2023-04-01T01:48:54.913325');
INSERT INTO "MedicalRecord" ("id", "scheduling_id", "patient_id", "complaint", "medical_history", "physical_examination", "systolic", "diastolic", "heart_rate", "respiratory_rate", "temperature", "created_at", "updated_at") VALUES (183, 183, 292, 'Ready spring best skin coach happen. Today listen again even.
Cup successful government high radio. Agreement speech whose read decide. Firm themselves public day.', 'Data six guess campaign away push enter position. Six just worry each senior staff. Enter carry simple build strategy board rate.', 'Stay memory really we say. Four population meet air agreement south firm their. Because rather through start space guess small. Treatment group exactly red manage.', 139, 78, 74, 14, 36.2, '2023-02-15T19:54:51.392461', '2023-09-27T23:37:38.234893');
INSERT INTO "ServiceNote" ("id", "scheduling_id", "medical_record_id", "additional_notes", "created_at", "updated_at") VALUES (183, 183, 183, 'South sort market order size spring. Goal prepare face source again beyond building. Agency church guess special government.', '2023-09-15T05:23:43.497849', '2023-04-18T23:31:24.284837');
INSERT INTO "Prescription" ("id", "service_note_id", "created_at", "updated_at") VALUES (183, 183, '2023-02-15T06:32:30.037347', '2023-05-24T12:05:48.810134');
INSERT INTO "PrescriptionDetail" ("id", "prescription_id", "medical_inventory_id", "quantity", "dosage_instructions", "created_at", "updated_at") VALUES (115, 183, 62, 5, '3 times daily after meals', '2023-01-21T15:57:27.169367', '2023-02-17T22:29:53.894419');
INSERT INTO "PrescriptionDetail" ("id", "prescription_id", "medical_inventory_id", "quantity", "dosage_instructions", "created_at", "updated_at") VALUES (116, 183, 15, 4, '3 times daily after meals', '2023-01-22T08:57:19.358597', '2023-10-28T09:13:33.991729');
INSERT INTO "PrescriptionDetail" ("id", "prescription_id", "medical_inventory_id", "quantity", "dosage_instructions", "created_at", "updated_at") VALUES (117, 183, 100, 6, '1 times daily after meals', '2023-09-30T19:48:04.553789', '2023-12-23T04:25:59.587439');
INSERT INTO "Payment" ("id", "service_note_id", "amount", "status", "payment_method", "created_at", "updated_at") VALUES (183, 183, 217.3, 'cancelled', 'debit_card', '2023-10-10T19:45:15.536698', '2023-04-19T03:52:31.953765');
INSERT INTO "Scheduling" ("id", "staff_id", "patient_id", "service_id", "date", "session", "status", "created_at", "updated_at") VALUES (184, 48, 65, 6, '2024-10-24', 'afternoon', 'cancelled', '2023-09-03T07:56:47.681967', '2023-08-06T11:38:37.280810');
INSERT INTO "Scheduling" ("id", "staff_id", "patient_id", "service_id", "date", "session", "status", "created_at", "updated_at") VALUES (185, 37, 147, 8, '2024-06-04', 'evening', 'cancelled', '2023-12-07T03:06:38.060424', '2023-04-05T03:37:28.660811');
INSERT INTO "Scheduling" ("id", "staff_id", "patient_id", "service_id", "date", "session", "status", "created_at", "updated_at") VALUES (186, 20, 70, 2, '2024-06-12', 'afternoon', 'scheduled', '2023-04-08T08:20:04.814839', '2023-02-26T06:11:27.189297');
INSERT INTO "Scheduling" ("id", "staff_id", "patient_id", "service_id", "date", "session", "status", "created_at", "updated_at") VALUES (187, 15, 61, 9, '2024-09-30', 'morning', 'completed', '2023-07-22T16:17:56.718080', '2023-05-11T03:00:41.484886');
INSERT INTO "MedicalRecord" ("id", "scheduling_id", "patient_id", "complaint", "medical_history", "physical_examination", "systolic", "diastolic", "heart_rate", "respiratory_rate", "temperature", "created_at", "updated_at") VALUES (187, 187, 61, 'Before surface option enough increase energy. Page security great perhaps successful.
Community rise rise manage. Race tell song keep blood. Car certain radio total claim.', 'Responsibility class live practice quickly full ground. With water kind use information loss evening.
Decision recognize describe sell star yes lead rule. Resource mind democratic industry.', 'Assume law air special write. Live decide do. Sure toward black candidate live cover water.
Military appear without civil real. Paper stop recent moment include respond.', 90, 70, 99, 15, 37.2, '2023-08-01T16:49:20.645278', '2023-10-01T22:34:42.488799');
INSERT INTO "ServiceNote" ("id", "scheduling_id", "medical_record_id", "additional_notes", "created_at", "updated_at") VALUES (187, 187, 187, 'Conference OTHER poor follow including also. Decide spend specific trade throw.
Watch boy guess smile ahead cold add. Moment arm its able painting voice let. College somebody evidence.', '2023-08-02T22:09:20.988940', '2023-07-29T07:33:09.569593');
INSERT INTO "Prescription" ("id", "service_note_id", "created_at", "updated_at") VALUES (187, 187, '2023-02-05T07:05:41.934785', '2023-05-03T00:48:49.291332');
INSERT INTO "PrescriptionDetail" ("id", "prescription_id", "medical_inventory_id", "quantity", "dosage_instructions", "created_at", "updated_at") VALUES (118, 187, 46, 6, '1 times daily after meals', '2023-04-18T23:45:41.517061', '2023-10-29T16:47:25.386100');
INSERT INTO "PrescriptionDetail" ("id", "prescription_id", "medical_inventory_id", "quantity", "dosage_instructions", "created_at", "updated_at") VALUES (119, 187, 6, 3, '3 times daily after meals', '2023-06-09T08:04:48.368833', '2023-11-25T01:22:49.889317');
INSERT INTO "Payment" ("id", "service_note_id", "amount", "status", "payment_method", "created_at", "updated_at") VALUES (187, 187, 719.46, 'pending', 'cash', '2023-05-23T06:15:38.392546', '2023-08-15T10:00:23.622765');
INSERT INTO "Scheduling" ("id", "staff_id", "patient_id", "service_id", "date", "session", "status", "created_at", "updated_at") VALUES (188, 34, 242, 7, '2024-07-31', 'morning', 'cancelled', '2023-09-04T11:37:21.419835', '2023-02-16T13:38:57.946046');
INSERT INTO "Scheduling" ("id", "staff_id", "patient_id", "service_id", "date", "session", "status", "created_at", "updated_at") VALUES (189, 7, 216, 3, '2024-07-24', 'afternoon', 'scheduled', '2023-03-06T18:50:43.689221', '2023-06-06T05:54:55.157576');
INSERT INTO "Scheduling" ("id", "staff_id", "patient_id", "service_id", "date", "session", "status", "created_at", "updated_at") VALUES (190, 47, 300, 6, '2024-08-18', 'evening', 'scheduled', '2023-05-04T10:31:24.826896', '2023-07-16T14:59:01.734504');
INSERT INTO "Scheduling" ("id", "staff_id", "patient_id", "service_id", "date", "session", "status", "created_at", "updated_at") VALUES (191, 46, 233, 4, '2024-09-19', 'evening', 'cancelled', '2023-02-15T10:36:07.390222', '2023-10-07T06:00:54.374012');
INSERT INTO "Scheduling" ("id", "staff_id", "patient_id", "service_id", "date", "session", "status", "created_at", "updated_at") VALUES (192, 38, 208, 5, '2024-06-12', 'afternoon', 'scheduled', '2023-02-18T21:32:13.406420', '2023-04-23T06:44:45.006711');
INSERT INTO "Scheduling" ("id", "staff_id", "patient_id", "service_id", "date", "session", "status", "created_at", "updated_at") VALUES (193, 12, 344, 7, '2024-04-29', 'evening', 'cancelled', '2023-12-19T05:21:29.551033', '2023-03-24T06:02:00.285535');
INSERT INTO "Scheduling" ("id", "staff_id", "patient_id", "service_id", "date", "session", "status", "created_at", "updated_at") VALUES (194, 3, 213, 10, '2024-06-14', 'evening', 'scheduled', '2023-07-21T10:52:20.876040', '2023-10-06T14:49:20.614381');
INSERT INTO "Scheduling" ("id", "staff_id", "patient_id", "service_id", "date", "session", "status", "created_at", "updated_at") VALUES (195, 41, 305, 3, '2024-09-20', 'morning', 'completed', '2023-04-28T22:03:02.960414', '2023-01-17T17:43:27.620585');
INSERT INTO "MedicalRecord" ("id", "scheduling_id", "patient_id", "complaint", "medical_history", "physical_examination", "systolic", "diastolic", "heart_rate", "respiratory_rate", "temperature", "created_at", "updated_at") VALUES (195, 195, 305, 'Certainly main history production upon painting. Teach toward blood six TV.', 'Mrs throughout describe list authority civil offer. Issue entire put our. Unit else east view. Address key fall lot operation home attention.', 'Sister leader media office skin boy doctor.
Future home after oil. Then four make.
Imagine paper recently day dark. Available travel early PM full. By middle its view environment.', 137, 62, 75, 17, 37.5, '2023-09-23T01:37:55.005811', '2023-10-28T15:17:08.184180');
INSERT INTO "ServiceNote" ("id", "scheduling_id", "medical_record_id", "additional_notes", "created_at", "updated_at") VALUES (195, 195, 195, 'Mean reflect job themselves trade. Remain son strategy school effort hear maybe. Business chance set right film ever.', '2023-02-27T22:54:10.069562', '2023-04-25T07:28:54.842277');
INSERT INTO "Prescription" ("id", "service_note_id", "created_at", "updated_at") VALUES (195, 195, '2023-10-13T21:57:26.812392', '2023-01-06T04:54:42.639193');
INSERT INTO "PrescriptionDetail" ("id", "prescription_id", "medical_inventory_id", "quantity", "dosage_instructions", "created_at", "updated_at") VALUES (120, 195, 23, 6, '2 times daily after meals', '2023-09-12T07:38:19.122157', '2023-02-14T17:51:38.730560');
INSERT INTO "Payment" ("id", "service_note_id", "amount", "status", "payment_method", "created_at", "updated_at") VALUES (195, 195, 60.83, 'pending', 'credit_card', '2023-11-10T11:08:36.631021', '2023-02-20T10:54:58.269661');
INSERT INTO "Scheduling" ("id", "staff_id", "patient_id", "service_id", "date", "session", "status", "created_at", "updated_at") VALUES (196, 45, 182, 2, '2024-05-16', 'afternoon', 'cancelled', '2023-09-11T08:36:22.772971', '2023-04-16T08:47:43.223462');
INSERT INTO "Scheduling" ("id", "staff_id", "patient_id", "service_id", "date", "session", "status", "created_at", "updated_at") VALUES (197, 1, 275, 7, '2024-05-11', 'afternoon', 'scheduled', '2023-04-10T09:50:23.171274', '2023-07-06T04:04:56.685438');
INSERT INTO "Scheduling" ("id", "staff_id", "patient_id", "service_id", "date", "session", "status", "created_at", "updated_at") VALUES (198, 27, 230, 9, '2024-09-02', 'afternoon', 'completed', '2023-12-02T23:17:20.405354', '2023-05-08T19:15:56.569835');
INSERT INTO "MedicalRecord" ("id", "scheduling_id", "patient_id", "complaint", "medical_history", "physical_examination", "systolic", "diastolic", "heart_rate", "respiratory_rate", "temperature", "created_at", "updated_at") VALUES (198, 198, 230, 'Author stop project book week practice here. Father individual operation. Officer throughout I standard financial.', 'Make artist of Mr. More order may you life federal every.
Issue reach network. Increase parent organization.', 'Star dream star to board born than. Protect hundred edge mOTHER gas.
He recent green notice bit avoid. Include leader education lawyer west. Fish visit whatever they current.', 96, 86, 90, 15, 36.2, '2023-01-17T17:04:19.055946', '2023-02-14T15:37:04.699518');
INSERT INTO "ServiceNote" ("id", "scheduling_id", "medical_record_id", "additional_notes", "created_at", "updated_at") VALUES (198, 198, 198, 'Year simple trouble it enough interesting owner plant. Region collection cultural soon range Mr. It team student magazine. Leader its north stuff though any spend about.', '2023-01-28T09:13:21.184151', '2023-01-16T02:14:38.879692');
INSERT INTO "Prescription" ("id", "service_note_id", "created_at", "updated_at") VALUES (198, 198, '2023-04-10T17:48:20.375551', '2023-05-09T01:41:58.252286');
INSERT INTO "PrescriptionDetail" ("id", "prescription_id", "medical_inventory_id", "quantity", "dosage_instructions", "created_at", "updated_at") VALUES (121, 198, 9, 5, '1 times daily after meals', '2023-10-17T22:18:32.191894', '2023-03-04T10:24:54.233810');
INSERT INTO "Payment" ("id", "service_note_id", "amount", "status", "payment_method", "created_at", "updated_at") VALUES (198, 198, 352.78, 'pending', 'cash', '2023-04-21T22:15:39.351340', '2023-12-25T23:38:45.975106');
INSERT INTO "Scheduling" ("id", "staff_id", "patient_id", "service_id", "date", "session", "status", "created_at", "updated_at") VALUES (199, 22, 133, 2, '2024-06-11', 'afternoon', 'cancelled', '2023-04-09T12:30:09.695315', '2023-09-08T15:51:13.880131');
INSERT INTO "Scheduling" ("id", "staff_id", "patient_id", "service_id", "date", "session", "status", "created_at", "updated_at") VALUES (200, 6, 298, 1, '2024-07-24', 'evening', 'completed', '2023-02-24T18:48:21.869258', '2023-02-04T03:52:40.101120');
INSERT INTO "MedicalRecord" ("id", "scheduling_id", "patient_id", "complaint", "medical_history", "physical_examination", "systolic", "diastolic", "heart_rate", "respiratory_rate", "temperature", "created_at", "updated_at") VALUES (200, 200, 298, 'Impact place dog deep question already. Explain rule himself follow. Before everybody dog poor finish war OTHER.', 'Cause establish few. Beat trade activity machine protect. Dog forget ready voice.
Listen poor majority great either huge join. Ground water front finally unit explain.', 'Remain strategy which generation value better those. Pm notice join line take.', 131, 65, 98, 18, 36.2, '2023-05-12T23:56:58.266401', '2023-06-18T03:40:42.229287');
INSERT INTO "ServiceNote" ("id", "scheduling_id", "medical_record_id", "additional_notes", "created_at", "updated_at") VALUES (200, 200, 200, 'Soon base school instead pull. Almost unit hot president.
Become about everybody edge hour theory hot face. Statement see nor some open. Challenge real wonder remain place.', '2023-12-22T01:42:08.660797', '2023-05-05T12:38:32.195880');
INSERT INTO "Prescription" ("id", "service_note_id", "created_at", "updated_at") VALUES (200, 200, '2023-09-24T01:00:18.338506', '2023-06-04T09:11:14.015686');
INSERT INTO "PrescriptionDetail" ("id", "prescription_id", "medical_inventory_id", "quantity", "dosage_instructions", "created_at", "updated_at") VALUES (122, 200, 85, 4, '1 times daily after meals', '2023-12-15T11:19:23.052096', '2023-12-06T04:26:33.593281');
INSERT INTO "Payment" ("id", "service_note_id", "amount", "status", "payment_method", "created_at", "updated_at") VALUES (200, 200, 438.82, 'cancelled', 'debit_card', '2023-11-19T00:48:57.701468', '2023-04-14T06:17:00.367995');
INSERT INTO "Scheduling" ("id", "staff_id", "patient_id", "service_id", "date", "session", "status", "created_at", "updated_at") VALUES (201, 43, 172, 2, '2024-07-10', 'afternoon', 'scheduled', '2023-05-15T13:29:26.251002', '2023-05-31T09:36:33.464117');
INSERT INTO "Scheduling" ("id", "staff_id", "patient_id", "service_id", "date", "session", "status", "created_at", "updated_at") VALUES (202, 26, 302, 3, '2024-09-22', 'evening', 'scheduled', '2023-06-24T12:20:13.843548', '2023-07-21T04:44:11.361168');
INSERT INTO "Scheduling" ("id", "staff_id", "patient_id", "service_id", "date", "session", "status", "created_at", "updated_at") VALUES (203, 24, 95, 5, '2024-04-29', 'afternoon', 'cancelled', '2023-04-23T12:00:08.081948', '2023-06-18T08:35:04.631655');
INSERT INTO "Scheduling" ("id", "staff_id", "patient_id", "service_id", "date", "session", "status", "created_at", "updated_at") VALUES (204, 41, 153, 2, '2024-09-29', 'afternoon', 'scheduled', '2023-01-11T02:56:52.491602', '2023-04-16T07:16:49.373069');
INSERT INTO "Scheduling" ("id", "staff_id", "patient_id", "service_id", "date", "session", "status", "created_at", "updated_at") VALUES (205, 14, 200, 2, '2024-06-11', 'evening', 'completed', '2023-10-20T10:43:25.963877', '2023-08-21T03:08:33.358610');
INSERT INTO "MedicalRecord" ("id", "scheduling_id", "patient_id", "complaint", "medical_history", "physical_examination", "systolic", "diastolic", "heart_rate", "respiratory_rate", "temperature", "created_at", "updated_at") VALUES (205, 205, 200, 'Republican star government smile. Talk more voice side free security.
Building fine daughter win series stage. Hand skin successful matter notice hit region.', 'Begin enter good truth plant stuff. Law candidate machine including event.
Very fill arm peace. Animal back so choice opportunity central administration.', 'Employee leave it position option foreign owner. Life value process prevent seem idea reach.
Week just choose.
Issue hot parent reach develop upon. Quite north finally.', 97, 69, 85, 19, 36.7, '2023-03-31T04:44:09.120030', '2023-12-11T03:42:23.400225');
INSERT INTO "ServiceNote" ("id", "scheduling_id", "medical_record_id", "additional_notes", "created_at", "updated_at") VALUES (205, 205, 205, 'Star paper close which road establish computer. Education edge there involve huge. Government visit fear.', '2023-01-07T22:02:21.786133', '2023-03-31T11:23:31.639042');
INSERT INTO "Prescription" ("id", "service_note_id", "created_at", "updated_at") VALUES (205, 205, '2023-12-07T09:23:30.022597', '2023-10-04T08:41:24.372241');
INSERT INTO "PrescriptionDetail" ("id", "prescription_id", "medical_inventory_id", "quantity", "dosage_instructions", "created_at", "updated_at") VALUES (123, 205, 68, 2, '3 times daily after meals', '2023-09-04T00:05:57.686672', '2023-08-15T15:56:15.143631');
INSERT INTO "PrescriptionDetail" ("id", "prescription_id", "medical_inventory_id", "quantity", "dosage_instructions", "created_at", "updated_at") VALUES (124, 205, 140, 7, '1 times daily after meals', '2023-01-31T08:26:56.992663', '2023-12-15T09:01:09.597219');
INSERT INTO "PrescriptionDetail" ("id", "prescription_id", "medical_inventory_id", "quantity", "dosage_instructions", "created_at", "updated_at") VALUES (125, 205, 95, 7, '2 times daily after meals', '2023-08-15T06:09:02.032030', '2023-04-28T22:32:45.768126');
INSERT INTO "Payment" ("id", "service_note_id", "amount", "status", "payment_method", "created_at", "updated_at") VALUES (205, 205, 227.25, 'pending', 'debit_card', '2023-10-19T04:49:05.066926', '2023-03-25T13:19:50.353333');
INSERT INTO "Scheduling" ("id", "staff_id", "patient_id", "service_id", "date", "session", "status", "created_at", "updated_at") VALUES (206, 15, 82, 3, '2024-07-06', 'evening', 'cancelled', '2023-04-20T02:08:29.260553', '2023-01-18T03:01:42.917927');
INSERT INTO "Scheduling" ("id", "staff_id", "patient_id", "service_id", "date", "session", "status", "created_at", "updated_at") VALUES (207, 43, 227, 9, '2024-05-23', 'morning', 'completed', '2023-07-24T08:47:39.258997', '2023-07-16T15:28:10.990910');
INSERT INTO "MedicalRecord" ("id", "scheduling_id", "patient_id", "complaint", "medical_history", "physical_examination", "systolic", "diastolic", "heart_rate", "respiratory_rate", "temperature", "created_at", "updated_at") VALUES (207, 207, 227, 'Name name building often. Environmental inside attention career strategy.
Whole own size place particular southern before. Civil son baby Democrat.', 'Near trip low alone. Consumer girl adult summer.
Production lead player human. Recently add recognize real prevent police sell.', 'Responsibility fight peace box with. Today ready laugh card. Mouth control almost effort.
Down yard rest act thank value dark phone.', 138, 78, 74, 20, 36.1, '2023-05-08T12:14:55.652697', '2023-09-16T22:46:49.062556');
INSERT INTO "ServiceNote" ("id", "scheduling_id", "medical_record_id", "additional_notes", "created_at", "updated_at") VALUES (207, 207, 207, 'Guess pretty amount clearly. Born job nor rise close. Cold hit quickly big serious.
Measure both item type some score in. Well according floor four. However either college kind sister color American.', '2023-06-12T20:07:32.641870', '2023-10-17T12:18:48.230054');
INSERT INTO "Prescription" ("id", "service_note_id", "created_at", "updated_at") VALUES (207, 207, '2023-01-01T22:57:54.465786', '2023-04-05T10:37:24.278519');
INSERT INTO "PrescriptionDetail" ("id", "prescription_id", "medical_inventory_id", "quantity", "dosage_instructions", "created_at", "updated_at") VALUES (126, 207, 134, 7, '3 times daily after meals', '2023-04-27T10:44:02.191934', '2023-07-19T09:07:51.953346');
INSERT INTO "PrescriptionDetail" ("id", "prescription_id", "medical_inventory_id", "quantity", "dosage_instructions", "created_at", "updated_at") VALUES (127, 207, 122, 10, '1 times daily after meals', '2023-05-31T06:44:55.621468', '2023-06-28T03:17:46.211915');
INSERT INTO "Payment" ("id", "service_note_id", "amount", "status", "payment_method", "created_at", "updated_at") VALUES (207, 207, 502.45, 'pending', 'insurance', '2023-01-23T16:07:10.379554', '2023-10-12T12:39:41.194408');
INSERT INTO "Scheduling" ("id", "staff_id", "patient_id", "service_id", "date", "session", "status", "created_at", "updated_at") VALUES (208, 46, 343, 9, '2024-05-07', 'evening', 'cancelled', '2023-07-03T12:45:28.212880', '2023-06-08T18:19:41.070115');
INSERT INTO "Scheduling" ("id", "staff_id", "patient_id", "service_id", "date", "session", "status", "created_at", "updated_at") VALUES (209, 44, 112, 8, '2024-10-04', 'morning', 'scheduled', '2023-08-11T00:42:44.048784', '2023-01-19T00:31:42.505306');
INSERT INTO "Scheduling" ("id", "staff_id", "patient_id", "service_id", "date", "session", "status", "created_at", "updated_at") VALUES (210, 11, 115, 1, '2024-06-22', 'morning', 'completed', '2023-01-03T12:36:16.695994', '2023-08-27T10:31:28.598058');
INSERT INTO "MedicalRecord" ("id", "scheduling_id", "patient_id", "complaint", "medical_history", "physical_examination", "systolic", "diastolic", "heart_rate", "respiratory_rate", "temperature", "created_at", "updated_at") VALUES (210, 210, 115, 'Practice hotel process. Fund member focus.
Marriage clear cold political.
Upon case cost ago suggest. Traditional candidate guess bed citizen step eight. Time sure move authority peace always.', 'Soon rest leave property even goal speech. Note treatment news weight piece become.
Language produce agent play. Range vote my price build artist buy.', 'Instead former use low way serve always. Program new edge world.
Laugh them key price follow. Rock arrive true player popular.', 95, 81, 87, 15, 37.5, '2023-05-04T13:26:15.607905', '2023-06-22T00:36:51.048701');
INSERT INTO "ServiceNote" ("id", "scheduling_id", "medical_record_id", "additional_notes", "created_at", "updated_at") VALUES (210, 210, 210, 'Clear top air. Drug me program crime paper more she experience. Entire quality eat newspaper five. Somebody get report owner network need.', '2023-04-06T07:06:46.622617', '2023-11-16T10:04:44.371114');
INSERT INTO "Prescription" ("id", "service_note_id", "created_at", "updated_at") VALUES (210, 210, '2023-02-03T10:32:35.180349', '2023-05-26T00:03:06.634791');
INSERT INTO "PrescriptionDetail" ("id", "prescription_id", "medical_inventory_id", "quantity", "dosage_instructions", "created_at", "updated_at") VALUES (128, 210, 38, 10, '2 times daily after meals', '2023-03-13T10:23:52.193812', '2023-11-18T03:14:18.161064');
INSERT INTO "PrescriptionDetail" ("id", "prescription_id", "medical_inventory_id", "quantity", "dosage_instructions", "created_at", "updated_at") VALUES (129, 210, 82, 2, '1 times daily after meals', '2023-12-25T12:30:58.014456', '2023-03-06T10:43:55.619633');
INSERT INTO "PrescriptionDetail" ("id", "prescription_id", "medical_inventory_id", "quantity", "dosage_instructions", "created_at", "updated_at") VALUES (130, 210, 100, 9, '2 times daily after meals', '2023-11-15T00:21:06.353239', '2023-03-19T02:06:51.276210');
INSERT INTO "Payment" ("id", "service_note_id", "amount", "status", "payment_method", "created_at", "updated_at") VALUES (210, 210, 574.45, 'pAID', 'insurance', '2023-03-04T08:42:54.315824', '2023-11-13T05:19:58.026632');
INSERT INTO "Scheduling" ("id", "staff_id", "patient_id", "service_id", "date", "session", "status", "created_at", "updated_at") VALUES (211, 1, 318, 7, '2024-10-25', 'evening', 'scheduled', '2023-07-22T14:29:57.092527', '2023-03-08T05:29:32.539434');
INSERT INTO "Scheduling" ("id", "staff_id", "patient_id", "service_id", "date", "session", "status", "created_at", "updated_at") VALUES (212, 27, 341, 10, '2024-06-06', 'morning', 'cancelled', '2023-03-21T01:00:58.276654', '2023-05-13T15:43:21.230685');
INSERT INTO "Scheduling" ("id", "staff_id", "patient_id", "service_id", "date", "session", "status", "created_at", "updated_at") VALUES (213, 49, 339, 2, '2024-05-24', 'morning', 'completed', '2023-01-12T16:54:06.947775', '2023-04-11T10:35:39.921036');
INSERT INTO "MedicalRecord" ("id", "scheduling_id", "patient_id", "complaint", "medical_history", "physical_examination", "systolic", "diastolic", "heart_rate", "respiratory_rate", "temperature", "created_at", "updated_at") VALUES (213, 213, 339, 'Son bring traditional present fill even. Value base black fund threat. Fall nothing long eye she.
Never responsibility conference personal feel down body happen. Perhaps but travel event.', 'Detail everyone third concern reach doctor fund. Spend newspaper employee science young agent me.
Identify feel wear sea movement. Vote final seat write player TV.', 'Road course indeed ability.
Cost work close. Must smile while memory dinner card understand art.
Enough reduce nature cell. Sure peace several. Page PM who measure end allow article attack.', 124, 88, 82, 18, 36.4, '2023-07-08T20:24:11.025608', '2023-12-04T06:50:17.996825');
INSERT INTO "ServiceNote" ("id", "scheduling_id", "medical_record_id", "additional_notes", "created_at", "updated_at") VALUES (213, 213, 213, 'Remember outside lead food like join time today. Mean or agreement fire long light star political. Hope its light result between.', '2023-04-22T20:10:20.524711', '2023-06-20T08:28:26.106090');
INSERT INTO "Prescription" ("id", "service_note_id", "created_at", "updated_at") VALUES (213, 213, '2023-11-30T21:05:20.618162', '2023-01-07T05:18:28.796491');
INSERT INTO "PrescriptionDetail" ("id", "prescription_id", "medical_inventory_id", "quantity", "dosage_instructions", "created_at", "updated_at") VALUES (131, 213, 125, 10, '3 times daily after meals', '2023-06-26T23:10:39.965781', '2023-11-04T16:11:44.902858');
INSERT INTO "PrescriptionDetail" ("id", "prescription_id", "medical_inventory_id", "quantity", "dosage_instructions", "created_at", "updated_at") VALUES (132, 213, 122, 1, '1 times daily after meals', '2023-10-18T04:19:33.883835', '2023-02-01T16:39:57.389784');
INSERT INTO "PrescriptionDetail" ("id", "prescription_id", "medical_inventory_id", "quantity", "dosage_instructions", "created_at", "updated_at") VALUES (133, 213, 71, 7, '1 times daily after meals', '2023-02-02T06:01:57.695857', '2023-04-16T21:51:33.241335');
INSERT INTO "Payment" ("id", "service_note_id", "amount", "status", "payment_method", "created_at", "updated_at") VALUES (213, 213, 637.33, 'cancelled', 'insurance', '2023-05-22T17:58:19.840821', '2023-08-30T10:27:47.717177');
INSERT INTO "Scheduling" ("id", "staff_id", "patient_id", "service_id", "date", "session", "status", "created_at", "updated_at") VALUES (214, 3, 172, 1, '2024-08-08', 'afternoon', 'cancelled', '2023-05-19T04:58:05.775532', '2023-11-02T04:47:22.262584');
INSERT INTO "Scheduling" ("id", "staff_id", "patient_id", "service_id", "date", "session", "status", "created_at", "updated_at") VALUES (215, 31, 61, 6, '2024-07-06', 'afternoon', 'completed', '2023-04-14T23:58:55.944352', '2023-02-07T18:38:56.897312');
INSERT INTO "MedicalRecord" ("id", "scheduling_id", "patient_id", "complaint", "medical_history", "physical_examination", "systolic", "diastolic", "heart_rate", "respiratory_rate", "temperature", "created_at", "updated_at") VALUES (215, 215, 61, 'Take generation fall maybe.
Focus health from song political. Significant shake war former statement reveal individual. Similar follow to magazine teacher nice. Road seek form color wall voice.', 'Many question once very pattern central. Professor fund also a night. Garden research walk executive. Nor floor threat determine reason future.', 'Enjoy imagine attention out moment. Large miss practice top you.
Reality American bill west at. Source south answer early.
Mean health example more. Economic present ten approach Congress.', 109, 68, 91, 13, 37.5, '2023-07-31T05:57:14.125844', '2023-12-05T10:43:48.688802');
INSERT INTO "ServiceNote" ("id", "scheduling_id", "medical_record_id", "additional_notes", "created_at", "updated_at") VALUES (215, 215, 215, 'Material leader less drive indeed she. Help ground federal pay around economic while. Party south receive dark.
Top cause person off. Day state Mr rule career reality.', '2023-10-17T14:43:40.975141', '2023-01-06T04:06:04.896506');
INSERT INTO "Prescription" ("id", "service_note_id", "created_at", "updated_at") VALUES (215, 215, '2023-06-10T03:58:59.255762', '2023-09-19T02:20:40.681719');
INSERT INTO "PrescriptionDetail" ("id", "prescription_id", "medical_inventory_id", "quantity", "dosage_instructions", "created_at", "updated_at") VALUES (134, 215, 35, 5, '3 times daily after meals', '2023-04-27T10:00:06.226675', '2023-12-30T15:55:01.509756');
INSERT INTO "Payment" ("id", "service_note_id", "amount", "status", "payment_method", "created_at", "updated_at") VALUES (215, 215, 470.96, 'pAID', 'debit_card', '2023-09-29T16:06:49.787634', '2023-04-19T02:11:15.404656');
INSERT INTO "Scheduling" ("id", "staff_id", "patient_id", "service_id", "date", "session", "status", "created_at", "updated_at") VALUES (216, 47, 96, 4, '2024-08-13', 'evening', 'completed', '2023-10-24T15:32:49.848138', '2023-06-23T19:32:40.622946');
INSERT INTO "MedicalRecord" ("id", "scheduling_id", "patient_id", "complaint", "medical_history", "physical_examination", "systolic", "diastolic", "heart_rate", "respiratory_rate", "temperature", "created_at", "updated_at") VALUES (216, 216, 96, 'Usually toward information experience. Same effort career recently structure.', 'Store group bar quickly free. Attack religious once finish staff prevent fall fear. Should certain station accept election. College their within these scene heart.', 'Recently arm reality program left too allow. Drop red interest pull black best professional.
Onto camera rate because those glass food.', 103, 89, 86, 19, 37.1, '2023-11-27T05:54:27.766976', '2023-05-23T10:03:38.358637');
INSERT INTO "ServiceNote" ("id", "scheduling_id", "medical_record_id", "additional_notes", "created_at", "updated_at") VALUES (216, 216, 216, 'Girl sea body foot. Quality ball instead nice old feeling. Not inside second.
Imagine add notice have budget. Bring trade despite only indeed could. End he avoid chance.', '2023-12-05T09:59:00.316154', '2023-01-22T06:39:50.599138');
INSERT INTO "Prescription" ("id", "service_note_id", "created_at", "updated_at") VALUES (216, 216, '2023-02-28T23:32:57.864397', '2023-08-17T05:14:56.332377');
INSERT INTO "PrescriptionDetail" ("id", "prescription_id", "medical_inventory_id", "quantity", "dosage_instructions", "created_at", "updated_at") VALUES (135, 216, 15, 9, '1 times daily after meals', '2023-04-05T14:13:51.858547', '2023-03-16T13:42:24.222545');
INSERT INTO "PrescriptionDetail" ("id", "prescription_id", "medical_inventory_id", "quantity", "dosage_instructions", "created_at", "updated_at") VALUES (136, 216, 17, 5, '3 times daily after meals', '2023-07-27T17:39:57.436429', '2023-10-30T09:40:40.090135');
INSERT INTO "Payment" ("id", "service_note_id", "amount", "status", "payment_method", "created_at", "updated_at") VALUES (216, 216, 531.46, 'pending', 'cash', '2023-03-08T16:27:23.672497', '2023-10-05T08:06:49.177963');
INSERT INTO "Scheduling" ("id", "staff_id", "patient_id", "service_id", "date", "session", "status", "created_at", "updated_at") VALUES (217, 12, 80, 4, '2024-06-17', 'morning', 'scheduled', '2023-10-24T04:30:52.997710', '2023-09-24T08:47:01.238811');
INSERT INTO "Scheduling" ("id", "staff_id", "patient_id", "service_id", "date", "session", "status", "created_at", "updated_at") VALUES (218, 30, 152, 5, '2024-05-11', 'afternoon', 'completed', '2023-06-03T14:12:35.997022', '2023-02-18T11:10:23.735194');
INSERT INTO "MedicalRecord" ("id", "scheduling_id", "patient_id", "complaint", "medical_history", "physical_examination", "systolic", "diastolic", "heart_rate", "respiratory_rate", "temperature", "created_at", "updated_at") VALUES (218, 218, 152, 'Care example only responsibility.
Maintain data blue paper.
Television during you prepare student guy generation. Above small community activity country individual. Political good lawyer hot rule.', 'Remember fight reason herself. Camera right skin stuff ball news. Actually drug wish about.
Forget program including catch attack friend truth whose. Report behind us maybe. Level somebody air vote.', 'Write air different guess generation. Program blue cut report science. Suddenly large read increase. Old garden spend stock.
Hard may new. Smile call teach huge charge support performance.', 119, 76, 85, 13, 37.0, '2023-05-31T16:06:02.378958', '2023-05-07T01:57:58.592133');
INSERT INTO "ServiceNote" ("id", "scheduling_id", "medical_record_id", "additional_notes", "created_at", "updated_at") VALUES (218, 218, 218, 'Where reflect source hit. Pretty prevent remain nor sport threat whatever. Figure task oil fast provide seat eight.', '2023-09-11T16:41:41.125806', '2023-12-21T03:54:02.186760');
INSERT INTO "Prescription" ("id", "service_note_id", "created_at", "updated_at") VALUES (218, 218, '2023-10-13T11:40:39.070049', '2023-05-13T17:05:22.958463');
INSERT INTO "PrescriptionDetail" ("id", "prescription_id", "medical_inventory_id", "quantity", "dosage_instructions", "created_at", "updated_at") VALUES (137, 218, 96, 8, '3 times daily after meals', '2023-12-07T15:19:20.815090', '2023-08-04T04:18:36.765023');
INSERT INTO "Payment" ("id", "service_note_id", "amount", "status", "payment_method", "created_at", "updated_at") VALUES (218, 218, 473.8, 'pAID', 'debit_card', '2023-03-10T12:43:16.915394', '2023-10-21T18:31:59.545126');
INSERT INTO "Scheduling" ("id", "staff_id", "patient_id", "service_id", "date", "session", "status", "created_at", "updated_at") VALUES (219, 23, 97, 5, '2024-06-09', 'afternoon', 'scheduled', '2023-12-03T05:17:23.646195', '2023-07-30T19:39:33.146433');
INSERT INTO "Scheduling" ("id", "staff_id", "patient_id", "service_id", "date", "session", "status", "created_at", "updated_at") VALUES (220, 25, 343, 4, '2024-05-11', 'morning', 'scheduled', '2023-04-14T15:48:42.073809', '2023-02-26T03:23:26.645622');
INSERT INTO "Scheduling" ("id", "staff_id", "patient_id", "service_id", "date", "session", "status", "created_at", "updated_at") VALUES (221, 42, 156, 5, '2024-06-25', 'evening', 'cancelled', '2023-06-17T07:43:02.206288', '2023-06-01T02:02:14.395856');
INSERT INTO "Scheduling" ("id", "staff_id", "patient_id", "service_id", "date", "session", "status", "created_at", "updated_at") VALUES (222, 27, 55, 8, '2024-09-07', 'morning', 'scheduled', '2023-02-08T14:40:40.235485', '2023-10-10T02:24:38.223598');
INSERT INTO "Scheduling" ("id", "staff_id", "patient_id", "service_id", "date", "session", "status", "created_at", "updated_at") VALUES (223, 42, 55, 4, '2024-06-12', 'evening', 'completed', '2023-09-02T08:57:18.111923', '2023-05-30T03:41:09.828164');
INSERT INTO "MedicalRecord" ("id", "scheduling_id", "patient_id", "complaint", "medical_history", "physical_examination", "systolic", "diastolic", "heart_rate", "respiratory_rate", "temperature", "created_at", "updated_at") VALUES (223, 223, 55, 'Movement yet just a cause total total. Nearly near want citizen serve. Pay how live without kitchen want current.', 'Stand cut during hotel rise accept. Establish international near mouth second drop.
Military me move around claim defense.
Whose song institution think. First worker since thus.', 'American audience oil. Whom understand late mind. Election kid serve discussion finally many.
Send discussion off wide never everybody. Blue most watch her attack.', 128, 85, 79, 16, 36.6, '2023-08-27T20:41:56.055758', '2023-03-13T11:02:31.588416');
INSERT INTO "ServiceNote" ("id", "scheduling_id", "medical_record_id", "additional_notes", "created_at", "updated_at") VALUES (223, 223, 223, 'Feel security official coach officer as consider north. Person star already raise set cause newspaper report. Would home involve year hold close.', '2023-03-28T22:18:58.960340', '2023-09-09T08:54:56.436982');
INSERT INTO "Prescription" ("id", "service_note_id", "created_at", "updated_at") VALUES (223, 223, '2023-07-26T22:11:31.616316', '2023-03-16T10:45:41.166101');
INSERT INTO "PrescriptionDetail" ("id", "prescription_id", "medical_inventory_id", "quantity", "dosage_instructions", "created_at", "updated_at") VALUES (138, 223, 90, 8, '2 times daily after meals', '2023-08-15T22:45:40.671060', '2023-09-07T00:09:16.585898');
INSERT INTO "PrescriptionDetail" ("id", "prescription_id", "medical_inventory_id", "quantity", "dosage_instructions", "created_at", "updated_at") VALUES (139, 223, 56, 8, '2 times daily after meals', '2023-06-12T23:14:48.972165', '2023-01-04T02:27:39.816374');
INSERT INTO "Payment" ("id", "service_note_id", "amount", "status", "payment_method", "created_at", "updated_at") VALUES (223, 223, 693.34, 'cancelled', 'insurance', '2023-05-21T01:51:44.458517', '2023-05-20T00:05:49.177405');
INSERT INTO "Scheduling" ("id", "staff_id", "patient_id", "service_id", "date", "session", "status", "created_at", "updated_at") VALUES (224, 38, 312, 6, '2024-05-25', 'morning', 'cancelled', '2023-07-05T13:36:27.201589', '2023-11-16T09:28:07.846074');
INSERT INTO "Scheduling" ("id", "staff_id", "patient_id", "service_id", "date", "session", "status", "created_at", "updated_at") VALUES (225, 42, 195, 5, '2024-09-28', 'evening', 'cancelled', '2023-06-21T18:43:33.076187', '2023-05-07T18:19:12.526605');
INSERT INTO "Scheduling" ("id", "staff_id", "patient_id", "service_id", "date", "session", "status", "created_at", "updated_at") VALUES (226, 7, 223, 5, '2024-08-30', 'morning', 'cancelled', '2023-04-23T10:42:05.380617', '2023-01-30T01:31:28.405098');
INSERT INTO "Scheduling" ("id", "staff_id", "patient_id", "service_id", "date", "session", "status", "created_at", "updated_at") VALUES (227, 21, 203, 4, '2024-07-08', 'afternoon', 'scheduled', '2023-04-29T13:20:58.699323', '2023-03-22T23:25:40.450531');
INSERT INTO "Scheduling" ("id", "staff_id", "patient_id", "service_id", "date", "session", "status", "created_at", "updated_at") VALUES (228, 34, 257, 6, '2024-06-29', 'morning', 'cancelled', '2023-10-28T06:21:15.337364', '2023-02-08T09:07:09.383646');
INSERT INTO "Scheduling" ("id", "staff_id", "patient_id", "service_id", "date", "session", "status", "created_at", "updated_at") VALUES (229, 9, 305, 5, '2024-05-05', 'evening', 'completed', '2023-10-23T19:49:01.793876', '2023-07-05T09:43:24.111916');
INSERT INTO "MedicalRecord" ("id", "scheduling_id", "patient_id", "complaint", "medical_history", "physical_examination", "systolic", "diastolic", "heart_rate", "respiratory_rate", "temperature", "created_at", "updated_at") VALUES (229, 229, 305, 'Just last success manage or would. Need care almost direction two most work.', 'Seek let country if office increase. Recently behind seat first laugh. Green rest win father.
Certainly task cause information such page whose. Staff half bit understand. Fire item throw skin.', 'Meeting into eat personal second tonight. Dark drop deal music character feel. Catch shoulder later fund first thing.', 116, 72, 84, 12, 36.9, '2023-11-27T23:25:18.873183', '2023-05-18T12:45:15.873821');
INSERT INTO "ServiceNote" ("id", "scheduling_id", "medical_record_id", "additional_notes", "created_at", "updated_at") VALUES (229, 229, 229, 'Loss rich conference throughout democratic. Agency range general year light serious sell. Including benefit yard country.
Choice rich week bed some white value reduce. Member recent term share.', '2023-01-11T04:31:16.646312', '2023-11-26T06:24:05.782547');
INSERT INTO "Prescription" ("id", "service_note_id", "created_at", "updated_at") VALUES (229, 229, '2023-02-27T16:46:22.110691', '2023-02-24T20:11:17.934284');
INSERT INTO "PrescriptionDetail" ("id", "prescription_id", "medical_inventory_id", "quantity", "dosage_instructions", "created_at", "updated_at") VALUES (140, 229, 49, 6, '3 times daily after meals', '2023-06-22T20:13:56.372066', '2023-04-29T19:17:10.015720');
INSERT INTO "PrescriptionDetail" ("id", "prescription_id", "medical_inventory_id", "quantity", "dosage_instructions", "created_at", "updated_at") VALUES (141, 229, 57, 9, '3 times daily after meals', '2023-04-21T04:57:05.362705', '2023-08-11T21:41:32.757062');
INSERT INTO "PrescriptionDetail" ("id", "prescription_id", "medical_inventory_id", "quantity", "dosage_instructions", "created_at", "updated_at") VALUES (142, 229, 122, 6, '3 times daily after meals', '2023-04-23T05:45:37.480195', '2023-06-12T15:02:43.965131');
INSERT INTO "Payment" ("id", "service_note_id", "amount", "status", "payment_method", "created_at", "updated_at") VALUES (229, 229, 335.19, 'pending', 'credit_card', '2023-10-24T01:12:00.409685', '2023-07-18T23:39:10.518623');
INSERT INTO "Scheduling" ("id", "staff_id", "patient_id", "service_id", "date", "session", "status", "created_at", "updated_at") VALUES (230, 19, 116, 5, '2024-05-23', 'afternoon', 'cancelled', '2023-05-19T10:19:47.948535', '2023-06-11T06:17:59.749521');
INSERT INTO "Scheduling" ("id", "staff_id", "patient_id", "service_id", "date", "session", "status", "created_at", "updated_at") VALUES (231, 36, 222, 2, '2024-06-14', 'evening', 'scheduled', '2023-06-05T07:03:36.079729', '2023-10-16T17:26:44.469557');
INSERT INTO "Scheduling" ("id", "staff_id", "patient_id", "service_id", "date", "session", "status", "created_at", "updated_at") VALUES (232, 23, 208, 7, '2024-06-25', 'evening', 'completed', '2023-08-01T15:41:14.815348', '2023-06-08T22:53:28.434055');
INSERT INTO "MedicalRecord" ("id", "scheduling_id", "patient_id", "complaint", "medical_history", "physical_examination", "systolic", "diastolic", "heart_rate", "respiratory_rate", "temperature", "created_at", "updated_at") VALUES (232, 232, 208, 'Crime single soldier arrive. Common music trade finish factor person.
Hit rate model their Mrs decision. Color gun keep minute social policy house.', 'Participant middle special situation property. Number place item your effect. Teach quite director believe require.
Include shoulder it world wife model. Student fill face able player law.', 'Fast opportunity PM. Energy process current stop person training. Through care fine authority agency home.', 113, 68, 97, 16, 36.7, '2023-01-25T15:10:39.886950', '2023-12-03T16:50:28.467333');
INSERT INTO "ServiceNote" ("id", "scheduling_id", "medical_record_id", "additional_notes", "created_at", "updated_at") VALUES (232, 232, 232, 'Pattern hear college product. Wrong police see. Its behind must doctor develop current.
Shake effort offer first eight special color. Reason fall serve concern accept situation medical.', '2023-03-24T23:34:21.273260', '2023-09-17T08:00:37.358745');
INSERT INTO "Prescription" ("id", "service_note_id", "created_at", "updated_at") VALUES (232, 232, '2023-04-12T09:28:41.244940', '2023-12-01T03:59:10.618892');
INSERT INTO "PrescriptionDetail" ("id", "prescription_id", "medical_inventory_id", "quantity", "dosage_instructions", "created_at", "updated_at") VALUES (143, 232, 121, 1, '3 times daily after meals', '2023-01-24T01:28:19.969697', '2023-11-20T00:20:10.134614');
INSERT INTO "Payment" ("id", "service_note_id", "amount", "status", "payment_method", "created_at", "updated_at") VALUES (232, 232, 604.4, 'cancelled', 'cash', '2023-04-18T12:08:45.077082', '2023-01-20T17:17:23.432049');
INSERT INTO "Scheduling" ("id", "staff_id", "patient_id", "service_id", "date", "session", "status", "created_at", "updated_at") VALUES (233, 31, 112, 7, '2024-06-17', 'evening', 'cancelled', '2023-10-25T20:58:51.969936', '2023-09-08T10:21:39.232744');
INSERT INTO "Scheduling" ("id", "staff_id", "patient_id", "service_id", "date", "session", "status", "created_at", "updated_at") VALUES (234, 20, 128, 3, '2024-08-12', 'morning', 'scheduled', '2023-03-03T10:20:13.652585', '2023-01-17T16:20:56.265619');
INSERT INTO "Scheduling" ("id", "staff_id", "patient_id", "service_id", "date", "session", "status", "created_at", "updated_at") VALUES (235, 22, 285, 3, '2024-08-11', 'evening', 'completed', '2023-10-03T01:30:00.819657', '2023-06-27T00:42:02.046731');
INSERT INTO "MedicalRecord" ("id", "scheduling_id", "patient_id", "complaint", "medical_history", "physical_examination", "systolic", "diastolic", "heart_rate", "respiratory_rate", "temperature", "created_at", "updated_at") VALUES (235, 235, 285, 'Sport small dream discover whether fast. Loss hotel either OTHER option. Successful no ground modern. Different ago improve effort benefit.', 'Major bit pass low eye like real. Blue author by vote take act customer.
House quickly mean everyone way how. Senior long sit out if watch kind.', 'Decision police green tax so question one example. Democratic east half I carry. Similar forget window health ready issue night water.
Project better cultural like attorney.', 135, 65, 65, 19, 36.5, '2023-09-12T03:21:36.959995', '2023-11-06T03:10:26.648498');
INSERT INTO "ServiceNote" ("id", "scheduling_id", "medical_record_id", "additional_notes", "created_at", "updated_at") VALUES (235, 235, 235, 'President word could outside next life door.
Base people own structure.
Within evening majority public pressure task already. Well always work learn attack financial statement hope.', '2023-06-06T06:29:32.541559', '2023-08-21T15:24:54.927581');
INSERT INTO "Prescription" ("id", "service_note_id", "created_at", "updated_at") VALUES (235, 235, '2023-11-21T02:35:48.129770', '2023-01-12T12:54:18.006203');
INSERT INTO "PrescriptionDetail" ("id", "prescription_id", "medical_inventory_id", "quantity", "dosage_instructions", "created_at", "updated_at") VALUES (144, 235, 81, 1, '1 times daily after meals', '2023-11-08T09:32:05.885949', '2023-11-28T22:25:28.540794');
INSERT INTO "Payment" ("id", "service_note_id", "amount", "status", "payment_method", "created_at", "updated_at") VALUES (235, 235, 479.45, 'pending', 'credit_card', '2023-10-21T01:30:02.352115', '2023-11-23T19:33:12.228920');
INSERT INTO "Scheduling" ("id", "staff_id", "patient_id", "service_id", "date", "session", "status", "created_at", "updated_at") VALUES (236, 37, 96, 3, '2024-06-08', 'afternoon', 'cancelled', '2023-07-03T00:59:01.862793', '2023-10-16T15:34:34.394880');
INSERT INTO "Scheduling" ("id", "staff_id", "patient_id", "service_id", "date", "session", "status", "created_at", "updated_at") VALUES (237, 28, 257, 7, '2024-10-08', 'afternoon', 'completed', '2023-06-16T02:22:17.371438', '2023-06-15T05:28:26.400701');
INSERT INTO "MedicalRecord" ("id", "scheduling_id", "patient_id", "complaint", "medical_history", "physical_examination", "systolic", "diastolic", "heart_rate", "respiratory_rate", "temperature", "created_at", "updated_at") VALUES (237, 237, 257, 'Well office beyond floor leg discuss. Final audience allow Mrs forward.', 'These ago morning beyond receive quality night friend. Cover require article some Democrat tonight.
Morning happy idea management. Start itself performance eight natural two believe.', 'Know yeah main. In scientist computer no product form society child.
Else open magazine state out. Boy system turn lose crime in.', 114, 60, 62, 20, 36.3, '2023-08-20T04:55:24.975438', '2023-06-23T01:39:09.208283');
INSERT INTO "ServiceNote" ("id", "scheduling_id", "medical_record_id", "additional_notes", "created_at", "updated_at") VALUES (237, 237, 237, 'Either white citizen. West arrive family cut between radio.', '2023-11-27T16:11:40.481729', '2023-05-29T05:19:09.435213');
INSERT INTO "Prescription" ("id", "service_note_id", "created_at", "updated_at") VALUES (237, 237, '2023-05-25T17:46:36.162120', '2023-12-06T14:00:41.451106');
INSERT INTO "PrescriptionDetail" ("id", "prescription_id", "medical_inventory_id", "quantity", "dosage_instructions", "created_at", "updated_at") VALUES (145, 237, 4, 6, '3 times daily after meals', '2023-03-03T03:12:40.420894', '2023-11-18T17:06:50.903850');
INSERT INTO "PrescriptionDetail" ("id", "prescription_id", "medical_inventory_id", "quantity", "dosage_instructions", "created_at", "updated_at") VALUES (146, 237, 49, 1, '3 times daily after meals', '2023-01-13T14:39:49.658776', '2023-09-26T17:17:13.503571');
INSERT INTO "Payment" ("id", "service_note_id", "amount", "status", "payment_method", "created_at", "updated_at") VALUES (237, 237, 53.92, 'cancelled', 'credit_card', '2023-04-24T13:43:34.518054', '2023-12-13T01:47:44.702756');
INSERT INTO "Scheduling" ("id", "staff_id", "patient_id", "service_id", "date", "session", "status", "created_at", "updated_at") VALUES (238, 15, 210, 3, '2024-10-23', 'afternoon', 'scheduled', '2023-05-25T05:47:10.024752', '2023-12-25T04:23:25.934683');
INSERT INTO "Scheduling" ("id", "staff_id", "patient_id", "service_id", "date", "session", "status", "created_at", "updated_at") VALUES (239, 25, 207, 3, '2024-09-04', 'evening', 'scheduled', '2023-03-26T11:55:39.138096', '2023-01-25T07:05:17.391560');
INSERT INTO "Scheduling" ("id", "staff_id", "patient_id", "service_id", "date", "session", "status", "created_at", "updated_at") VALUES (240, 3, 284, 9, '2024-07-14', 'afternoon', 'cancelled', '2023-07-05T17:45:47.722165', '2023-12-29T09:39:41.068555');
INSERT INTO "Scheduling" ("id", "staff_id", "patient_id", "service_id", "date", "session", "status", "created_at", "updated_at") VALUES (241, 34, 119, 6, '2024-07-24', 'afternoon', 'completed', '2023-04-10T06:23:13.770064', '2023-06-25T15:03:07.223707');
INSERT INTO "MedicalRecord" ("id", "scheduling_id", "patient_id", "complaint", "medical_history", "physical_examination", "systolic", "diastolic", "heart_rate", "respiratory_rate", "temperature", "created_at", "updated_at") VALUES (241, 241, 119, 'Approach executive southern writer mention wonder. Radio job again. Floor somebody go production.
Travel down ahead perhaps wrong difficult. Choice side area sport.', 'Letter program hand threat. Wish mind well laugh cost. Her southern tax serious tree.
Father forward head impact firm air. Year girl half. Across who choose watch already huge manage.', 'Agent him cost program as beautiful. Their land weight away one listen minute onto. At without lawyer cup she.
Morning after at year institution city. Visit indicate become everyone heavy.', 112, 84, 72, 14, 37.4, '2023-08-01T03:51:17.719151', '2023-06-11T03:40:34.393277');
INSERT INTO "ServiceNote" ("id", "scheduling_id", "medical_record_id", "additional_notes", "created_at", "updated_at") VALUES (241, 241, 241, 'Movement analysis style over whose economy language. Network share ten road safe. Special thus middle maintain. Economic road miss adult middle southern part activity.', '2023-05-05T05:22:19.940913', '2023-08-22T12:46:43.468442');
INSERT INTO "Prescription" ("id", "service_note_id", "created_at", "updated_at") VALUES (241, 241, '2023-09-20T07:40:11.319503', '2023-08-28T06:05:46.948215');
INSERT INTO "PrescriptionDetail" ("id", "prescription_id", "medical_inventory_id", "quantity", "dosage_instructions", "created_at", "updated_at") VALUES (147, 241, 5, 4, '1 times daily after meals', '2023-10-22T23:17:37.961039', '2023-08-04T05:40:29.198300');
INSERT INTO "PrescriptionDetail" ("id", "prescription_id", "medical_inventory_id", "quantity", "dosage_instructions", "created_at", "updated_at") VALUES (148, 241, 34, 4, '3 times daily after meals', '2023-01-14T20:17:12.247316', '2023-03-09T02:43:28.188175');
INSERT INTO "Payment" ("id", "service_note_id", "amount", "status", "payment_method", "created_at", "updated_at") VALUES (241, 241, 70.82, 'cancelled', 'credit_card', '2023-02-08T11:03:26.359604', '2023-03-27T20:56:30.136160');
INSERT INTO "Scheduling" ("id", "staff_id", "patient_id", "service_id", "date", "session", "status", "created_at", "updated_at") VALUES (242, 8, 70, 7, '2024-07-31', 'evening', 'cancelled', '2023-01-25T22:18:14.978605', '2023-05-30T13:54:11.315018');
INSERT INTO "Scheduling" ("id", "staff_id", "patient_id", "service_id", "date", "session", "status", "created_at", "updated_at") VALUES (243, 17, 75, 10, '2024-09-12', 'evening', 'scheduled', '2023-06-01T00:03:07.981372', '2023-04-21T11:01:57.332370');
INSERT INTO "Scheduling" ("id", "staff_id", "patient_id", "service_id", "date", "session", "status", "created_at", "updated_at") VALUES (244, 43, 61, 1, '2024-05-26', 'evening', 'cancelled', '2023-01-09T00:32:41.172773', '2023-02-19T21:40:38.103360');
INSERT INTO "Scheduling" ("id", "staff_id", "patient_id", "service_id", "date", "session", "status", "created_at", "updated_at") VALUES (245, 8, 245, 2, '2024-08-13', 'afternoon', 'cancelled', '2023-08-20T15:20:22.373627', '2023-02-28T12:25:41.254924');
INSERT INTO "Scheduling" ("id", "staff_id", "patient_id", "service_id", "date", "session", "status", "created_at", "updated_at") VALUES (246, 17, 129, 4, '2024-08-28', 'evening', 'cancelled', '2023-12-14T23:42:05.707283', '2023-04-16T18:47:15.967192');
INSERT INTO "Scheduling" ("id", "staff_id", "patient_id", "service_id", "date", "session", "status", "created_at", "updated_at") VALUES (247, 44, 205, 7, '2024-10-07', 'morning', 'cancelled', '2023-06-06T13:55:01.484163', '2023-06-13T01:52:39.657191');
INSERT INTO "Scheduling" ("id", "staff_id", "patient_id", "service_id", "date", "session", "status", "created_at", "updated_at") VALUES (248, 7, 189, 10, '2024-10-15', 'evening', 'cancelled', '2023-06-03T14:48:50.354795', '2023-04-05T00:19:23.874747');
INSERT INTO "Scheduling" ("id", "staff_id", "patient_id", "service_id", "date", "session", "status", "created_at", "updated_at") VALUES (249, 45, 104, 9, '2024-06-03', 'afternoon', 'cancelled', '2023-07-04T01:58:16.096224', '2023-02-24T05:56:49.971408');
INSERT INTO "Scheduling" ("id", "staff_id", "patient_id", "service_id", "date", "session", "status", "created_at", "updated_at") VALUES (250, 40, 109, 2, '2024-05-29', 'afternoon', 'completed', '2023-09-07T11:50:44.254597', '2023-09-22T17:05:05.967224');
INSERT INTO "MedicalRecord" ("id", "scheduling_id", "patient_id", "complaint", "medical_history", "physical_examination", "systolic", "diastolic", "heart_rate", "respiratory_rate", "temperature", "created_at", "updated_at") VALUES (250, 250, 109, 'Tell however city lead speak perform statement. Once real fly avoid common. Technology chance each.
Seat hard why government resource. Service hospital make team.', 'True history behind control better design term. Spring usually guy edge name budget.
Talk customer early this already despite.', 'Special weight itself clear drive much. South like discuss effect. Day science region yourself whole play like. Start single allow toward situation state such.', 102, 79, 72, 16, 37.2, '2023-04-15T04:47:51.559252', '2023-06-15T13:24:23.041537');
INSERT INTO "ServiceNote" ("id", "scheduling_id", "medical_record_id", "additional_notes", "created_at", "updated_at") VALUES (250, 250, 250, 'Everyone yes stuff example east. Air describe wear save. Still issue production interview.
Pm thousand instead main seat likely position. Seem Republican best product. Far necessary meeting east.', '2023-06-16T01:15:22.708968', '2023-05-12T19:24:36.740797');
INSERT INTO "Prescription" ("id", "service_note_id", "created_at", "updated_at") VALUES (250, 250, '2023-09-03T12:01:10.750724', '2023-01-18T10:28:02.233434');
INSERT INTO "PrescriptionDetail" ("id", "prescription_id", "medical_inventory_id", "quantity", "dosage_instructions", "created_at", "updated_at") VALUES (149, 250, 92, 7, '2 times daily after meals', '2023-12-29T05:23:59.975552', '2023-08-28T15:30:51.646587');
INSERT INTO "Payment" ("id", "service_note_id", "amount", "status", "payment_method", "created_at", "updated_at") VALUES (250, 250, 202.35, 'cancelled', 'insurance', '2023-07-09T16:54:15.226255', '2023-11-16T07:46:44.098881');
INSERT INTO "Scheduling" ("id", "staff_id", "patient_id", "service_id", "date", "session", "status", "created_at", "updated_at") VALUES (251, 14, 220, 4, '2024-10-22', 'afternoon', 'scheduled', '2023-03-09T23:01:21.155880', '2023-02-06T07:55:06.431959');
INSERT INTO "Scheduling" ("id", "staff_id", "patient_id", "service_id", "date", "session", "status", "created_at", "updated_at") VALUES (252, 1, 107, 10, '2024-10-17', 'morning', 'cancelled', '2023-12-03T21:47:22.539006', '2023-07-11T14:01:58.705010');
INSERT INTO "Scheduling" ("id", "staff_id", "patient_id", "service_id", "date", "session", "status", "created_at", "updated_at") VALUES (253, 32, 312, 2, '2024-06-06', 'morning', 'cancelled', '2023-06-07T05:44:31.173516', '2023-01-13T16:24:33.612539');
INSERT INTO "Scheduling" ("id", "staff_id", "patient_id", "service_id", "date", "session", "status", "created_at", "updated_at") VALUES (254, 47, 169, 8, '2024-05-24', 'afternoon', 'completed', '2023-09-16T19:04:53.469131', '2023-03-11T00:23:02.009722');
INSERT INTO "MedicalRecord" ("id", "scheduling_id", "patient_id", "complaint", "medical_history", "physical_examination", "systolic", "diastolic", "heart_rate", "respiratory_rate", "temperature", "created_at", "updated_at") VALUES (254, 254, 169, 'Still represent move my measure fear specific administration. Left too personal this sign.
Professional social find sell argue himself. Radio concern future capital police.', 'Might its response second bad different off. Responsibility sister foreign size career win boy night. Common well forward piece beautiful exactly.', 'Phone child tend career analysis responsibility but. Best eight mean. Property OTHER house floor focus follow.
Effect old senior amount. Knowledge plan six yard add memory. Require piece good.', 106, 74, 63, 13, 37.2, '2023-12-28T20:31:37.363136', '2023-02-11T20:21:07.082115');
INSERT INTO "ServiceNote" ("id", "scheduling_id", "medical_record_id", "additional_notes", "created_at", "updated_at") VALUES (254, 254, 254, 'Let sea ask present ten eight serve dog. War leg push quite marriage.
Tough skin candidate sometimes shoulder. Take follow deal attorney federal positive join.', '2023-12-29T16:58:35.334593', '2023-05-24T01:34:01.375000');
INSERT INTO "Prescription" ("id", "service_note_id", "created_at", "updated_at") VALUES (254, 254, '2023-09-15T16:55:52.692915', '2023-05-31T01:52:23.269123');
INSERT INTO "PrescriptionDetail" ("id", "prescription_id", "medical_inventory_id", "quantity", "dosage_instructions", "created_at", "updated_at") VALUES (150, 254, 75, 6, '3 times daily after meals', '2023-10-05T17:05:30.304665', '2023-10-31T00:56:18.630211');
INSERT INTO "Payment" ("id", "service_note_id", "amount", "status", "payment_method", "created_at", "updated_at") VALUES (254, 254, 347.07, 'cancelled', 'cash', '2023-04-10T08:29:05.735742', '2023-02-25T04:02:11.588460');
INSERT INTO "Scheduling" ("id", "staff_id", "patient_id", "service_id", "date", "session", "status", "created_at", "updated_at") VALUES (255, 7, 121, 3, '2024-05-10', 'morning', 'completed', '2023-11-04T11:09:26.086120', '2023-11-30T15:31:54.181204');
INSERT INTO "MedicalRecord" ("id", "scheduling_id", "patient_id", "complaint", "medical_history", "physical_examination", "systolic", "diastolic", "heart_rate", "respiratory_rate", "temperature", "created_at", "updated_at") VALUES (255, 255, 121, 'Build very face discover hope matter special. Design give culture.
Resource third for knowledge save here. Floor action wide service second. Compare read present father leave history water.', 'Hotel yeah design admit present cut. Represent brOTHER wrong grow. Home argue member thank. That stuff may bed.', 'Become consider onto painting participant over benefit.
Consumer state long anyone camera easy simply. Deep campaign meeting crime.', 112, 88, 88, 16, 37.3, '2023-05-17T06:50:46.967325', '2023-09-20T23:10:33.492441');
INSERT INTO "ServiceNote" ("id", "scheduling_id", "medical_record_id", "additional_notes", "created_at", "updated_at") VALUES (255, 255, 255, 'Send list project trade from outside. Detail happy third real. News property thank together crime six.
Natural thank concern up. Ground century take money marriage.', '2023-02-07T09:15:37.783515', '2023-01-04T13:40:51.923614');
INSERT INTO "Prescription" ("id", "service_note_id", "created_at", "updated_at") VALUES (255, 255, '2023-12-18T05:24:33.777769', '2023-12-30T12:44:07.922506');
INSERT INTO "PrescriptionDetail" ("id", "prescription_id", "medical_inventory_id", "quantity", "dosage_instructions", "created_at", "updated_at") VALUES (151, 255, 96, 6, '1 times daily after meals', '2023-12-12T12:07:14.837566', '2023-09-22T06:06:44.052096');
INSERT INTO "Payment" ("id", "service_note_id", "amount", "status", "payment_method", "created_at", "updated_at") VALUES (255, 255, 158.14, 'pAID', 'insurance', '2023-01-18T22:30:44.932099', '2023-07-18T20:44:48.487023');
INSERT INTO "Scheduling" ("id", "staff_id", "patient_id", "service_id", "date", "session", "status", "created_at", "updated_at") VALUES (256, 18, 295, 7, '2024-08-05', 'evening', 'cancelled', '2023-12-07T04:55:39.043273', '2023-06-24T18:52:45.627445');
INSERT INTO "Scheduling" ("id", "staff_id", "patient_id", "service_id", "date", "session", "status", "created_at", "updated_at") VALUES (257, 11, 81, 3, '2024-05-27', 'morning', 'scheduled', '2023-05-27T17:40:03.342558', '2023-04-24T00:31:11.574674');
INSERT INTO "Scheduling" ("id", "staff_id", "patient_id", "service_id", "date", "session", "status", "created_at", "updated_at") VALUES (258, 27, 342, 8, '2024-09-27', 'afternoon', 'scheduled', '2023-12-07T12:58:08.161889', '2023-05-08T15:00:54.758946');
INSERT INTO "Scheduling" ("id", "staff_id", "patient_id", "service_id", "date", "session", "status", "created_at", "updated_at") VALUES (259, 40, 65, 3, '2024-08-04', 'afternoon', 'completed', '2023-01-10T07:18:25.345612', '2023-09-04T15:56:35.421171');
INSERT INTO "MedicalRecord" ("id", "scheduling_id", "patient_id", "complaint", "medical_history", "physical_examination", "systolic", "diastolic", "heart_rate", "respiratory_rate", "temperature", "created_at", "updated_at") VALUES (259, 259, 65, 'Practice floor action ability. Threat statement main man whom effect itself. Deep most sign nature interview create himself plant.', 'Deal though material explain finish. White boy face floor plant education. Seem ago long training.
Clearly away green onto late with. Help occur seem very oil paper. Keep fear with discussion.', 'Floor fund economy live everyone just citizen. Develop ever lawyer hard.
Bank nature none mind forward manage that Mrs. Camera cost organization police agreement.', 121, 63, 86, 19, 36.1, '2023-04-16T17:22:12.175188', '2023-02-15T17:59:04.315372');
INSERT INTO "ServiceNote" ("id", "scheduling_id", "medical_record_id", "additional_notes", "created_at", "updated_at") VALUES (259, 259, 259, 'Wonder could doctor visit. Simple several from dark. Theory happy war finish trade.', '2023-03-21T21:29:08.965609', '2023-08-22T09:45:07.760756');
INSERT INTO "Prescription" ("id", "service_note_id", "created_at", "updated_at") VALUES (259, 259, '2023-07-07T15:09:31.114700', '2023-04-01T00:03:20.550155');
INSERT INTO "PrescriptionDetail" ("id", "prescription_id", "medical_inventory_id", "quantity", "dosage_instructions", "created_at", "updated_at") VALUES (152, 259, 81, 1, '3 times daily after meals', '2023-06-09T04:38:37.015600', '2023-05-21T01:47:36.236274');
INSERT INTO "PrescriptionDetail" ("id", "prescription_id", "medical_inventory_id", "quantity", "dosage_instructions", "created_at", "updated_at") VALUES (153, 259, 135, 10, '3 times daily after meals', '2023-01-10T21:50:24.480683', '2023-07-01T19:47:33.618441');
INSERT INTO "Payment" ("id", "service_note_id", "amount", "status", "payment_method", "created_at", "updated_at") VALUES (259, 259, 586.76, 'cancelled', 'debit_card', '2023-07-27T06:07:40.420571', '2023-07-01T11:41:05.788123');
INSERT INTO "Scheduling" ("id", "staff_id", "patient_id", "service_id", "date", "session", "status", "created_at", "updated_at") VALUES (260, 34, 99, 7, '2024-09-09', 'evening', 'cancelled', '2023-10-22T23:46:22.896971', '2023-12-05T11:53:39.209102');
INSERT INTO "Scheduling" ("id", "staff_id", "patient_id", "service_id", "date", "session", "status", "created_at", "updated_at") VALUES (261, 47, 228, 7, '2024-07-01', 'afternoon', 'scheduled', '2023-12-22T07:03:12.832409', '2023-10-15T21:51:17.014808');
INSERT INTO "Scheduling" ("id", "staff_id", "patient_id", "service_id", "date", "session", "status", "created_at", "updated_at") VALUES (262, 36, 56, 3, '2024-10-02', 'morning', 'cancelled', '2023-10-02T11:38:44.613547', '2023-09-07T17:55:35.374053');
INSERT INTO "Scheduling" ("id", "staff_id", "patient_id", "service_id", "date", "session", "status", "created_at", "updated_at") VALUES (263, 31, 89, 8, '2024-09-02', 'morning', 'completed', '2023-04-17T09:51:02.577789', '2023-12-29T12:38:56.709867');
INSERT INTO "MedicalRecord" ("id", "scheduling_id", "patient_id", "complaint", "medical_history", "physical_examination", "systolic", "diastolic", "heart_rate", "respiratory_rate", "temperature", "created_at", "updated_at") VALUES (263, 263, 89, 'Region over church particular win writer.
Admit kid discuss consider.
Green large citizen face down forward. Provide scene international building learn.', 'Southern hair score full phone center miss. Watch almost law recently agency bank couple animal.', 'Impact end TV. Within interesting value middle buy.
Current house from including. Little he value nor large during. Fact specific five seat police thousand.', 105, 70, 77, 12, 36.8, '2023-01-08T17:54:12.385494', '2023-04-15T21:06:14.647477');
INSERT INTO "ServiceNote" ("id", "scheduling_id", "medical_record_id", "additional_notes", "created_at", "updated_at") VALUES (263, 263, 263, 'Society beat arrive. Same view field each image add provide.
Beat play picture wide. Discuss expect relate key. And among stop friend feeling we.', '2023-03-18T20:44:38.222644', '2023-03-21T04:22:52.320392');
INSERT INTO "Prescription" ("id", "service_note_id", "created_at", "updated_at") VALUES (263, 263, '2023-04-17T14:36:39.223437', '2023-02-20T23:57:16.153280');
INSERT INTO "PrescriptionDetail" ("id", "prescription_id", "medical_inventory_id", "quantity", "dosage_instructions", "created_at", "updated_at") VALUES (154, 263, 97, 7, '1 times daily after meals', '2023-03-01T23:11:38.439590', '2023-05-13T01:35:42.759517');
INSERT INTO "PrescriptionDetail" ("id", "prescription_id", "medical_inventory_id", "quantity", "dosage_instructions", "created_at", "updated_at") VALUES (155, 263, 21, 8, '2 times daily after meals', '2023-10-08T17:20:17.184929', '2023-11-30T12:50:08.034374');
INSERT INTO "PrescriptionDetail" ("id", "prescription_id", "medical_inventory_id", "quantity", "dosage_instructions", "created_at", "updated_at") VALUES (156, 263, 147, 8, '1 times daily after meals', '2023-02-05T09:49:36.528687', '2023-01-14T23:18:02.306138');
INSERT INTO "Payment" ("id", "service_note_id", "amount", "status", "payment_method", "created_at", "updated_at") VALUES (263, 263, 863.76, 'pAID', 'debit_card', '2023-09-23T13:20:43.673213', '2023-03-27T19:11:03.169448');
INSERT INTO "Scheduling" ("id", "staff_id", "patient_id", "service_id", "date", "session", "status", "created_at", "updated_at") VALUES (264, 8, 60, 2, '2024-09-03', 'evening', 'completed', '2023-01-24T12:31:59.124911', '2023-10-05T19:07:00.463920');
INSERT INTO "MedicalRecord" ("id", "scheduling_id", "patient_id", "complaint", "medical_history", "physical_examination", "systolic", "diastolic", "heart_rate", "respiratory_rate", "temperature", "created_at", "updated_at") VALUES (264, 264, 60, 'End positive the partner. Husband easy parent side role employee.
Trade report adult reduce their right test myself. Many close first feeling reach heavy.', 'Family owner quickly near half big education. Until his child keep born. Despite blue kid order laugh common. Skill want once until.', 'Already enter she have involve exist. Radio matter plan outside social school. Rock hard beat pull of.
Use stand newspaper effect media. Career owner specific space know order.', 116, 61, 95, 20, 36.0, '2023-07-22T17:50:05.358043', '2023-02-22T04:33:12.561244');
INSERT INTO "ServiceNote" ("id", "scheduling_id", "medical_record_id", "additional_notes", "created_at", "updated_at") VALUES (264, 264, 264, 'Story debate eight but. General successful offer goal upon that. Gun center loss according I must police member.
Two recent just likely character could fill. Prevent deep morning black.', '2023-11-28T19:02:46.825937', '2023-10-16T19:57:02.424781');
INSERT INTO "Prescription" ("id", "service_note_id", "created_at", "updated_at") VALUES (264, 264, '2023-11-10T00:15:08.507322', '2023-07-31T08:25:10.410033');
INSERT INTO "PrescriptionDetail" ("id", "prescription_id", "medical_inventory_id", "quantity", "dosage_instructions", "created_at", "updated_at") VALUES (157, 264, 78, 9, '3 times daily after meals', '2023-11-04T09:45:31.861176', '2023-10-05T11:35:42.610403');
INSERT INTO "Payment" ("id", "service_note_id", "amount", "status", "payment_method", "created_at", "updated_at") VALUES (264, 264, 246.51, 'cancelled', 'insurance', '2023-07-15T14:58:27.308592', '2023-06-12T11:18:20.314034');
INSERT INTO "Scheduling" ("id", "staff_id", "patient_id", "service_id", "date", "session", "status", "created_at", "updated_at") VALUES (265, 22, 165, 8, '2024-07-31', 'morning', 'completed', '2023-09-15T02:57:28.995478', '2023-10-01T22:23:29.368506');
INSERT INTO "MedicalRecord" ("id", "scheduling_id", "patient_id", "complaint", "medical_history", "physical_examination", "systolic", "diastolic", "heart_rate", "respiratory_rate", "temperature", "created_at", "updated_at") VALUES (265, 265, 165, 'Wish face parent create. Cut major PM manager. Important end spring white above rather. Identify institution keep may shake.
Away but require since them.', 'Economic career around budget.
May student scene pass them. Author government simple property drive. Name behind machine employee beautiful fish sound. Purpose simple activity.', 'Which between society each amount indeed. Art eye back term.', 125, 84, 99, 19, 37.1, '2023-03-13T07:56:52.659690', '2023-07-11T06:22:09.749323');
INSERT INTO "ServiceNote" ("id", "scheduling_id", "medical_record_id", "additional_notes", "created_at", "updated_at") VALUES (265, 265, 265, 'Type senior official crime. Owner west ago. Game so professor.
Someone lot plan world very manage. Stay throughout large model move morning commercial.', '2023-09-02T02:32:42.836581', '2023-03-05T13:46:33.493817');
INSERT INTO "Prescription" ("id", "service_note_id", "created_at", "updated_at") VALUES (265, 265, '2023-10-08T14:11:12.412666', '2023-04-04T03:44:10.776227');
INSERT INTO "PrescriptionDetail" ("id", "prescription_id", "medical_inventory_id", "quantity", "dosage_instructions", "created_at", "updated_at") VALUES (158, 265, 116, 2, '1 times daily after meals', '2023-02-10T19:35:56.696036', '2023-08-04T17:28:05.021312');
INSERT INTO "PrescriptionDetail" ("id", "prescription_id", "medical_inventory_id", "quantity", "dosage_instructions", "created_at", "updated_at") VALUES (159, 265, 57, 1, '2 times daily after meals', '2023-11-07T16:05:52.846991', '2023-04-01T13:42:15.508346');
INSERT INTO "Payment" ("id", "service_note_id", "amount", "status", "payment_method", "created_at", "updated_at") VALUES (265, 265, 387.38, 'cancelled', 'debit_card', '2023-09-06T22:51:26.429113', '2023-11-04T20:32:01.435633');
INSERT INTO "Scheduling" ("id", "staff_id", "patient_id", "service_id", "date", "session", "status", "created_at", "updated_at") VALUES (266, 36, 105, 1, '2024-09-09', 'afternoon', 'scheduled', '2023-04-18T15:34:51.959593', '2023-10-08T14:11:49.096370');
INSERT INTO "Scheduling" ("id", "staff_id", "patient_id", "service_id", "date", "session", "status", "created_at", "updated_at") VALUES (267, 32, 260, 2, '2024-06-03', 'evening', 'completed', '2023-05-14T21:20:45.305115', '2023-03-27T10:33:10.356984');
INSERT INTO "MedicalRecord" ("id", "scheduling_id", "patient_id", "complaint", "medical_history", "physical_examination", "systolic", "diastolic", "heart_rate", "respiratory_rate", "temperature", "created_at", "updated_at") VALUES (267, 267, 260, 'Mr skin guess environmental national arm sport. Community word send describe in out model.
Growth police half admit story from. Music guess add score section. Pay approach could.', 'Quality writer truth force according very coach company. Approach note back hold everybody set.
Discuss here fall tough well. Black as beat large own. Far let school animal several page PM gun.', 'Dream war change control. Situation heavy yes approach increase score against.
Cold cover third key explain professor oil happen. Marriage court campaign many.', 129, 66, 72, 13, 37.4, '2023-12-28T19:35:23.425864', '2023-11-19T19:24:04.559980');
INSERT INTO "ServiceNote" ("id", "scheduling_id", "medical_record_id", "additional_notes", "created_at", "updated_at") VALUES (267, 267, 267, 'Describe trip very kitchen type like. Begin through a important OTHERs. Toward fish apply goal science.
Effect throughout power some value.', '2023-03-01T02:08:24.306007', '2023-12-08T06:12:13.706233');
INSERT INTO "Prescription" ("id", "service_note_id", "created_at", "updated_at") VALUES (267, 267, '2023-12-18T04:34:40.882462', '2023-06-21T03:02:36.893595');
INSERT INTO "PrescriptionDetail" ("id", "prescription_id", "medical_inventory_id", "quantity", "dosage_instructions", "created_at", "updated_at") VALUES (160, 267, 56, 8, '1 times daily after meals', '2023-05-19T13:37:34.034592', '2023-12-14T15:02:29.716987');
INSERT INTO "PrescriptionDetail" ("id", "prescription_id", "medical_inventory_id", "quantity", "dosage_instructions", "created_at", "updated_at") VALUES (161, 267, 87, 2, '2 times daily after meals', '2023-06-03T13:38:06.738840', '2023-01-05T10:42:48.693095');
INSERT INTO "Payment" ("id", "service_note_id", "amount", "status", "payment_method", "created_at", "updated_at") VALUES (267, 267, 94.18, 'cancelled', 'cash', '2023-01-24T04:03:29.494290', '2023-01-24T05:34:31.229900');
INSERT INTO "Scheduling" ("id", "staff_id", "patient_id", "service_id", "date", "session", "status", "created_at", "updated_at") VALUES (268, 50, 309, 3, '2024-08-22', 'afternoon', 'completed', '2023-10-09T22:51:05.616090', '2023-08-25T14:02:55.323651');
INSERT INTO "MedicalRecord" ("id", "scheduling_id", "patient_id", "complaint", "medical_history", "physical_examination", "systolic", "diastolic", "heart_rate", "respiratory_rate", "temperature", "created_at", "updated_at") VALUES (268, 268, 309, 'Talk sit reveal report their. Star chance fact but thank day several. Field produce would attorney.
These list there probably wall. Ever send certainly director.', 'Reduce party draw try institution five ask send. Interesting foot seven do water.
Society act almost food start billion real degree. Use politics fact interesting.', 'Receive follow teach everything. Major study drive environment development.', 90, 76, 63, 20, 37.4, '2023-04-08T19:03:46.642700', '2023-01-07T11:56:00.432306');
INSERT INTO "ServiceNote" ("id", "scheduling_id", "medical_record_id", "additional_notes", "created_at", "updated_at") VALUES (268, 268, 268, 'College again right price great out. Tv check attack environment role hospital measure. Watch scientist paper play commercial baby. Bed get especially speech.', '2023-08-08T08:58:31.326681', '2023-11-16T15:55:43.311614');
INSERT INTO "Prescription" ("id", "service_note_id", "created_at", "updated_at") VALUES (268, 268, '2023-02-24T01:28:16.423415', '2023-10-28T15:55:19.116880');
INSERT INTO "PrescriptionDetail" ("id", "prescription_id", "medical_inventory_id", "quantity", "dosage_instructions", "created_at", "updated_at") VALUES (162, 268, 124, 9, '1 times daily after meals', '2023-02-28T07:25:28.145232', '2023-03-29T21:01:01.455520');
INSERT INTO "PrescriptionDetail" ("id", "prescription_id", "medical_inventory_id", "quantity", "dosage_instructions", "created_at", "updated_at") VALUES (163, 268, 149, 3, '3 times daily after meals', '2023-01-30T14:19:52.217109', '2023-04-30T20:58:18.073068');
INSERT INTO "PrescriptionDetail" ("id", "prescription_id", "medical_inventory_id", "quantity", "dosage_instructions", "created_at", "updated_at") VALUES (164, 268, 33, 2, '2 times daily after meals', '2023-06-26T22:05:43.535661', '2023-02-19T20:51:40.083032');
INSERT INTO "Payment" ("id", "service_note_id", "amount", "status", "payment_method", "created_at", "updated_at") VALUES (268, 268, 674.65, 'cancelled', 'debit_card', '2023-01-01T20:10:22.302623', '2023-09-09T04:59:10.661435');
INSERT INTO "Scheduling" ("id", "staff_id", "patient_id", "service_id", "date", "session", "status", "created_at", "updated_at") VALUES (269, 33, 178, 5, '2024-08-05', 'afternoon', 'completed', '2023-10-31T07:05:56.701590', '2023-07-08T22:53:10.048950');
INSERT INTO "MedicalRecord" ("id", "scheduling_id", "patient_id", "complaint", "medical_history", "physical_examination", "systolic", "diastolic", "heart_rate", "respiratory_rate", "temperature", "created_at", "updated_at") VALUES (269, 269, 178, 'But company leave break who begin. Social market remain country cut. Discussion majority effort traditional big time reveal.
Education alone order to end hard meet assume.', 'Development return between which. Camera chance dream billion. Dream debate blood little.
Watch put concern employee window everything. Strategy speech represent theory color cause role.', 'Once street eat activity money. No keep mind look college different.
Staff scientist control heart approach according. Decide attack blood discussion understand successful feeling research.', 111, 69, 88, 14, 36.2, '2023-01-06T13:16:32.369473', '2023-04-27T19:08:48.409303');
INSERT INTO "ServiceNote" ("id", "scheduling_id", "medical_record_id", "additional_notes", "created_at", "updated_at") VALUES (269, 269, 269, 'Focus wall million take true necessary. Project single agree new.
Present discussion yeah around us role movement. Loss wish shake which middle save despite.', '2023-09-05T21:46:02.534896', '2023-06-29T14:29:58.298504');
INSERT INTO "Prescription" ("id", "service_note_id", "created_at", "updated_at") VALUES (269, 269, '2023-08-23T15:30:20.293821', '2023-08-30T03:36:34.655155');
INSERT INTO "PrescriptionDetail" ("id", "prescription_id", "medical_inventory_id", "quantity", "dosage_instructions", "created_at", "updated_at") VALUES (165, 269, 132, 5, '3 times daily after meals', '2023-05-27T04:17:00.688414', '2023-10-06T15:51:00.549128');
INSERT INTO "PrescriptionDetail" ("id", "prescription_id", "medical_inventory_id", "quantity", "dosage_instructions", "created_at", "updated_at") VALUES (166, 269, 141, 6, '3 times daily after meals', '2023-03-26T18:51:31.525043', '2023-02-06T08:27:26.732524');
INSERT INTO "PrescriptionDetail" ("id", "prescription_id", "medical_inventory_id", "quantity", "dosage_instructions", "created_at", "updated_at") VALUES (167, 269, 142, 4, '1 times daily after meals', '2023-10-15T02:40:09.765611', '2023-01-26T03:33:10.744274');
INSERT INTO "Payment" ("id", "service_note_id", "amount", "status", "payment_method", "created_at", "updated_at") VALUES (269, 269, 249.23, 'cancelled', 'debit_card', '2023-06-06T19:01:22.245773', '2023-02-03T23:03:32.292509');
INSERT INTO "Scheduling" ("id", "staff_id", "patient_id", "service_id", "date", "session", "status", "created_at", "updated_at") VALUES (270, 44, 118, 3, '2024-07-26', 'evening', 'cancelled', '2023-02-07T23:37:20.055703', '2023-12-17T13:11:49.780438');
INSERT INTO "Scheduling" ("id", "staff_id", "patient_id", "service_id", "date", "session", "status", "created_at", "updated_at") VALUES (271, 35, 216, 2, '2024-10-23', 'evening', 'completed', '2023-05-01T23:45:10.922805', '2023-09-28T15:46:07.063911');
INSERT INTO "MedicalRecord" ("id", "scheduling_id", "patient_id", "complaint", "medical_history", "physical_examination", "systolic", "diastolic", "heart_rate", "respiratory_rate", "temperature", "created_at", "updated_at") VALUES (271, 271, 216, 'Each day box couple rate discover manage baby.
Similar Democrat occur. Agree best Mrs case anything. Expert try military.
Century benefit consumer establish wind fear fear.', 'Perform live spend. Age doctor receive reduce action without better page.', 'Nor company bring. Position sometimes over OTHERs drug under.
Difference election physical field.
Scene much hold long number successful.
Grow mind accept any American family. Fall include support.', 125, 75, 97, 18, 37.0, '2023-02-18T23:26:25.157494', '2023-06-11T10:16:07.117213');
INSERT INTO "ServiceNote" ("id", "scheduling_id", "medical_record_id", "additional_notes", "created_at", "updated_at") VALUES (271, 271, 271, 'Whom morning recent own. Become medical color throughout.
Computer price art push happy form. Final board vote. Test upon audience market author item.', '2023-02-26T21:31:20.330023', '2023-04-01T02:12:07.941405');
INSERT INTO "Prescription" ("id", "service_note_id", "created_at", "updated_at") VALUES (271, 271, '2023-08-01T13:17:08.898115', '2023-05-27T07:52:36.964992');
INSERT INTO "PrescriptionDetail" ("id", "prescription_id", "medical_inventory_id", "quantity", "dosage_instructions", "created_at", "updated_at") VALUES (168, 271, 74, 7, '1 times daily after meals', '2023-01-22T01:54:29.892829', '2023-05-12T20:22:01.648313');
INSERT INTO "PrescriptionDetail" ("id", "prescription_id", "medical_inventory_id", "quantity", "dosage_instructions", "created_at", "updated_at") VALUES (169, 271, 134, 2, '1 times daily after meals', '2023-12-17T16:20:24.467108', '2023-02-06T06:27:24.469496');
INSERT INTO "PrescriptionDetail" ("id", "prescription_id", "medical_inventory_id", "quantity", "dosage_instructions", "created_at", "updated_at") VALUES (170, 271, 98, 3, '1 times daily after meals', '2023-07-05T14:26:57.419532', '2023-12-02T02:37:35.408929');
INSERT INTO "Payment" ("id", "service_note_id", "amount", "status", "payment_method", "created_at", "updated_at") VALUES (271, 271, 686.74, 'pending', 'debit_card', '2023-04-12T05:09:51.513060', '2023-08-05T02:41:18.653385');
INSERT INTO "Scheduling" ("id", "staff_id", "patient_id", "service_id", "date", "session", "status", "created_at", "updated_at") VALUES (272, 49, 179, 3, '2024-06-09', 'afternoon', 'scheduled', '2023-04-13T23:02:00.404813', '2023-10-05T00:47:41.924658');
INSERT INTO "Scheduling" ("id", "staff_id", "patient_id", "service_id", "date", "session", "status", "created_at", "updated_at") VALUES (273, 45, 328, 1, '2024-07-13', 'morning', 'completed', '2023-08-23T06:46:27.645051', '2023-08-09T22:13:13.996868');
INSERT INTO "MedicalRecord" ("id", "scheduling_id", "patient_id", "complaint", "medical_history", "physical_examination", "systolic", "diastolic", "heart_rate", "respiratory_rate", "temperature", "created_at", "updated_at") VALUES (273, 273, 328, 'Raise base professor direction meet. Term task somebody tell.', 'Popular eye scientist song. Nice popular live during however police south. Sort table like day most focus. Task go none talk lawyer.', 'Ten many up administration soldier inside. Five bring pick suffer job skill someone. Present station indeed anOTHER field everyone knowledge whole.', 118, 63, 99, 20, 37.3, '2023-05-12T00:44:37.898261', '2023-12-17T10:14:39.179203');
INSERT INTO "ServiceNote" ("id", "scheduling_id", "medical_record_id", "additional_notes", "created_at", "updated_at") VALUES (273, 273, 273, 'Example policy six reality there fly speech car. Year describe election trade value near.', '2023-06-21T05:35:48.088495', '2023-09-25T01:52:14.668365');
INSERT INTO "Prescription" ("id", "service_note_id", "created_at", "updated_at") VALUES (273, 273, '2023-02-17T14:09:13.688739', '2023-08-16T12:14:26.204123');
INSERT INTO "PrescriptionDetail" ("id", "prescription_id", "medical_inventory_id", "quantity", "dosage_instructions", "created_at", "updated_at") VALUES (171, 273, 144, 7, '1 times daily after meals', '2023-09-11T04:04:21.547975', '2023-02-22T00:27:53.106727');
INSERT INTO "PrescriptionDetail" ("id", "prescription_id", "medical_inventory_id", "quantity", "dosage_instructions", "created_at", "updated_at") VALUES (172, 273, 131, 5, '3 times daily after meals', '2023-05-22T14:56:45.330932', '2023-04-30T00:32:18.289997');
INSERT INTO "PrescriptionDetail" ("id", "prescription_id", "medical_inventory_id", "quantity", "dosage_instructions", "created_at", "updated_at") VALUES (173, 273, 13, 7, '2 times daily after meals', '2023-07-04T17:36:21.046577', '2023-07-22T11:55:28.671125');
INSERT INTO "Payment" ("id", "service_note_id", "amount", "status", "payment_method", "created_at", "updated_at") VALUES (273, 273, 445.74, 'cancelled', 'debit_card', '2023-01-22T21:49:50.531271', '2023-09-19T03:06:24.882491');
INSERT INTO "Scheduling" ("id", "staff_id", "patient_id", "service_id", "date", "session", "status", "created_at", "updated_at") VALUES (274, 36, 179, 4, '2024-05-12', 'morning', 'cancelled', '2023-07-31T12:12:57.780994', '2023-04-10T06:19:40.530506');
INSERT INTO "Scheduling" ("id", "staff_id", "patient_id", "service_id", "date", "session", "status", "created_at", "updated_at") VALUES (275, 50, 239, 10, '2024-08-20', 'morning', 'cancelled', '2023-12-08T13:45:12.370515', '2023-02-27T08:42:54.560817');
INSERT INTO "Scheduling" ("id", "staff_id", "patient_id", "service_id", "date", "session", "status", "created_at", "updated_at") VALUES (276, 48, 150, 5, '2024-09-30', 'morning', 'completed', '2023-11-17T19:55:53.168206', '2023-12-24T15:14:33.142205');
INSERT INTO "MedicalRecord" ("id", "scheduling_id", "patient_id", "complaint", "medical_history", "physical_examination", "systolic", "diastolic", "heart_rate", "respiratory_rate", "temperature", "created_at", "updated_at") VALUES (276, 276, 150, 'Doctor understand specific. All player sing itself themselves enough common. While sound experience reality animal whether owner huge.', 'Against student likely community parent general. Hold available interview live. Lose meeting decade long. Again as democratic.', 'Party brOTHER reason occur feel too always attention. My network year town. Itself ground give with president.
Step none town wonder yeah.', 101, 81, 64, 14, 37.4, '2023-10-25T03:08:47.262081', '2023-09-24T02:16:44.012162');
INSERT INTO "ServiceNote" ("id", "scheduling_id", "medical_record_id", "additional_notes", "created_at", "updated_at") VALUES (276, 276, 276, 'So raise bag law daughter avoid citizen. We form cup. Kitchen paper everyone success plant push.', '2023-06-24T18:23:19.794838', '2023-07-01T05:20:05.578063');
INSERT INTO "Prescription" ("id", "service_note_id", "created_at", "updated_at") VALUES (276, 276, '2023-07-15T23:14:18.734072', '2023-12-01T15:12:36.849282');
INSERT INTO "PrescriptionDetail" ("id", "prescription_id", "medical_inventory_id", "quantity", "dosage_instructions", "created_at", "updated_at") VALUES (174, 276, 132, 2, '2 times daily after meals', '2023-01-31T09:09:02.359999', '2023-04-18T05:18:41.892858');
INSERT INTO "PrescriptionDetail" ("id", "prescription_id", "medical_inventory_id", "quantity", "dosage_instructions", "created_at", "updated_at") VALUES (175, 276, 11, 7, '2 times daily after meals', '2023-06-11T07:02:24.242400', '2023-09-14T14:31:42.363441');
INSERT INTO "PrescriptionDetail" ("id", "prescription_id", "medical_inventory_id", "quantity", "dosage_instructions", "created_at", "updated_at") VALUES (176, 276, 143, 5, '1 times daily after meals', '2023-11-08T22:08:29.273059', '2023-03-02T04:54:02.319427');
INSERT INTO "Payment" ("id", "service_note_id", "amount", "status", "payment_method", "created_at", "updated_at") VALUES (276, 276, 202.88, 'pAID', 'cash', '2023-05-18T06:49:18.812547', '2023-08-14T20:03:57.596782');
INSERT INTO "Scheduling" ("id", "staff_id", "patient_id", "service_id", "date", "session", "status", "created_at", "updated_at") VALUES (277, 22, 130, 1, '2024-08-26', 'evening', 'scheduled', '2023-10-17T03:40:53.723418', '2023-04-25T02:42:05.518107');
INSERT INTO "Scheduling" ("id", "staff_id", "patient_id", "service_id", "date", "session", "status", "created_at", "updated_at") VALUES (278, 21, 205, 8, '2024-09-28', 'morning', 'cancelled', '2023-10-31T21:15:17.429271', '2023-04-13T12:55:06.422473');
INSERT INTO "Scheduling" ("id", "staff_id", "patient_id", "service_id", "date", "session", "status", "created_at", "updated_at") VALUES (279, 36, 213, 9, '2024-07-29', 'morning', 'scheduled', '2023-09-28T16:34:34.970173', '2023-06-26T22:22:05.730660');
INSERT INTO "Scheduling" ("id", "staff_id", "patient_id", "service_id", "date", "session", "status", "created_at", "updated_at") VALUES (280, 12, 309, 3, '2024-09-09', 'morning', 'completed', '2023-01-28T01:09:36.731365', '2023-07-07T00:29:30.256837');
INSERT INTO "MedicalRecord" ("id", "scheduling_id", "patient_id", "complaint", "medical_history", "physical_examination", "systolic", "diastolic", "heart_rate", "respiratory_rate", "temperature", "created_at", "updated_at") VALUES (280, 280, 309, 'Experience enough region. Least bill attorney.
Economic read lead write conference. Just type fact how song fish. Old have total product. Think rest memory.', 'Law door OTHER specific probably. Success themselves best thing. Not including baby sometimes necessary.
We quality end work. Back modern free suffer order unit.
Trip finish be wear.', 'Thus second two remain.
Particularly treat while spend image store. Loss over course thousand. Someone wonder manager machine join.
Either maybe through heavy first glass.', 124, 77, 85, 13, 36.5, '2023-11-17T06:01:11.599882', '2023-09-26T21:32:45.893104');
INSERT INTO "ServiceNote" ("id", "scheduling_id", "medical_record_id", "additional_notes", "created_at", "updated_at") VALUES (280, 280, 280, 'Since body break no still best area. Again away material size form treat among.
Man nature sure for anOTHER establish. Before federal worker second person.', '2023-03-24T17:57:37.562808', '2023-09-01T13:05:50.400971');
INSERT INTO "Prescription" ("id", "service_note_id", "created_at", "updated_at") VALUES (280, 280, '2023-08-28T11:38:32.927893', '2023-12-23T12:28:03.558190');
INSERT INTO "PrescriptionDetail" ("id", "prescription_id", "medical_inventory_id", "quantity", "dosage_instructions", "created_at", "updated_at") VALUES (177, 280, 85, 6, '2 times daily after meals', '2023-11-18T01:01:57.948756', '2023-05-30T11:56:12.061319');
INSERT INTO "Payment" ("id", "service_note_id", "amount", "status", "payment_method", "created_at", "updated_at") VALUES (280, 280, 328.9, 'cancelled', 'insurance', '2023-04-02T18:03:08.710468', '2023-08-13T17:48:53.016269');
INSERT INTO "Scheduling" ("id", "staff_id", "patient_id", "service_id", "date", "session", "status", "created_at", "updated_at") VALUES (281, 36, 109, 6, '2024-10-12', 'morning', 'completed', '2023-12-28T19:09:51.240645', '2023-01-16T15:39:04.747703');
INSERT INTO "MedicalRecord" ("id", "scheduling_id", "patient_id", "complaint", "medical_history", "physical_examination", "systolic", "diastolic", "heart_rate", "respiratory_rate", "temperature", "created_at", "updated_at") VALUES (281, 281, 109, 'Artist rise professor bring change. Knowledge him much.
Analysis movement top. International officer child use OTHER. Hot say raise fine building learn base.
Someone it bag.', 'Service federal ten else action play somebody. Gun laugh computer hair.', 'Something article democratic benefit address nice. Chance make probably. Sure themselves collection anOTHER.', 105, 88, 99, 15, 37.4, '2023-10-12T02:52:13.676042', '2023-03-30T14:56:52.494933');
INSERT INTO "ServiceNote" ("id", "scheduling_id", "medical_record_id", "additional_notes", "created_at", "updated_at") VALUES (281, 281, 281, 'Major unit speak peace concern their growth. Yes trial hit environmental partner next use. State town television marriage best.', '2023-07-25T03:18:22.810349', '2023-12-14T11:52:14.033310');
INSERT INTO "Prescription" ("id", "service_note_id", "created_at", "updated_at") VALUES (281, 281, '2023-10-03T08:30:01.190118', '2023-04-11T16:50:33.294770');
INSERT INTO "PrescriptionDetail" ("id", "prescription_id", "medical_inventory_id", "quantity", "dosage_instructions", "created_at", "updated_at") VALUES (178, 281, 83, 7, '1 times daily after meals', '2023-01-23T13:26:11.798914', '2023-09-13T08:51:10.547095');
INSERT INTO "PrescriptionDetail" ("id", "prescription_id", "medical_inventory_id", "quantity", "dosage_instructions", "created_at", "updated_at") VALUES (179, 281, 99, 5, '3 times daily after meals', '2023-04-24T23:56:31.300429', '2023-08-25T15:20:02.346391');
INSERT INTO "PrescriptionDetail" ("id", "prescription_id", "medical_inventory_id", "quantity", "dosage_instructions", "created_at", "updated_at") VALUES (180, 281, 73, 1, '3 times daily after meals', '2023-05-31T17:28:45.736162', '2023-09-16T01:07:39.757829');
INSERT INTO "Payment" ("id", "service_note_id", "amount", "status", "payment_method", "created_at", "updated_at") VALUES (281, 281, 831.0, 'pAID', 'insurance', '2023-08-10T18:08:56.429008', '2023-11-07T08:13:24.443684');
INSERT INTO "Scheduling" ("id", "staff_id", "patient_id", "service_id", "date", "session", "status", "created_at", "updated_at") VALUES (282, 32, 149, 6, '2024-05-10', 'afternoon', 'cancelled', '2023-08-17T20:27:46.343202', '2023-11-20T01:56:06.019033');
INSERT INTO "Scheduling" ("id", "staff_id", "patient_id", "service_id", "date", "session", "status", "created_at", "updated_at") VALUES (283, 6, 326, 9, '2024-05-23', 'morning', 'scheduled', '2023-05-20T16:59:26.833585', '2023-07-25T17:52:14.373134');
INSERT INTO "Scheduling" ("id", "staff_id", "patient_id", "service_id", "date", "session", "status", "created_at", "updated_at") VALUES (284, 41, 160, 7, '2024-05-15', 'morning', 'scheduled', '2023-11-06T01:54:44.699700', '2023-03-31T04:06:41.740318');
INSERT INTO "Scheduling" ("id", "staff_id", "patient_id", "service_id", "date", "session", "status", "created_at", "updated_at") VALUES (285, 14, 273, 2, '2024-09-13', 'evening', 'cancelled', '2023-05-16T18:12:17.430928', '2023-10-18T00:51:50.247904');
INSERT INTO "Scheduling" ("id", "staff_id", "patient_id", "service_id", "date", "session", "status", "created_at", "updated_at") VALUES (286, 44, 286, 6, '2024-06-07', 'morning', 'scheduled', '2023-04-14T14:30:35.764072', '2023-06-20T03:53:32.003417');
INSERT INTO "Scheduling" ("id", "staff_id", "patient_id", "service_id", "date", "session", "status", "created_at", "updated_at") VALUES (287, 6, 142, 5, '2024-05-17', 'morning', 'cancelled', '2023-08-11T06:12:40.734442', '2023-01-19T13:00:07.375842');
INSERT INTO "Scheduling" ("id", "staff_id", "patient_id", "service_id", "date", "session", "status", "created_at", "updated_at") VALUES (288, 5, 183, 7, '2024-09-23', 'morning', 'completed', '2023-10-30T05:52:00.305662', '2023-04-25T14:48:02.982521');
INSERT INTO "MedicalRecord" ("id", "scheduling_id", "patient_id", "complaint", "medical_history", "physical_examination", "systolic", "diastolic", "heart_rate", "respiratory_rate", "temperature", "created_at", "updated_at") VALUES (288, 288, 183, 'Around like call pressure officer. Support international happy young. Rate should fly.', 'Really while guess floor have argue.
Church life begin just member public. Add guess decade tend second build.
Because agency security start big. Whose view about. Place among ever within attack.', 'Include in animal ball feeling spend.
Local particular father beautiful population. Write attorney develop involve official thank issue.', 118, 80, 85, 18, 36.5, '2023-02-09T15:01:34.850728', '2023-04-17T20:25:11.123207');
INSERT INTO "ServiceNote" ("id", "scheduling_id", "medical_record_id", "additional_notes", "created_at", "updated_at") VALUES (288, 288, 288, 'Move pay often theory. Dream purpose anOTHER cup example.
Spend reality modern serve billion. Hit shoulder food particular research child administration.
Sing early strong.', '2023-11-03T21:37:45.398410', '2023-10-09T23:09:44.172729');
INSERT INTO "Prescription" ("id", "service_note_id", "created_at", "updated_at") VALUES (288, 288, '2023-12-22T07:13:16.423284', '2023-02-23T14:14:08.118731');
INSERT INTO "PrescriptionDetail" ("id", "prescription_id", "medical_inventory_id", "quantity", "dosage_instructions", "created_at", "updated_at") VALUES (181, 288, 31, 9, '1 times daily after meals', '2023-03-11T03:01:47.812820', '2023-11-08T00:25:39.750867');
INSERT INTO "PrescriptionDetail" ("id", "prescription_id", "medical_inventory_id", "quantity", "dosage_instructions", "created_at", "updated_at") VALUES (182, 288, 17, 10, '1 times daily after meals', '2023-07-25T09:12:10.648917', '2023-01-11T18:05:02.119294');
INSERT INTO "Payment" ("id", "service_note_id", "amount", "status", "payment_method", "created_at", "updated_at") VALUES (288, 288, 715.84, 'pending', 'debit_card', '2023-08-10T13:39:14.466780', '2023-12-28T12:20:14.149379');
INSERT INTO "Scheduling" ("id", "staff_id", "patient_id", "service_id", "date", "session", "status", "created_at", "updated_at") VALUES (289, 33, 205, 10, '2024-05-26', 'afternoon', 'scheduled', '2023-07-17T06:58:37.656900', '2023-04-18T05:40:01.841106');
INSERT INTO "Scheduling" ("id", "staff_id", "patient_id", "service_id", "date", "session", "status", "created_at", "updated_at") VALUES (290, 19, 253, 1, '2024-08-19', 'afternoon', 'completed', '2023-07-01T23:52:13.953740', '2023-08-18T15:34:59.110222');
INSERT INTO "MedicalRecord" ("id", "scheduling_id", "patient_id", "complaint", "medical_history", "physical_examination", "systolic", "diastolic", "heart_rate", "respiratory_rate", "temperature", "created_at", "updated_at") VALUES (290, 290, 253, 'Between realize how bit nor produce. Style identify month world community power. These name off action.
Table mean traditional as trade main. Find tend hard. Public help me age national avoid last.', 'Either most lay of want. Today move court indicate somebody. Help reality trouble play hit consumer describe.', 'Model two politics free two drop. Camera same themselves month.
Year bag skill floor music.
Place keep research exist cold. Subject protect hold case.', 100, 77, 74, 14, 37.1, '2023-11-30T05:46:37.128124', '2023-04-03T02:47:23.767989');
INSERT INTO "ServiceNote" ("id", "scheduling_id", "medical_record_id", "additional_notes", "created_at", "updated_at") VALUES (290, 290, 290, 'Forward large image history.
Pass magazine production successful garden by total professional. Change free small I company.', '2023-03-24T20:52:40.641355', '2023-03-01T13:33:59.356602');
INSERT INTO "Prescription" ("id", "service_note_id", "created_at", "updated_at") VALUES (290, 290, '2023-09-19T02:04:05.257154', '2023-12-04T17:24:16.533663');
INSERT INTO "PrescriptionDetail" ("id", "prescription_id", "medical_inventory_id", "quantity", "dosage_instructions", "created_at", "updated_at") VALUES (183, 290, 76, 3, '2 times daily after meals', '2023-07-22T18:48:37.830694', '2023-09-02T05:09:14.260040');
INSERT INTO "PrescriptionDetail" ("id", "prescription_id", "medical_inventory_id", "quantity", "dosage_instructions", "created_at", "updated_at") VALUES (184, 290, 96, 1, '3 times daily after meals', '2023-07-11T07:46:00.442560', '2023-12-27T00:05:50.381119');
INSERT INTO "PrescriptionDetail" ("id", "prescription_id", "medical_inventory_id", "quantity", "dosage_instructions", "created_at", "updated_at") VALUES (185, 290, 143, 3, '1 times daily after meals', '2023-08-13T06:40:11.295470', '2023-10-20T11:14:35.534296');
INSERT INTO "Payment" ("id", "service_note_id", "amount", "status", "payment_method", "created_at", "updated_at") VALUES (290, 290, 89.68, 'cancelled', 'insurance', '2023-10-31T16:35:08.124820', '2023-08-31T13:44:53.874196');
INSERT INTO "Scheduling" ("id", "staff_id", "patient_id", "service_id", "date", "session", "status", "created_at", "updated_at") VALUES (291, 35, 207, 4, '2024-09-16', 'morning', 'cancelled', '2023-08-09T12:28:10.058830', '2023-05-23T01:27:35.283131');
INSERT INTO "Scheduling" ("id", "staff_id", "patient_id", "service_id", "date", "session", "status", "created_at", "updated_at") VALUES (292, 48, 262, 9, '2024-07-26', 'morning', 'scheduled', '2023-02-26T11:15:43.097971', '2023-08-24T11:18:36.865448');
INSERT INTO "Scheduling" ("id", "staff_id", "patient_id", "service_id", "date", "session", "status", "created_at", "updated_at") VALUES (293, 11, 180, 4, '2024-06-15', 'morning', 'scheduled', '2023-04-03T01:11:52.244112', '2023-08-25T07:15:59.076208');
INSERT INTO "Scheduling" ("id", "staff_id", "patient_id", "service_id", "date", "session", "status", "created_at", "updated_at") VALUES (294, 12, 78, 9, '2024-10-17', 'evening', 'completed', '2023-09-27T05:30:03.955083', '2023-03-09T23:09:02.637661');
INSERT INTO "MedicalRecord" ("id", "scheduling_id", "patient_id", "complaint", "medical_history", "physical_examination", "systolic", "diastolic", "heart_rate", "respiratory_rate", "temperature", "created_at", "updated_at") VALUES (294, 294, 78, 'Work art growth health environmental never. Trial customer prepare bad figure sign claim. Loss phone about human.
Chance into technology talk.
Son away painting already trade base anOTHER blood.', 'Treat fire start. Future push number value.
Argue similar cup board yeah. Start too now black see arrive. Quickly identify traditional ten sport behavior protect.', 'Several including cell issue rate. Article floor court material make sure. Bank in church hear.', 131, 77, 64, 16, 37.0, '2023-01-19T02:28:30.029689', '2023-11-10T20:27:07.384202');
INSERT INTO "ServiceNote" ("id", "scheduling_id", "medical_record_id", "additional_notes", "created_at", "updated_at") VALUES (294, 294, 294, 'Rock after probably phone you. Where leader evidence poor expert direction response certainly. Generation lead investment try material.
Far task line. Can player share rest trial lose skin.', '2023-08-20T12:34:27.894651', '2023-02-17T17:35:26.509433');
INSERT INTO "Prescription" ("id", "service_note_id", "created_at", "updated_at") VALUES (294, 294, '2023-02-16T20:07:11.021336', '2023-02-16T02:23:30.572144');
INSERT INTO "PrescriptionDetail" ("id", "prescription_id", "medical_inventory_id", "quantity", "dosage_instructions", "created_at", "updated_at") VALUES (186, 294, 26, 4, '3 times daily after meals', '2023-05-10T09:36:43.738217', '2023-05-07T21:50:16.003010');
INSERT INTO "PrescriptionDetail" ("id", "prescription_id", "medical_inventory_id", "quantity", "dosage_instructions", "created_at", "updated_at") VALUES (187, 294, 149, 8, '2 times daily after meals', '2023-08-09T00:25:26.026095', '2023-12-19T22:31:06.228268');
INSERT INTO "Payment" ("id", "service_note_id", "amount", "status", "payment_method", "created_at", "updated_at") VALUES (294, 294, 389.28, 'cancelled', 'credit_card', '2023-01-19T07:31:53.512914', '2023-12-01T19:12:36.907016');
INSERT INTO "Scheduling" ("id", "staff_id", "patient_id", "service_id", "date", "session", "status", "created_at", "updated_at") VALUES (295, 7, 86, 4, '2024-07-10', 'evening', 'completed', '2023-10-07T00:11:22.344637', '2023-04-14T10:38:48.824150');
INSERT INTO "MedicalRecord" ("id", "scheduling_id", "patient_id", "complaint", "medical_history", "physical_examination", "systolic", "diastolic", "heart_rate", "respiratory_rate", "temperature", "created_at", "updated_at") VALUES (295, 295, 86, 'Ability poor light of. Gun support more end. Question go her which practice. Expert try every respond level.
Sign increase present author safe opportunity particular.', 'Pm some consumer final. Behind process bad eight.
Measure design less will appear around talk. Agent he population after I candidate. Control identify use research them.', 'Material professional clear wife course open itself. Home south specific feel everyone. Term southern nation different. Trial laugh responsibility notice month hundred chair.', 121, 74, 81, 16, 37.0, '2023-11-17T06:26:47.543010', '2023-08-13T07:39:14.812226');
INSERT INTO "ServiceNote" ("id", "scheduling_id", "medical_record_id", "additional_notes", "created_at", "updated_at") VALUES (295, 295, 295, 'Teacher here piece central. Soon skill commercial. Interest production side ground staff miss trip.', '2023-06-20T05:30:47.863483', '2023-07-29T11:58:03.380620');
INSERT INTO "Prescription" ("id", "service_note_id", "created_at", "updated_at") VALUES (295, 295, '2023-10-29T09:52:08.917958', '2023-03-03T01:35:37.122804');
INSERT INTO "PrescriptionDetail" ("id", "prescription_id", "medical_inventory_id", "quantity", "dosage_instructions", "created_at", "updated_at") VALUES (188, 295, 145, 10, '2 times daily after meals', '2023-11-14T00:59:46.223890', '2023-12-14T17:24:17.715744');
INSERT INTO "Payment" ("id", "service_note_id", "amount", "status", "payment_method", "created_at", "updated_at") VALUES (295, 295, 817.31, 'pAID', 'credit_card', '2023-04-15T11:05:47.055031', '2023-11-03T16:27:57.727842');
INSERT INTO "Scheduling" ("id", "staff_id", "patient_id", "service_id", "date", "session", "status", "created_at", "updated_at") VALUES (296, 1, 164, 7, '2024-07-18', 'morning', 'completed', '2023-05-21T01:36:45.855127', '2023-03-10T04:18:29.654214');
INSERT INTO "MedicalRecord" ("id", "scheduling_id", "patient_id", "complaint", "medical_history", "physical_examination", "systolic", "diastolic", "heart_rate", "respiratory_rate", "temperature", "created_at", "updated_at") VALUES (296, 296, 164, 'Put little create baby think clear employee. Much care prevent know land. Run financial prepare economy participant.', 'Land professor such late type program increase. Accept know fly body must glass.
Visit bed most. Candidate affect great black everyone score increase.', 'Law reason left information politics show. Guy leader court cause poor look. Base around able mind pass.
During partner father their set. Bring reflect PM tell.', 113, 64, 81, 19, 36.7, '2023-03-02T00:42:05.529630', '2023-08-06T02:14:46.829297');
INSERT INTO "ServiceNote" ("id", "scheduling_id", "medical_record_id", "additional_notes", "created_at", "updated_at") VALUES (296, 296, 296, 'Audience through individual official artist offer power. Goal argue born success. Huge however approach item thank around.', '2023-07-06T02:28:13.796354', '2023-01-07T16:43:57.566826');
INSERT INTO "Prescription" ("id", "service_note_id", "created_at", "updated_at") VALUES (296, 296, '2023-09-01T17:01:37.861586', '2023-06-28T09:24:30.782411');
INSERT INTO "PrescriptionDetail" ("id", "prescription_id", "medical_inventory_id", "quantity", "dosage_instructions", "created_at", "updated_at") VALUES (189, 296, 79, 8, '3 times daily after meals', '2023-07-08T05:10:40.724283', '2023-09-17T05:20:21.035152');
INSERT INTO "PrescriptionDetail" ("id", "prescription_id", "medical_inventory_id", "quantity", "dosage_instructions", "created_at", "updated_at") VALUES (190, 296, 28, 3, '3 times daily after meals', '2023-06-14T15:27:18.579870', '2023-07-24T23:59:09.863883');
INSERT INTO "Payment" ("id", "service_note_id", "amount", "status", "payment_method", "created_at", "updated_at") VALUES (296, 296, 626.3, 'pAID', 'credit_card', '2023-07-05T01:44:13.435501', '2023-07-03T17:27:02.501969');
INSERT INTO "Scheduling" ("id", "staff_id", "patient_id", "service_id", "date", "session", "status", "created_at", "updated_at") VALUES (297, 35, 90, 2, '2024-06-18', 'afternoon', 'scheduled', '2023-04-04T04:06:42.963330', '2023-03-20T21:55:54.486713');
INSERT INTO "Scheduling" ("id", "staff_id", "patient_id", "service_id", "date", "session", "status", "created_at", "updated_at") VALUES (298, 33, 348, 10, '2024-10-07', 'morning', 'completed', '2023-05-07T18:00:41.084344', '2023-05-27T18:56:53.602554');
INSERT INTO "MedicalRecord" ("id", "scheduling_id", "patient_id", "complaint", "medical_history", "physical_examination", "systolic", "diastolic", "heart_rate", "respiratory_rate", "temperature", "created_at", "updated_at") VALUES (298, 298, 348, 'Mrs issue computer worry turn cost. Activity single along require ask. Either sport opportunity great break yes.', 'Politics strategy specific budget drive bag society argue. Prove cold special describe black.', 'Forget painting development effort. Manager north behavior tend. With performance rate its success OTHERs again may.
Policy step mission. Final ball to interview reveal. Bill service range structure.', 139, 78, 73, 12, 36.8, '2023-07-21T18:59:13.246244', '2023-04-12T23:13:14.222009');
INSERT INTO "ServiceNote" ("id", "scheduling_id", "medical_record_id", "additional_notes", "created_at", "updated_at") VALUES (298, 298, 298, 'Perhaps look Republican operation reduce.
Expect according discover culture. Ask skill ten begin girl next. Concern charge financial field upon information.', '2023-04-06T11:57:17.578733', '2023-08-15T16:27:40.810065');
INSERT INTO "Prescription" ("id", "service_note_id", "created_at", "updated_at") VALUES (298, 298, '2023-02-18T17:41:22.400703', '2023-02-22T18:02:52.172891');
INSERT INTO "PrescriptionDetail" ("id", "prescription_id", "medical_inventory_id", "quantity", "dosage_instructions", "created_at", "updated_at") VALUES (191, 298, 139, 8, '3 times daily after meals', '2023-12-01T15:23:28.050104', '2023-06-27T00:33:09.312783');
INSERT INTO "PrescriptionDetail" ("id", "prescription_id", "medical_inventory_id", "quantity", "dosage_instructions", "created_at", "updated_at") VALUES (192, 298, 39, 6, '2 times daily after meals', '2023-10-04T13:32:08.117974', '2023-01-20T23:18:04.620181');
INSERT INTO "PrescriptionDetail" ("id", "prescription_id", "medical_inventory_id", "quantity", "dosage_instructions", "created_at", "updated_at") VALUES (193, 298, 58, 10, '3 times daily after meals', '2023-04-30T03:56:16.685363', '2023-04-22T08:43:33.206412');
INSERT INTO "Payment" ("id", "service_note_id", "amount", "status", "payment_method", "created_at", "updated_at") VALUES (298, 298, 864.31, 'pending', 'insurance', '2023-09-05T03:41:05.839429', '2023-06-03T20:13:15.069563');
INSERT INTO "Scheduling" ("id", "staff_id", "patient_id", "service_id", "date", "session", "status", "created_at", "updated_at") VALUES (299, 33, 254, 6, '2024-09-06', 'morning', 'cancelled', '2023-03-04T17:14:32.624385', '2023-08-13T14:07:26.427582');
INSERT INTO "Scheduling" ("id", "staff_id", "patient_id", "service_id", "date", "session", "status", "created_at", "updated_at") VALUES (300, 1, 135, 9, '2024-10-15', 'morning', 'scheduled', '2023-09-28T15:32:21.595223', '2023-09-27T20:49:34.064435');
INSERT INTO "Scheduling" ("id", "staff_id", "patient_id", "service_id", "date", "session", "status", "created_at", "updated_at") VALUES (301, 29, 340, 10, '2024-06-08', 'morning', 'cancelled', '2023-04-07T01:35:57.911561', '2023-09-10T15:52:26.062057');
INSERT INTO "Scheduling" ("id", "staff_id", "patient_id", "service_id", "date", "session", "status", "created_at", "updated_at") VALUES (302, 10, 71, 4, '2024-08-30', 'afternoon', 'completed', '2023-04-04T05:00:35.555303', '2023-10-14T18:34:07.557714');
INSERT INTO "MedicalRecord" ("id", "scheduling_id", "patient_id", "complaint", "medical_history", "physical_examination", "systolic", "diastolic", "heart_rate", "respiratory_rate", "temperature", "created_at", "updated_at") VALUES (302, 302, 71, 'Mission above building possible fund. Own single public have wind decision.
Work south eat town daughter gun. Serve particular drug leg today staff change. Chair doctor recognize benefit daughter.', 'Among teach must mind cost. Miss security office test see age. Theory church policy than weight rich. Affect art goal card put individual.
Will year health after. Have sure player last.', 'Understand serious surface nation recent instead save. Door keep operation Mr. Modern technology real.', 104, 62, 76, 17, 36.4, '2023-04-09T05:13:41.025602', '2023-04-15T21:15:41.319480');
INSERT INTO "ServiceNote" ("id", "scheduling_id", "medical_record_id", "additional_notes", "created_at", "updated_at") VALUES (302, 302, 302, 'Phone unit choice college. Must theory day.
Story put son capital not safe. Decide arm avoid question.', '2023-05-18T11:41:45.968584', '2023-04-22T10:20:31.280250');
INSERT INTO "Prescription" ("id", "service_note_id", "created_at", "updated_at") VALUES (302, 302, '2023-03-09T12:53:13.985940', '2023-07-04T11:49:22.495908');
INSERT INTO "PrescriptionDetail" ("id", "prescription_id", "medical_inventory_id", "quantity", "dosage_instructions", "created_at", "updated_at") VALUES (194, 302, 53, 9, '2 times daily after meals', '2023-09-13T04:47:51.303664', '2023-10-17T09:03:17.691304');
INSERT INTO "PrescriptionDetail" ("id", "prescription_id", "medical_inventory_id", "quantity", "dosage_instructions", "created_at", "updated_at") VALUES (195, 302, 100, 8, '2 times daily after meals', '2023-02-08T12:21:24.273266', '2023-01-21T19:59:14.023944');
INSERT INTO "PrescriptionDetail" ("id", "prescription_id", "medical_inventory_id", "quantity", "dosage_instructions", "created_at", "updated_at") VALUES (196, 302, 12, 1, '3 times daily after meals', '2023-06-03T10:18:17.258409', '2023-03-11T09:31:33.606156');
INSERT INTO "Payment" ("id", "service_note_id", "amount", "status", "payment_method", "created_at", "updated_at") VALUES (302, 302, 357.87, 'cancelled', 'debit_card', '2023-01-05T12:54:37.698349', '2023-05-18T02:00:43.368865');
INSERT INTO "Scheduling" ("id", "staff_id", "patient_id", "service_id", "date", "session", "status", "created_at", "updated_at") VALUES (303, 48, 329, 10, '2024-07-05', 'evening', 'scheduled', '2023-05-02T05:34:04.009623', '2023-12-14T01:27:52.624331');
INSERT INTO "Scheduling" ("id", "staff_id", "patient_id", "service_id", "date", "session", "status", "created_at", "updated_at") VALUES (304, 25, 238, 10, '2024-10-13', 'afternoon', 'cancelled', '2023-10-03T00:56:00.438258', '2023-11-29T07:13:49.162306');
INSERT INTO "Scheduling" ("id", "staff_id", "patient_id", "service_id", "date", "session", "status", "created_at", "updated_at") VALUES (305, 5, 243, 4, '2024-09-08', 'afternoon', 'cancelled', '2023-04-26T00:23:16.557181', '2023-01-13T13:56:00.740464');
INSERT INTO "Scheduling" ("id", "staff_id", "patient_id", "service_id", "date", "session", "status", "created_at", "updated_at") VALUES (306, 26, 300, 8, '2024-07-28', 'afternoon', 'cancelled', '2023-07-31T13:58:45.072938', '2023-08-12T07:32:41.038904');
INSERT INTO "Scheduling" ("id", "staff_id", "patient_id", "service_id", "date", "session", "status", "created_at", "updated_at") VALUES (307, 1, 276, 3, '2024-09-04', 'morning', 'scheduled', '2023-01-27T16:30:27.574196', '2023-03-19T23:45:09.499840');
INSERT INTO "Scheduling" ("id", "staff_id", "patient_id", "service_id", "date", "session", "status", "created_at", "updated_at") VALUES (308, 5, 194, 4, '2024-09-07', 'evening', 'scheduled', '2023-03-03T04:37:12.627322', '2023-07-12T10:42:21.836477');
INSERT INTO "Scheduling" ("id", "staff_id", "patient_id", "service_id", "date", "session", "status", "created_at", "updated_at") VALUES (309, 12, 111, 4, '2024-06-08', 'afternoon', 'completed', '2023-08-12T15:51:13.175529', '2023-09-03T17:46:44.231631');
INSERT INTO "MedicalRecord" ("id", "scheduling_id", "patient_id", "complaint", "medical_history", "physical_examination", "systolic", "diastolic", "heart_rate", "respiratory_rate", "temperature", "created_at", "updated_at") VALUES (309, 309, 111, 'Threat service million himself all attention this.
Between OTHER company where region agent sister.', 'Song do throughout recognize. Side work now. Forget side mention skin computer new news.
Specific summer line leg.', 'Moment necessary their mouth particularly coach. Despite tax break general tend cold. Become thousand bill offer different various.
Least probably Congress food.', 111, 83, 67, 19, 37.0, '2023-07-23T20:22:51.323201', '2023-11-05T09:36:56.075279');
INSERT INTO "ServiceNote" ("id", "scheduling_id", "medical_record_id", "additional_notes", "created_at", "updated_at") VALUES (309, 309, 309, 'Above tend sense hold hold. Staff along let central make. Plan executive any. What according save to ready thought go.
Gun born I could car. Along successful office help.', '2023-12-07T01:24:45.659791', '2023-10-31T21:43:58.537302');
INSERT INTO "Prescription" ("id", "service_note_id", "created_at", "updated_at") VALUES (309, 309, '2023-10-29T00:55:16.341126', '2023-02-24T12:54:43.986084');
INSERT INTO "PrescriptionDetail" ("id", "prescription_id", "medical_inventory_id", "quantity", "dosage_instructions", "created_at", "updated_at") VALUES (197, 309, 54, 10, '1 times daily after meals', '2023-12-22T01:39:14.061155', '2023-06-23T21:42:04.712677');
INSERT INTO "PrescriptionDetail" ("id", "prescription_id", "medical_inventory_id", "quantity", "dosage_instructions", "created_at", "updated_at") VALUES (198, 309, 106, 1, '1 times daily after meals', '2023-02-03T23:37:22.337121', '2023-11-03T15:52:56.227300');
INSERT INTO "Payment" ("id", "service_note_id", "amount", "status", "payment_method", "created_at", "updated_at") VALUES (309, 309, 90.99, 'cancelled', 'credit_card', '2023-05-04T00:29:09.853256', '2023-08-18T23:06:34.444984');
INSERT INTO "Scheduling" ("id", "staff_id", "patient_id", "service_id", "date", "session", "status", "created_at", "updated_at") VALUES (310, 9, 71, 10, '2024-10-07', 'evening', 'scheduled', '2023-06-02T17:41:20.091700', '2023-05-03T19:49:23.484943');
INSERT INTO "Scheduling" ("id", "staff_id", "patient_id", "service_id", "date", "session", "status", "created_at", "updated_at") VALUES (311, 4, 143, 9, '2024-06-10', 'afternoon', 'completed', '2023-03-28T02:04:32.083133', '2023-01-19T03:49:09.023741');
INSERT INTO "MedicalRecord" ("id", "scheduling_id", "patient_id", "complaint", "medical_history", "physical_examination", "systolic", "diastolic", "heart_rate", "respiratory_rate", "temperature", "created_at", "updated_at") VALUES (311, 311, 143, 'Produce military well lose customer. Big floor mean reflect agree need bill center. Maintain analysis require issue drop building.', 'Degree able heart girl.
Natural page image administration order surface she. Lead gas try. Understand hope tough list great again husband those. Product purpose traditional physical.', 'Ball air dinner situation fund expect heavy. Because factor central white team. Boy trade very visit front ask fast.', 128, 78, 100, 12, 37.3, '2023-04-07T03:19:15.502309', '2023-06-06T17:46:34.115538');
INSERT INTO "ServiceNote" ("id", "scheduling_id", "medical_record_id", "additional_notes", "created_at", "updated_at") VALUES (311, 311, 311, 'Among structure industry keep both arrive. Actually community college follow trouble produce.
Effort behavior instead yes national. Get unit man entire all home within.', '2023-05-21T16:08:46.789999', '2023-09-20T09:22:07.150670');
INSERT INTO "Prescription" ("id", "service_note_id", "created_at", "updated_at") VALUES (311, 311, '2023-11-01T13:34:08.757321', '2023-12-30T23:45:08.298889');
INSERT INTO "PrescriptionDetail" ("id", "prescription_id", "medical_inventory_id", "quantity", "dosage_instructions", "created_at", "updated_at") VALUES (199, 311, 73, 2, '1 times daily after meals', '2023-05-17T20:56:34.855129', '2023-06-18T17:27:11.811776');
INSERT INTO "PrescriptionDetail" ("id", "prescription_id", "medical_inventory_id", "quantity", "dosage_instructions", "created_at", "updated_at") VALUES (200, 311, 115, 10, '2 times daily after meals', '2023-10-25T05:46:45.504009', '2023-05-20T04:46:23.252586');
INSERT INTO "PrescriptionDetail" ("id", "prescription_id", "medical_inventory_id", "quantity", "dosage_instructions", "created_at", "updated_at") VALUES (201, 311, 124, 3, '1 times daily after meals', '2023-05-01T10:41:19.727053', '2023-01-18T09:02:07.802356');
INSERT INTO "Payment" ("id", "service_note_id", "amount", "status", "payment_method", "created_at", "updated_at") VALUES (311, 311, 838.85, 'cancelled', 'credit_card', '2023-04-06T04:19:08.351631', '2023-05-09T11:44:03.100970');
INSERT INTO "Scheduling" ("id", "staff_id", "patient_id", "service_id", "date", "session", "status", "created_at", "updated_at") VALUES (312, 38, 312, 5, '2024-06-14', 'evening', 'scheduled', '2023-09-29T01:30:52.978801', '2023-01-29T07:17:49.374087');
INSERT INTO "Scheduling" ("id", "staff_id", "patient_id", "service_id", "date", "session", "status", "created_at", "updated_at") VALUES (313, 47, 283, 10, '2024-10-21', 'afternoon', 'cancelled', '2023-11-12T13:30:38.999452', '2023-11-19T09:28:00.786615');
INSERT INTO "Scheduling" ("id", "staff_id", "patient_id", "service_id", "date", "session", "status", "created_at", "updated_at") VALUES (314, 5, 248, 3, '2024-06-26', 'afternoon', 'scheduled', '2023-04-22T06:37:09.370296', '2023-10-17T02:57:20.752905');
INSERT INTO "Scheduling" ("id", "staff_id", "patient_id", "service_id", "date", "session", "status", "created_at", "updated_at") VALUES (315, 2, 309, 7, '2024-06-19', 'evening', 'scheduled', '2023-10-29T10:55:46.489132', '2023-07-28T18:54:16.663887');
INSERT INTO "Scheduling" ("id", "staff_id", "patient_id", "service_id", "date", "session", "status", "created_at", "updated_at") VALUES (316, 39, 294, 10, '2024-05-23', 'morning', 'cancelled', '2023-07-25T13:57:53.734802', '2023-05-10T15:36:26.740124');
INSERT INTO "Scheduling" ("id", "staff_id", "patient_id", "service_id", "date", "session", "status", "created_at", "updated_at") VALUES (317, 3, 111, 2, '2024-09-12', 'evening', 'completed', '2023-11-18T08:01:34.887768', '2023-11-17T13:11:02.834679');
INSERT INTO "MedicalRecord" ("id", "scheduling_id", "patient_id", "complaint", "medical_history", "physical_examination", "systolic", "diastolic", "heart_rate", "respiratory_rate", "temperature", "created_at", "updated_at") VALUES (317, 317, 111, 'Method build certain general. Share blood draw put check raise. Action control understand than. Seven front north Mr who technology none.', 'Or receive that ok position same. Actually majority big leader own within. Will service give religious agency.', 'Despite white way major amount put play. Number write for if.
Under enter rate final. Throughout however prepare. Change officer medical his receive.', 132, 64, 98, 20, 37.2, '2023-06-10T16:23:23.966343', '2023-09-23T07:33:02.698871');
INSERT INTO "ServiceNote" ("id", "scheduling_id", "medical_record_id", "additional_notes", "created_at", "updated_at") VALUES (317, 317, 317, 'Economic and design away yet cover avoid. Teacher loss budget join no increase.
Science expert high to. Knowledge effort much.', '2023-07-06T07:34:19.229043', '2023-04-29T23:03:48.630415');
INSERT INTO "Prescription" ("id", "service_note_id", "created_at", "updated_at") VALUES (317, 317, '2023-03-06T02:36:51.373131', '2023-05-27T11:34:18.894685');
INSERT INTO "PrescriptionDetail" ("id", "prescription_id", "medical_inventory_id", "quantity", "dosage_instructions", "created_at", "updated_at") VALUES (202, 317, 111, 9, '2 times daily after meals', '2023-06-22T07:47:08.824933', '2023-09-22T07:40:13.463809');
INSERT INTO "PrescriptionDetail" ("id", "prescription_id", "medical_inventory_id", "quantity", "dosage_instructions", "created_at", "updated_at") VALUES (203, 317, 95, 1, '3 times daily after meals', '2023-01-06T00:30:22.157110', '2023-11-13T00:23:40.130251');
INSERT INTO "PrescriptionDetail" ("id", "prescription_id", "medical_inventory_id", "quantity", "dosage_instructions", "created_at", "updated_at") VALUES (204, 317, 136, 7, '1 times daily after meals', '2023-07-10T06:09:34.595627', '2023-08-09T00:11:57.348269');
INSERT INTO "Payment" ("id", "service_note_id", "amount", "status", "payment_method", "created_at", "updated_at") VALUES (317, 317, 941.5, 'pAID', 'insurance', '2023-03-23T09:18:32.074609', '2023-03-12T17:47:29.946539');
INSERT INTO "Scheduling" ("id", "staff_id", "patient_id", "service_id", "date", "session", "status", "created_at", "updated_at") VALUES (318, 23, 345, 2, '2024-09-26', 'evening', 'completed', '2023-02-15T08:17:27.236892', '2023-07-19T02:39:38.745462');
INSERT INTO "MedicalRecord" ("id", "scheduling_id", "patient_id", "complaint", "medical_history", "physical_examination", "systolic", "diastolic", "heart_rate", "respiratory_rate", "temperature", "created_at", "updated_at") VALUES (318, 318, 345, 'Medical yet bit health item mind whose. Today meet per seem provide. Expect I resource new site.
Level energy help until. Leader shake its cut energy crime behavior. Couple treat several operation.', 'Rise culture real imagine. Data doctor road power. Player special sit billion. Hair together process control.', 'Because lose avoid most protect know plant own. Forget plant development series around news choice.
Position might event occur economic first still. Operation rock drug whom company just.', 98, 68, 90, 15, 37.4, '2023-11-05T22:46:51.077840', '2023-07-24T08:02:19.043358');
INSERT INTO "ServiceNote" ("id", "scheduling_id", "medical_record_id", "additional_notes", "created_at", "updated_at") VALUES (318, 318, 318, 'Far black worker tell also.
Serious campaign nature film form. Degree large position news. Look determine song something.', '2023-12-15T17:27:34.628859', '2023-06-01T03:15:40.981127');
INSERT INTO "Prescription" ("id", "service_note_id", "created_at", "updated_at") VALUES (318, 318, '2023-12-06T01:29:28.983693', '2023-03-30T16:49:04.607505');
INSERT INTO "PrescriptionDetail" ("id", "prescription_id", "medical_inventory_id", "quantity", "dosage_instructions", "created_at", "updated_at") VALUES (205, 318, 73, 10, '3 times daily after meals', '2023-03-31T18:12:38.956014', '2023-09-27T20:19:22.662304');
INSERT INTO "Payment" ("id", "service_note_id", "amount", "status", "payment_method", "created_at", "updated_at") VALUES (318, 318, 438.21, 'pending', 'cash', '2023-10-31T03:16:15.103936', '2023-06-01T14:25:10.869222');
INSERT INTO "Scheduling" ("id", "staff_id", "patient_id", "service_id", "date", "session", "status", "created_at", "updated_at") VALUES (319, 46, 318, 2, '2024-04-30', 'evening', 'cancelled', '2023-02-01T04:00:00.051834', '2023-11-10T06:29:28.659324');
INSERT INTO "Scheduling" ("id", "staff_id", "patient_id", "service_id", "date", "session", "status", "created_at", "updated_at") VALUES (320, 1, 156, 6, '2024-08-03', 'evening', 'completed', '2023-04-10T03:19:34.383131', '2023-03-22T14:23:56.853399');
INSERT INTO "MedicalRecord" ("id", "scheduling_id", "patient_id", "complaint", "medical_history", "physical_examination", "systolic", "diastolic", "heart_rate", "respiratory_rate", "temperature", "created_at", "updated_at") VALUES (320, 320, 156, 'Loss many modern none read everybody fund. Including movie race source treatment. Key fine then tough couple.', 'Degree eight personal join throughout.
Mention heart five. Address including table pass. Leg wonder term summer second deal so question.', 'Defense chance author action trade many. Six hour the. Yard long model personal what exist.
Identify single second up stock impact wind.', 113, 63, 69, 18, 37.0, '2023-09-09T07:58:37.841691', '2023-11-16T21:25:04.328735');
INSERT INTO "ServiceNote" ("id", "scheduling_id", "medical_record_id", "additional_notes", "created_at", "updated_at") VALUES (320, 320, 320, 'Window foreign forward society enjoy size his course. Individual head dog modern. Spend financial relate weight.', '2023-08-27T09:41:02.856399', '2023-11-22T08:38:22.044983');
INSERT INTO "Prescription" ("id", "service_note_id", "created_at", "updated_at") VALUES (320, 320, '2023-03-17T19:36:12.351563', '2023-01-09T00:21:58.605692');
INSERT INTO "PrescriptionDetail" ("id", "prescription_id", "medical_inventory_id", "quantity", "dosage_instructions", "created_at", "updated_at") VALUES (206, 320, 67, 9, '2 times daily after meals', '2023-08-24T08:23:14.077305', '2023-04-17T00:05:44.907485');
INSERT INTO "PrescriptionDetail" ("id", "prescription_id", "medical_inventory_id", "quantity", "dosage_instructions", "created_at", "updated_at") VALUES (207, 320, 145, 6, '3 times daily after meals', '2023-03-20T10:09:32.372799', '2023-12-08T23:30:23.298013');
INSERT INTO "Payment" ("id", "service_note_id", "amount", "status", "payment_method", "created_at", "updated_at") VALUES (320, 320, 311.78, 'cancelled', 'insurance', '2023-09-07T21:19:42.817773', '2023-01-31T20:31:16.911992');
INSERT INTO "Scheduling" ("id", "staff_id", "patient_id", "service_id", "date", "session", "status", "created_at", "updated_at") VALUES (321, 49, 333, 9, '2024-06-20', 'afternoon', 'completed', '2023-03-13T19:35:27.475823', '2023-12-28T16:22:58.234016');
INSERT INTO "MedicalRecord" ("id", "scheduling_id", "patient_id", "complaint", "medical_history", "physical_examination", "systolic", "diastolic", "heart_rate", "respiratory_rate", "temperature", "created_at", "updated_at") VALUES (321, 321, 333, 'Story parent OTHERs turn little garden. Sit system news capital economic high. Wait give tell window kind.
Board skin expect door magazine low. You paper source prevent popular sea.', 'Prove two Mrs person reach. Data understand more help onto. Number what dog home main short.', 'So employee everything leader laugh.
Evening risk lose include article. Education still clear little toward lead. The early buy education.
Large collection next think direction.', 101, 71, 95, 20, 36.7, '2023-10-08T20:24:16.081687', '2023-10-09T10:39:17.234876');
INSERT INTO "ServiceNote" ("id", "scheduling_id", "medical_record_id", "additional_notes", "created_at", "updated_at") VALUES (321, 321, 321, 'Begin word sing attack idea. Image keep she month attorney top. She hot social budget action.
Season improve field standard. Instead agree education however speak everybody main.', '2023-08-25T12:59:50.249514', '2023-04-15T13:32:23.679002');
INSERT INTO "Prescription" ("id", "service_note_id", "created_at", "updated_at") VALUES (321, 321, '2023-02-18T00:46:04.493814', '2023-08-26T14:28:30.928316');
INSERT INTO "PrescriptionDetail" ("id", "prescription_id", "medical_inventory_id", "quantity", "dosage_instructions", "created_at", "updated_at") VALUES (208, 321, 148, 6, '3 times daily after meals', '2023-05-19T10:13:07.689270', '2023-01-18T14:47:35.869457');
INSERT INTO "PrescriptionDetail" ("id", "prescription_id", "medical_inventory_id", "quantity", "dosage_instructions", "created_at", "updated_at") VALUES (209, 321, 102, 3, '3 times daily after meals', '2023-07-16T21:05:02.170403', '2023-01-12T10:20:53.154197');
INSERT INTO "Payment" ("id", "service_note_id", "amount", "status", "payment_method", "created_at", "updated_at") VALUES (321, 321, 163.13, 'pending', 'insurance', '2023-01-28T18:10:45.215268', '2023-03-06T07:04:09.361223');
INSERT INTO "Scheduling" ("id", "staff_id", "patient_id", "service_id", "date", "session", "status", "created_at", "updated_at") VALUES (322, 45, 160, 9, '2024-06-09', 'morning', 'completed', '2023-07-13T07:08:28.731449', '2023-04-01T19:55:04.501941');
INSERT INTO "MedicalRecord" ("id", "scheduling_id", "patient_id", "complaint", "medical_history", "physical_examination", "systolic", "diastolic", "heart_rate", "respiratory_rate", "temperature", "created_at", "updated_at") VALUES (322, 322, 160, 'Clear across age purpose clear affect early. Focus eye great modern people out.
Over theory could size.', 'Source difficult stock job success. Toward after necessary either fly. White base than response war this.', 'Example security camera probably article set. Exactly without lawyer community employee push away. Want send pay relate member own throughout quickly.', 140, 70, 95, 12, 36.2, '2023-11-05T05:45:38.131935', '2023-03-31T03:07:46.416612');
INSERT INTO "ServiceNote" ("id", "scheduling_id", "medical_record_id", "additional_notes", "created_at", "updated_at") VALUES (322, 322, 322, 'Leg event because. Adult recognize movie why prove appear.', '2023-10-06T00:45:13.279458', '2023-10-12T20:32:56.936807');
INSERT INTO "Prescription" ("id", "service_note_id", "created_at", "updated_at") VALUES (322, 322, '2023-04-09T19:31:14.886869', '2023-10-31T13:10:24.535895');
INSERT INTO "PrescriptionDetail" ("id", "prescription_id", "medical_inventory_id", "quantity", "dosage_instructions", "created_at", "updated_at") VALUES (210, 322, 2, 2, '1 times daily after meals', '2023-02-16T11:41:45.156050', '2023-01-06T23:28:24.968100');
INSERT INTO "PrescriptionDetail" ("id", "prescription_id", "medical_inventory_id", "quantity", "dosage_instructions", "created_at", "updated_at") VALUES (211, 322, 121, 10, '2 times daily after meals', '2023-04-27T15:09:48.943911', '2023-09-02T21:14:34.212688');
INSERT INTO "PrescriptionDetail" ("id", "prescription_id", "medical_inventory_id", "quantity", "dosage_instructions", "created_at", "updated_at") VALUES (212, 322, 23, 2, '2 times daily after meals', '2023-01-23T06:28:50.576325', '2023-12-27T07:05:45.852202');
INSERT INTO "Payment" ("id", "service_note_id", "amount", "status", "payment_method", "created_at", "updated_at") VALUES (322, 322, 260.68, 'pending', 'cash', '2023-10-11T18:49:15.256783', '2023-09-24T05:01:23.921723');
INSERT INTO "Scheduling" ("id", "staff_id", "patient_id", "service_id", "date", "session", "status", "created_at", "updated_at") VALUES (323, 47, 317, 5, '2024-08-05', 'afternoon', 'cancelled', '2023-03-18T16:42:47.987542', '2023-07-29T07:07:16.183743');
INSERT INTO "Scheduling" ("id", "staff_id", "patient_id", "service_id", "date", "session", "status", "created_at", "updated_at") VALUES (324, 39, 304, 8, '2024-05-13', 'morning', 'scheduled', '2023-12-07T00:11:34.623890', '2023-01-18T09:51:11.864843');
INSERT INTO "Scheduling" ("id", "staff_id", "patient_id", "service_id", "date", "session", "status", "created_at", "updated_at") VALUES (325, 13, 197, 4, '2024-10-14', 'evening', 'scheduled', '2023-06-21T20:54:25.167562', '2023-06-30T17:30:41.156950');
INSERT INTO "Scheduling" ("id", "staff_id", "patient_id", "service_id", "date", "session", "status", "created_at", "updated_at") VALUES (326, 39, 169, 10, '2024-09-06', 'evening', 'scheduled', '2023-01-06T11:50:52.343028', '2023-11-07T02:49:45.449215');
INSERT INTO "Scheduling" ("id", "staff_id", "patient_id", "service_id", "date", "session", "status", "created_at", "updated_at") VALUES (327, 44, 173, 1, '2024-05-08', 'afternoon', 'scheduled', '2023-09-07T04:08:39.649529', '2023-07-31T18:51:32.730643');
INSERT INTO "Scheduling" ("id", "staff_id", "patient_id", "service_id", "date", "session", "status", "created_at", "updated_at") VALUES (328, 6, 231, 7, '2024-07-08', 'afternoon', 'completed', '2023-11-06T02:01:10.001243', '2023-03-29T07:43:00.211437');
INSERT INTO "MedicalRecord" ("id", "scheduling_id", "patient_id", "complaint", "medical_history", "physical_examination", "systolic", "diastolic", "heart_rate", "respiratory_rate", "temperature", "created_at", "updated_at") VALUES (328, 328, 231, 'Decide control performance they central throw race shoulder. Religious vote right him challenge measure.', 'Page million activity take night. It guess poor tax quite factor sense. Strategy send game.', 'Game word town animal hundred thus treat.
Decade again human employee mouth. Yet couple cold chance pick effort to. Actually local player off ball.', 127, 66, 93, 12, 37.1, '2023-12-27T17:28:25.212853', '2023-06-27T21:24:18.167752');
INSERT INTO "ServiceNote" ("id", "scheduling_id", "medical_record_id", "additional_notes", "created_at", "updated_at") VALUES (328, 328, 328, 'Get kitchen inside career red. Myself blood range. Activity accept say bag tend.
Bed citizen notice anOTHER. Far southern himself help receive decision also.', '2023-06-06T12:59:31.709349', '2023-12-16T05:14:26.324143');
INSERT INTO "Prescription" ("id", "service_note_id", "created_at", "updated_at") VALUES (328, 328, '2023-03-28T05:32:09.102371', '2023-11-27T11:18:08.860735');
INSERT INTO "PrescriptionDetail" ("id", "prescription_id", "medical_inventory_id", "quantity", "dosage_instructions", "created_at", "updated_at") VALUES (213, 328, 24, 9, '2 times daily after meals', '2023-07-12T07:46:59.793150', '2023-11-19T08:07:39.153728');
INSERT INTO "Payment" ("id", "service_note_id", "amount", "status", "payment_method", "created_at", "updated_at") VALUES (328, 328, 739.83, 'cancelled', 'debit_card', '2023-03-01T21:14:58.844517', '2023-04-04T01:14:32.207486');
INSERT INTO "Scheduling" ("id", "staff_id", "patient_id", "service_id", "date", "session", "status", "created_at", "updated_at") VALUES (329, 23, 150, 8, '2024-07-08', 'morning', 'completed', '2023-07-17T19:00:07.620204', '2023-01-15T07:48:18.627122');
INSERT INTO "MedicalRecord" ("id", "scheduling_id", "patient_id", "complaint", "medical_history", "physical_examination", "systolic", "diastolic", "heart_rate", "respiratory_rate", "temperature", "created_at", "updated_at") VALUES (329, 329, 150, 'South agent produce likely. Result risk pretty lay same should even. Science much have series last again.
Huge leave rock plan seek. Should use with street again.', 'Front land dark remember pattern source. Way decision cause ball. Take cell worry dark court speak medical.
Soon compare home different easy ahead short. Situation security election.', 'Reduce discuss huge five stock. Two camera beyond knowledge reduce might a.
Who surface the yourself. Wind tree campaign free usually low. Boy actually share very move moment item.', 126, 60, 76, 14, 36.6, '2023-03-22T11:31:59.452097', '2023-10-29T23:37:36.640981');
INSERT INTO "ServiceNote" ("id", "scheduling_id", "medical_record_id", "additional_notes", "created_at", "updated_at") VALUES (329, 329, 329, 'Hold too alone rise. Prevent science air enter right. Good position article key position baby popular should.', '2023-01-07T07:12:27.250208', '2023-03-09T09:46:05.258342');
INSERT INTO "Prescription" ("id", "service_note_id", "created_at", "updated_at") VALUES (329, 329, '2023-09-25T13:55:25.703622', '2023-07-05T05:21:36.542738');
INSERT INTO "PrescriptionDetail" ("id", "prescription_id", "medical_inventory_id", "quantity", "dosage_instructions", "created_at", "updated_at") VALUES (214, 329, 144, 2, '3 times daily after meals', '2023-04-27T19:29:45.010067', '2023-09-11T04:40:47.487889');
INSERT INTO "Payment" ("id", "service_note_id", "amount", "status", "payment_method", "created_at", "updated_at") VALUES (329, 329, 329.54, 'pending', 'debit_card', '2023-05-29T17:47:28.924438', '2023-01-20T11:59:00.537896');
INSERT INTO "Scheduling" ("id", "staff_id", "patient_id", "service_id", "date", "session", "status", "created_at", "updated_at") VALUES (330, 35, 277, 7, '2024-09-23', 'afternoon', 'cancelled', '2023-10-29T12:22:22.913903', '2023-11-27T17:19:11.009868');
INSERT INTO "Scheduling" ("id", "staff_id", "patient_id", "service_id", "date", "session", "status", "created_at", "updated_at") VALUES (331, 31, 285, 8, '2024-06-30', 'afternoon', 'cancelled', '2023-01-10T17:21:25.703299', '2023-12-05T13:33:09.448210');
INSERT INTO "Scheduling" ("id", "staff_id", "patient_id", "service_id", "date", "session", "status", "created_at", "updated_at") VALUES (332, 2, 183, 2, '2024-08-30', 'morning', 'completed', '2023-07-14T19:02:25.400474', '2023-05-08T21:28:24.282534');
INSERT INTO "MedicalRecord" ("id", "scheduling_id", "patient_id", "complaint", "medical_history", "physical_examination", "systolic", "diastolic", "heart_rate", "respiratory_rate", "temperature", "created_at", "updated_at") VALUES (332, 332, 183, 'Democratic use ever note imagine focus month. Material past try whole eat maintain far.
Region less certain song. Seat drop pay experience feeling owner cut.', 'Bill under front benefit prove. Treatment hotel I entire eight bit kind.
Turn life game consider shoulder. Husband particularly might former several.', 'Movement military boy nation economic. Lay anOTHER movie dog. Parent music PM them camera eight.
Step sound must budget their. They southern finally maintain record.', 130, 85, 74, 15, 37.2, '2023-07-04T08:18:05.071293', '2023-08-26T10:16:22.849992');
INSERT INTO "ServiceNote" ("id", "scheduling_id", "medical_record_id", "additional_notes", "created_at", "updated_at") VALUES (332, 332, 332, 'Economy nice time account between learn available. Woman recently trip history maybe full. Above opportunity race example maintain travel education treatment.
Agreement soon there Mrs safe.', '2023-10-26T23:59:16.146148', '2023-08-21T22:39:03.810439');
INSERT INTO "Prescription" ("id", "service_note_id", "created_at", "updated_at") VALUES (332, 332, '2023-07-22T01:19:49.692802', '2023-12-18T16:28:49.124753');
INSERT INTO "PrescriptionDetail" ("id", "prescription_id", "medical_inventory_id", "quantity", "dosage_instructions", "created_at", "updated_at") VALUES (215, 332, 91, 9, '3 times daily after meals', '2023-07-10T23:35:47.889712', '2023-12-05T01:58:37.810273');
INSERT INTO "PrescriptionDetail" ("id", "prescription_id", "medical_inventory_id", "quantity", "dosage_instructions", "created_at", "updated_at") VALUES (216, 332, 3, 5, '1 times daily after meals', '2023-03-28T15:11:31.564625', '2023-11-16T19:11:07.830614');
INSERT INTO "Payment" ("id", "service_note_id", "amount", "status", "payment_method", "created_at", "updated_at") VALUES (332, 332, 322.93, 'pAID', 'debit_card', '2023-04-27T13:40:31.306687', '2023-03-06T22:40:25.438321');
INSERT INTO "Scheduling" ("id", "staff_id", "patient_id", "service_id", "date", "session", "status", "created_at", "updated_at") VALUES (333, 5, 294, 6, '2024-09-17', 'morning', 'completed', '2023-05-31T17:10:49.524545', '2023-12-26T11:13:02.823646');
INSERT INTO "MedicalRecord" ("id", "scheduling_id", "patient_id", "complaint", "medical_history", "physical_examination", "systolic", "diastolic", "heart_rate", "respiratory_rate", "temperature", "created_at", "updated_at") VALUES (333, 333, 294, 'Half myself protect. Television shoulder memory according. A forward crime Mrs national.', 'Both especially give within. Wish yeah arrive able. Lawyer care production story.', 'Power energy pressure positive staff best itself. Ago fly travel major debate recently change important.', 103, 88, 96, 16, 36.3, '2023-09-23T22:28:56.609998', '2023-02-04T21:35:48.168781');
INSERT INTO "ServiceNote" ("id", "scheduling_id", "medical_record_id", "additional_notes", "created_at", "updated_at") VALUES (333, 333, 333, 'Two ball audience weight when. Phone message front might movie low only. Success office company.
Treat might huge same style woman manage. Would stock newspaper product.', '2023-09-23T07:50:14.716777', '2023-01-01T12:32:45.947951');
INSERT INTO "Prescription" ("id", "service_note_id", "created_at", "updated_at") VALUES (333, 333, '2023-05-04T13:31:35.918897', '2023-08-26T19:19:54.806494');
INSERT INTO "PrescriptionDetail" ("id", "prescription_id", "medical_inventory_id", "quantity", "dosage_instructions", "created_at", "updated_at") VALUES (217, 333, 49, 8, '3 times daily after meals', '2023-02-10T11:36:51.019878', '2023-10-12T01:33:02.145270');
INSERT INTO "PrescriptionDetail" ("id", "prescription_id", "medical_inventory_id", "quantity", "dosage_instructions", "created_at", "updated_at") VALUES (218, 333, 52, 4, '3 times daily after meals', '2023-05-19T09:15:15.729343', '2023-02-25T10:53:17.630525');
INSERT INTO "PrescriptionDetail" ("id", "prescription_id", "medical_inventory_id", "quantity", "dosage_instructions", "created_at", "updated_at") VALUES (219, 333, 62, 5, '1 times daily after meals', '2023-09-14T03:41:12.359088', '2023-04-17T19:07:05.057984');
INSERT INTO "Payment" ("id", "service_note_id", "amount", "status", "payment_method", "created_at", "updated_at") VALUES (333, 333, 267.75, 'pending', 'debit_card', '2023-08-23T23:16:36.686446', '2023-09-06T19:38:32.380823');
INSERT INTO "Scheduling" ("id", "staff_id", "patient_id", "service_id", "date", "session", "status", "created_at", "updated_at") VALUES (334, 10, 91, 8, '2024-05-26', 'morning', 'cancelled', '2023-10-13T15:19:55.010371', '2023-09-04T22:21:44.472955');
INSERT INTO "Scheduling" ("id", "staff_id", "patient_id", "service_id", "date", "session", "status", "created_at", "updated_at") VALUES (335, 1, 297, 6, '2024-09-14', 'morning', 'cancelled', '2023-01-02T16:47:11.519196', '2023-12-21T04:56:34.122870');
INSERT INTO "Scheduling" ("id", "staff_id", "patient_id", "service_id", "date", "session", "status", "created_at", "updated_at") VALUES (336, 21, 191, 8, '2024-09-02', 'evening', 'scheduled', '2023-05-06T13:30:57.110618', '2023-07-28T06:19:30.092942');
INSERT INTO "Scheduling" ("id", "staff_id", "patient_id", "service_id", "date", "session", "status", "created_at", "updated_at") VALUES (337, 49, 254, 4, '2024-09-06', 'afternoon', 'cancelled', '2023-01-15T11:34:23.595768', '2023-11-23T05:51:19.341336');
INSERT INTO "Scheduling" ("id", "staff_id", "patient_id", "service_id", "date", "session", "status", "created_at", "updated_at") VALUES (338, 9, 267, 8, '2024-05-12', 'evening', 'cancelled', '2023-06-13T05:51:21.646012', '2023-02-20T14:07:58.874436');
INSERT INTO "Scheduling" ("id", "staff_id", "patient_id", "service_id", "date", "session", "status", "created_at", "updated_at") VALUES (339, 3, 252, 3, '2024-09-04', 'afternoon', 'completed', '2023-09-10T18:22:35.578585', '2023-10-12T07:42:11.552138');
INSERT INTO "MedicalRecord" ("id", "scheduling_id", "patient_id", "complaint", "medical_history", "physical_examination", "systolic", "diastolic", "heart_rate", "respiratory_rate", "temperature", "created_at", "updated_at") VALUES (339, 339, 252, 'Voice speak list machine city expert look eye.
Well whatever want mOTHER four. Protect owner war behind. Already real individual environment.', 'Support her whatever growth ground catch meeting. Food his music agency what several environment.', 'Experience lawyer expert brOTHER recognize head forget. Deep cultural American owner friend black. Mission opportunity possible cup. Talk hair pattern for evidence concern.', 97, 82, 93, 19, 36.5, '2023-06-10T16:49:35.406061', '2023-10-13T07:03:06.503043');
INSERT INTO "ServiceNote" ("id", "scheduling_id", "medical_record_id", "additional_notes", "created_at", "updated_at") VALUES (339, 339, 339, 'Here stop nation will tend. Forward choice between election range of even.
Day player simply hospital way mouth defense measure. Hospital say red money.', '2023-12-28T09:20:50.958800', '2023-01-08T05:18:07.811407');
INSERT INTO "Prescription" ("id", "service_note_id", "created_at", "updated_at") VALUES (339, 339, '2023-04-26T22:53:53.503181', '2023-11-04T21:44:30.513549');
INSERT INTO "PrescriptionDetail" ("id", "prescription_id", "medical_inventory_id", "quantity", "dosage_instructions", "created_at", "updated_at") VALUES (220, 339, 4, 4, '2 times daily after meals', '2023-04-19T21:44:21.362421', '2023-02-20T22:31:49.522983');
INSERT INTO "Payment" ("id", "service_note_id", "amount", "status", "payment_method", "created_at", "updated_at") VALUES (339, 339, 601.96, 'pAID', 'debit_card', '2023-08-17T16:06:24.742610', '2023-10-19T03:02:34.153724');
INSERT INTO "Scheduling" ("id", "staff_id", "patient_id", "service_id", "date", "session", "status", "created_at", "updated_at") VALUES (340, 40, 331, 5, '2024-07-04', 'morning', 'scheduled', '2023-10-01T21:50:20.159415', '2023-04-20T22:12:40.129381');
INSERT INTO "Scheduling" ("id", "staff_id", "patient_id", "service_id", "date", "session", "status", "created_at", "updated_at") VALUES (341, 18, 226, 6, '2024-08-27', 'evening', 'scheduled', '2023-05-03T07:23:20.208875', '2023-05-14T17:11:20.657793');
INSERT INTO "Scheduling" ("id", "staff_id", "patient_id", "service_id", "date", "session", "status", "created_at", "updated_at") VALUES (342, 32, 265, 6, '2024-08-15', 'morning', 'completed', '2023-10-05T13:21:13.544948', '2023-12-10T01:08:20.304181');
INSERT INTO "MedicalRecord" ("id", "scheduling_id", "patient_id", "complaint", "medical_history", "physical_examination", "systolic", "diastolic", "heart_rate", "respiratory_rate", "temperature", "created_at", "updated_at") VALUES (342, 342, 265, 'Fly north style policy indeed bed alone. Drop term body minute ready give try. Commercial door season energy.', 'Between eight total almost modern. And herself sit table.
Store event debate quite able. Wife decade right huge available idea. Or natural wall also.', 'Hand enjoy season probably movie college anything. State yard free pretty. Theory either through until.', 115, 68, 88, 14, 36.9, '2023-10-17T06:34:28.333686', '2023-12-23T19:06:28.475696');
INSERT INTO "ServiceNote" ("id", "scheduling_id", "medical_record_id", "additional_notes", "created_at", "updated_at") VALUES (342, 342, 342, 'Free wear I meeting operation. Moment child end decide.
Father so oil amount them respond. Represent decade tell dark modern leave wind. Image home official eye.', '2023-12-18T18:29:14.224000', '2023-01-15T03:56:13.493009');
INSERT INTO "Prescription" ("id", "service_note_id", "created_at", "updated_at") VALUES (342, 342, '2023-05-25T18:31:08.834667', '2023-07-14T16:57:03.770537');
INSERT INTO "PrescriptionDetail" ("id", "prescription_id", "medical_inventory_id", "quantity", "dosage_instructions", "created_at", "updated_at") VALUES (221, 342, 59, 2, '3 times daily after meals', '2023-05-25T11:21:34.240807', '2023-08-04T00:47:28.079083');
INSERT INTO "PrescriptionDetail" ("id", "prescription_id", "medical_inventory_id", "quantity", "dosage_instructions", "created_at", "updated_at") VALUES (222, 342, 70, 4, '3 times daily after meals', '2023-11-11T23:39:52.529094', '2023-09-30T12:52:25.182588');
INSERT INTO "PrescriptionDetail" ("id", "prescription_id", "medical_inventory_id", "quantity", "dosage_instructions", "created_at", "updated_at") VALUES (223, 342, 111, 7, '1 times daily after meals', '2023-09-17T09:02:31.997848', '2023-03-01T15:00:01.087590');
INSERT INTO "Payment" ("id", "service_note_id", "amount", "status", "payment_method", "created_at", "updated_at") VALUES (342, 342, 188.55, 'cancelled', 'credit_card', '2023-03-03T14:28:54.053730', '2023-03-08T03:10:11.648799');
INSERT INTO "Scheduling" ("id", "staff_id", "patient_id", "service_id", "date", "session", "status", "created_at", "updated_at") VALUES (343, 31, 266, 8, '2024-05-01', 'morning', 'scheduled', '2023-04-02T17:58:26.442475', '2023-01-07T14:29:52.394305');
INSERT INTO "Scheduling" ("id", "staff_id", "patient_id", "service_id", "date", "session", "status", "created_at", "updated_at") VALUES (344, 41, 212, 8, '2024-09-08', 'evening', 'completed', '2023-05-26T08:15:11.741010', '2023-09-09T05:35:30.134433');
INSERT INTO "MedicalRecord" ("id", "scheduling_id", "patient_id", "complaint", "medical_history", "physical_examination", "systolic", "diastolic", "heart_rate", "respiratory_rate", "temperature", "created_at", "updated_at") VALUES (344, 344, 212, 'Test step system light. School east serve future. Seven someone before feeling.
Wish child huge. Staff describe network quickly.
Ability sign player upon fear. End organization color dream.', 'Note research do discover class follow herself. Young contain exactly say mind impact major. Experience tonight Mr whom team than. Oil guy heavy toward about country politics.', 'Like right instead majority usually sit. Cost certainly fly our nation likely. Ten crime risk consumer feeling watch choose.', 106, 77, 96, 12, 36.6, '2023-12-28T23:00:11.674372', '2023-05-21T01:27:17.486854');
INSERT INTO "ServiceNote" ("id", "scheduling_id", "medical_record_id", "additional_notes", "created_at", "updated_at") VALUES (344, 344, 344, 'Sign technology fact. There reach your. Avoid find under control would.
Hold push mission station note offer. Toward recently give evidence training.', '2023-07-27T14:51:40.090604', '2023-01-22T13:08:07.682156');
INSERT INTO "Prescription" ("id", "service_note_id", "created_at", "updated_at") VALUES (344, 344, '2023-09-12T13:12:21.767370', '2023-03-09T09:36:20.353790');
INSERT INTO "PrescriptionDetail" ("id", "prescription_id", "medical_inventory_id", "quantity", "dosage_instructions", "created_at", "updated_at") VALUES (224, 344, 42, 1, '1 times daily after meals', '2023-10-22T08:07:03.749707', '2023-06-23T15:04:14.015276');
INSERT INTO "PrescriptionDetail" ("id", "prescription_id", "medical_inventory_id", "quantity", "dosage_instructions", "created_at", "updated_at") VALUES (225, 344, 66, 8, '3 times daily after meals', '2023-03-23T21:33:23.330892', '2023-09-27T17:52:47.981180');
INSERT INTO "PrescriptionDetail" ("id", "prescription_id", "medical_inventory_id", "quantity", "dosage_instructions", "created_at", "updated_at") VALUES (226, 344, 25, 8, '3 times daily after meals', '2023-09-05T20:24:06.852351', '2023-01-06T02:22:50.148368');
INSERT INTO "Payment" ("id", "service_note_id", "amount", "status", "payment_method", "created_at", "updated_at") VALUES (344, 344, 367.92, 'pAID', 'debit_card', '2023-06-25T11:13:20.640011', '2023-07-23T16:18:18.937541');
INSERT INTO "Scheduling" ("id", "staff_id", "patient_id", "service_id", "date", "session", "status", "created_at", "updated_at") VALUES (345, 36, 227, 1, '2024-09-18', 'afternoon', 'completed', '2023-11-15T03:03:31.506176', '2023-01-26T11:51:29.420882');
INSERT INTO "MedicalRecord" ("id", "scheduling_id", "patient_id", "complaint", "medical_history", "physical_examination", "systolic", "diastolic", "heart_rate", "respiratory_rate", "temperature", "created_at", "updated_at") VALUES (345, 345, 227, 'Spend me fear race expect rest send collection. Better natural science west herself guy new side. Carry stuff leader voice very a common.', 'Central process knowledge to. Ago positive now enter any fine I.
Eat interest entire. Success foot cup resource age. Establish risk different within plant far.', 'Participant friend successful. Move practice air trial say drive.
Clear guy scene side. Only example near article just.', 97, 71, 98, 15, 36.9, '2023-02-08T03:24:08.558268', '2023-09-26T22:57:02.234370');
INSERT INTO "ServiceNote" ("id", "scheduling_id", "medical_record_id", "additional_notes", "created_at", "updated_at") VALUES (345, 345, 345, 'Respond present agent eight attorney. Price single article. Recognize reach rule south.
Yourself exist over administration. Eye thousand beat available learn provide. Rate deal ahead girl skill.', '2023-04-07T09:58:58.117457', '2023-03-24T23:19:13.610234');
INSERT INTO "Prescription" ("id", "service_note_id", "created_at", "updated_at") VALUES (345, 345, '2023-12-08T03:40:16.595348', '2023-05-01T21:29:56.279288');
INSERT INTO "PrescriptionDetail" ("id", "prescription_id", "medical_inventory_id", "quantity", "dosage_instructions", "created_at", "updated_at") VALUES (227, 345, 138, 3, '2 times daily after meals', '2023-01-08T15:37:36.983819', '2023-05-08T19:54:46.087029');
INSERT INTO "PrescriptionDetail" ("id", "prescription_id", "medical_inventory_id", "quantity", "dosage_instructions", "created_at", "updated_at") VALUES (228, 345, 91, 6, '3 times daily after meals', '2023-04-07T18:20:00.431777', '2023-02-17T21:34:16.403092');
INSERT INTO "PrescriptionDetail" ("id", "prescription_id", "medical_inventory_id", "quantity", "dosage_instructions", "created_at", "updated_at") VALUES (229, 345, 131, 8, '3 times daily after meals', '2023-06-16T15:34:51.417879', '2023-01-19T20:05:30.451658');
INSERT INTO "Payment" ("id", "service_note_id", "amount", "status", "payment_method", "created_at", "updated_at") VALUES (345, 345, 474.58, 'pending', 'insurance', '2023-02-26T19:31:43.496151', '2023-05-05T18:21:47.853281');
INSERT INTO "Scheduling" ("id", "staff_id", "patient_id", "service_id", "date", "session", "status", "created_at", "updated_at") VALUES (346, 40, 125, 3, '2024-07-11', 'afternoon', 'cancelled', '2023-03-25T20:11:55.066957', '2023-05-22T08:01:36.072312');
INSERT INTO "Scheduling" ("id", "staff_id", "patient_id", "service_id", "date", "session", "status", "created_at", "updated_at") VALUES (347, 22, 343, 7, '2024-08-14', 'evening', 'scheduled', '2023-02-08T02:48:45.135904', '2023-05-02T22:09:27.035595');
INSERT INTO "Scheduling" ("id", "staff_id", "patient_id", "service_id", "date", "session", "status", "created_at", "updated_at") VALUES (348, 6, 167, 6, '2024-06-09', 'afternoon', 'completed', '2023-02-12T18:19:15.570867', '2023-11-27T05:25:53.222740');
INSERT INTO "MedicalRecord" ("id", "scheduling_id", "patient_id", "complaint", "medical_history", "physical_examination", "systolic", "diastolic", "heart_rate", "respiratory_rate", "temperature", "created_at", "updated_at") VALUES (348, 348, 167, 'Ten likely benefit debate. Pattern enjoy along bit tax white. Place west their.
Girl building recognize market material avoid. According certain safe nation.', 'Spend imagine between address us. Offer site strategy opportunity better significant study significant. Specific particularly measure.', 'Player fear former analysis if. Population look mouth report personal. Style thus nature these also audience.', 131, 69, 77, 18, 36.4, '2023-09-09T14:01:28.071023', '2023-02-19T01:11:49.379177');
INSERT INTO "ServiceNote" ("id", "scheduling_id", "medical_record_id", "additional_notes", "created_at", "updated_at") VALUES (348, 348, 348, 'Participant development grow respond technology despite score.
Lawyer condition no public social history. Poor administration land window character speech.', '2023-09-02T11:10:46.089895', '2023-12-30T18:50:38.394671');
INSERT INTO "Prescription" ("id", "service_note_id", "created_at", "updated_at") VALUES (348, 348, '2023-05-23T08:28:37.964062', '2023-06-25T23:02:42.639769');
INSERT INTO "PrescriptionDetail" ("id", "prescription_id", "medical_inventory_id", "quantity", "dosage_instructions", "created_at", "updated_at") VALUES (230, 348, 93, 10, '3 times daily after meals', '2023-10-03T16:43:56.157823', '2023-01-08T12:17:50.506478');
INSERT INTO "PrescriptionDetail" ("id", "prescription_id", "medical_inventory_id", "quantity", "dosage_instructions", "created_at", "updated_at") VALUES (231, 348, 116, 7, '1 times daily after meals', '2023-07-12T10:07:42.470303', '2023-03-25T04:24:26.609076');
INSERT INTO "Payment" ("id", "service_note_id", "amount", "status", "payment_method", "created_at", "updated_at") VALUES (348, 348, 224.69, 'pending', 'credit_card', '2023-10-20T18:21:26.702830', '2023-03-21T13:12:01.538970');
INSERT INTO "Scheduling" ("id", "staff_id", "patient_id", "service_id", "date", "session", "status", "created_at", "updated_at") VALUES (349, 47, 179, 2, '2024-06-28', 'evening', 'scheduled', '2023-08-01T06:57:56.908132', '2023-08-24T22:25:22.898075');
INSERT INTO "Scheduling" ("id", "staff_id", "patient_id", "service_id", "date", "session", "status", "created_at", "updated_at") VALUES (350, 11, 99, 2, '2024-08-08', 'morning', 'completed', '2023-05-07T02:27:59.770967', '2023-05-23T08:53:50.132179');
INSERT INTO "MedicalRecord" ("id", "scheduling_id", "patient_id", "complaint", "medical_history", "physical_examination", "systolic", "diastolic", "heart_rate", "respiratory_rate", "temperature", "created_at", "updated_at") VALUES (350, 350, 99, 'Into society future after population possible fund. Quickly apply design. Personal cost answer report seven stop.', 'Ok several measure score. Particularly Mr including miss particular. Care watch last everything street.
Short itself four age. Everything stay fund.', 'Along cup on defense many new. Sure think line happen data some. Thousand eat product wonder.', 125, 61, 61, 18, 36.8, '2023-11-27T00:16:34.173806', '2023-10-23T20:06:48.946995');
INSERT INTO "ServiceNote" ("id", "scheduling_id", "medical_record_id", "additional_notes", "created_at", "updated_at") VALUES (350, 350, 350, 'OTHERs pass officer. Major minute southern government though human. Adult they end entire out exactly six.
Response its positive by college letter. Car bit future sister social water.', '2023-05-26T20:35:38.313315', '2023-04-02T01:31:58.388395');
INSERT INTO "Prescription" ("id", "service_note_id", "created_at", "updated_at") VALUES (350, 350, '2023-12-22T23:16:48.632950', '2023-07-29T17:04:57.709804');
INSERT INTO "PrescriptionDetail" ("id", "prescription_id", "medical_inventory_id", "quantity", "dosage_instructions", "created_at", "updated_at") VALUES (232, 350, 27, 5, '3 times daily after meals', '2023-03-21T01:36:56.965483', '2023-03-11T21:05:46.177095');
INSERT INTO "Payment" ("id", "service_note_id", "amount", "status", "payment_method", "created_at", "updated_at") VALUES (350, 350, 197.51, 'cancelled', 'insurance', '2023-08-01T22:28:47.454007', '2023-12-23T10:33:22.465941');
INSERT INTO "Scheduling" ("id", "staff_id", "patient_id", "service_id", "date", "session", "status", "created_at", "updated_at") VALUES (351, 20, 196, 8, '2024-06-26', 'morning', 'cancelled', '2023-05-09T05:29:37.211886', '2023-11-16T03:56:02.540450');
INSERT INTO "Scheduling" ("id", "staff_id", "patient_id", "service_id", "date", "session", "status", "created_at", "updated_at") VALUES (352, 9, 138, 1, '2024-06-01', 'evening', 'scheduled', '2023-12-17T16:10:11.184287', '2023-07-13T17:39:45.831908');
INSERT INTO "Scheduling" ("id", "staff_id", "patient_id", "service_id", "date", "session", "status", "created_at", "updated_at") VALUES (353, 43, 294, 8, '2024-07-29', 'afternoon', 'cancelled', '2023-03-06T03:30:16.565911', '2023-07-16T23:00:39.064355');
INSERT INTO "Scheduling" ("id", "staff_id", "patient_id", "service_id", "date", "session", "status", "created_at", "updated_at") VALUES (354, 18, 120, 9, '2024-09-16', 'afternoon', 'scheduled', '2023-07-22T13:13:08.301113', '2023-05-30T11:10:20.367911');
INSERT INTO "Scheduling" ("id", "staff_id", "patient_id", "service_id", "date", "session", "status", "created_at", "updated_at") VALUES (355, 38, 339, 7, '2024-09-28', 'afternoon', 'cancelled', '2023-10-13T16:50:47.152903', '2023-04-21T13:22:19.858160');
INSERT INTO "Scheduling" ("id", "staff_id", "patient_id", "service_id", "date", "session", "status", "created_at", "updated_at") VALUES (356, 41, 209, 6, '2024-10-09', 'evening', 'completed', '2023-04-03T19:49:33.945905', '2023-09-24T10:02:04.507280');
INSERT INTO "MedicalRecord" ("id", "scheduling_id", "patient_id", "complaint", "medical_history", "physical_examination", "systolic", "diastolic", "heart_rate", "respiratory_rate", "temperature", "created_at", "updated_at") VALUES (356, 356, 209, 'Tough help popular already wide artist. Just development scene owner kind send.
Resource president conference occur actually experience order. Mr someone church dark human wear bad.', 'Maybe civil financial same suggest guess capital. Despite stand economy police among probably return. From ready thing nearly create third cup effect. Owner age build election parent hospital.', 'Tend general very against admit. Something bit amount factor money many interesting age. Artist represent PM difficult which upon.
Audience paper chance yeah season get. Meet current many minute.', 124, 67, 65, 19, 36.5, '2023-08-25T17:35:20.753660', '2023-10-20T02:54:35.091493');
INSERT INTO "ServiceNote" ("id", "scheduling_id", "medical_record_id", "additional_notes", "created_at", "updated_at") VALUES (356, 356, 356, 'Into land four a since couple seek. Somebody sure place stand require present hotel. Decade young attack Congress education exactly yet.', '2023-05-05T11:54:32.971797', '2023-06-11T11:25:10.583215');
INSERT INTO "Prescription" ("id", "service_note_id", "created_at", "updated_at") VALUES (356, 356, '2023-02-28T22:54:36.442200', '2023-06-13T15:43:03.080548');
INSERT INTO "PrescriptionDetail" ("id", "prescription_id", "medical_inventory_id", "quantity", "dosage_instructions", "created_at", "updated_at") VALUES (233, 356, 67, 3, '2 times daily after meals', '2023-05-12T15:40:53.448146', '2023-06-30T08:17:57.747135');
INSERT INTO "PrescriptionDetail" ("id", "prescription_id", "medical_inventory_id", "quantity", "dosage_instructions", "created_at", "updated_at") VALUES (234, 356, 3, 1, '3 times daily after meals', '2023-03-15T21:06:42.015862', '2023-10-05T12:57:40.706751');
INSERT INTO "Payment" ("id", "service_note_id", "amount", "status", "payment_method", "created_at", "updated_at") VALUES (356, 356, 824.61, 'pending', 'debit_card', '2023-01-25T20:48:05.322273', '2023-11-13T19:51:33.627338');
INSERT INTO "Scheduling" ("id", "staff_id", "patient_id", "service_id", "date", "session", "status", "created_at", "updated_at") VALUES (357, 19, 55, 8, '2024-08-27', 'evening', 'completed', '2023-05-23T07:54:28.182892', '2023-01-30T03:06:18.798706');
INSERT INTO "MedicalRecord" ("id", "scheduling_id", "patient_id", "complaint", "medical_history", "physical_examination", "systolic", "diastolic", "heart_rate", "respiratory_rate", "temperature", "created_at", "updated_at") VALUES (357, 357, 55, 'OTHER fill together art. Choice include member dark support form over TV.
Minute personal who listen long foreign a. Fear young seven executive boy.', 'Seven game stay add single once. Series wife east large per forget human. Pick college rate task energy.
Either employee tend group then recognize.', 'Near financial their computer exactly. Past yet employee thought. Feeling interesting modern.', 109, 60, 87, 16, 36.9, '2023-05-18T14:57:28.316185', '2023-06-22T10:22:12.929662');
INSERT INTO "ServiceNote" ("id", "scheduling_id", "medical_record_id", "additional_notes", "created_at", "updated_at") VALUES (357, 357, 357, 'Score reveal culture factor recognize. Town notice such huge indeed.
College section produce pay nation rich. Look two common say maybe conference.', '2023-02-25T02:03:21.955456', '2023-07-03T00:04:14.476884');
INSERT INTO "Prescription" ("id", "service_note_id", "created_at", "updated_at") VALUES (357, 357, '2023-12-24T02:46:08.148139', '2023-01-10T10:11:57.967997');
INSERT INTO "PrescriptionDetail" ("id", "prescription_id", "medical_inventory_id", "quantity", "dosage_instructions", "created_at", "updated_at") VALUES (235, 357, 141, 6, '1 times daily after meals', '2023-08-14T18:19:15.122818', '2023-04-17T09:39:23.017612');
INSERT INTO "Payment" ("id", "service_note_id", "amount", "status", "payment_method", "created_at", "updated_at") VALUES (357, 357, 441.15, 'cancelled', 'insurance', '2023-01-26T13:06:33.398779', '2023-10-10T22:37:16.732741');
INSERT INTO "Scheduling" ("id", "staff_id", "patient_id", "service_id", "date", "session", "status", "created_at", "updated_at") VALUES (358, 26, 250, 7, '2024-07-01', 'morning', 'scheduled', '2023-03-29T01:26:57.633442', '2023-05-05T04:00:31.759537');
INSERT INTO "Scheduling" ("id", "staff_id", "patient_id", "service_id", "date", "session", "status", "created_at", "updated_at") VALUES (359, 17, 173, 9, '2024-05-19', 'afternoon', 'cancelled', '2023-02-16T19:14:41.437231', '2023-04-15T02:04:29.158674');
INSERT INTO "Scheduling" ("id", "staff_id", "patient_id", "service_id", "date", "session", "status", "created_at", "updated_at") VALUES (360, 45, 196, 9, '2024-10-21', 'afternoon', 'completed', '2023-10-30T23:01:07.474979', '2023-10-25T20:33:38.696954');
INSERT INTO "MedicalRecord" ("id", "scheduling_id", "patient_id", "complaint", "medical_history", "physical_examination", "systolic", "diastolic", "heart_rate", "respiratory_rate", "temperature", "created_at", "updated_at") VALUES (360, 360, 196, 'Generation fire yeah tax. Newspaper step four know.
Late ago lay. Window paper step bring best summer. Fine network cover threat claim. Write talk which each reason scene.', 'Amount believe source ability investment price call. Cultural American together soon describe fill home. Size themselves pattern middle sound.', 'Six teacher seven north. Help report age.
Family pattern tell series become stop entire enjoy. Politics social game issue professional.', 116, 66, 64, 14, 36.2, '2023-10-12T06:51:59.453671', '2023-12-13T00:42:32.464792');
INSERT INTO "ServiceNote" ("id", "scheduling_id", "medical_record_id", "additional_notes", "created_at", "updated_at") VALUES (360, 360, 360, 'Glass fear worker bad next sell rich with. Alone down financial whom air ten force. Thank minute bad red customer.
Truth indicate trouble management cultural. Save blue travel general.', '2023-02-16T21:28:48.617992', '2023-11-27T18:59:58.434940');
INSERT INTO "Prescription" ("id", "service_note_id", "created_at", "updated_at") VALUES (360, 360, '2023-10-28T21:56:54.714403', '2023-12-23T02:10:06.238192');
INSERT INTO "PrescriptionDetail" ("id", "prescription_id", "medical_inventory_id", "quantity", "dosage_instructions", "created_at", "updated_at") VALUES (236, 360, 117, 10, '2 times daily after meals', '2023-04-21T03:46:01.873605', '2023-08-19T22:48:27.328052');
INSERT INTO "Payment" ("id", "service_note_id", "amount", "status", "payment_method", "created_at", "updated_at") VALUES (360, 360, 308.53, 'cancelled', 'insurance', '2023-10-14T04:02:07.728623', '2023-01-10T02:54:46.354052');
INSERT INTO "Scheduling" ("id", "staff_id", "patient_id", "service_id", "date", "session", "status", "created_at", "updated_at") VALUES (361, 13, 128, 1, '2024-07-20', 'morning', 'cancelled', '2023-07-27T11:42:19.109766', '2023-01-10T22:27:16.047017');
INSERT INTO "Scheduling" ("id", "staff_id", "patient_id", "service_id", "date", "session", "status", "created_at", "updated_at") VALUES (362, 2, 195, 5, '2024-06-15', 'morning', 'scheduled', '2023-11-16T15:17:39.986227', '2023-01-28T03:04:19.993008');
INSERT INTO "Scheduling" ("id", "staff_id", "patient_id", "service_id", "date", "session", "status", "created_at", "updated_at") VALUES (363, 46, 55, 4, '2024-08-19', 'evening', 'scheduled', '2023-10-28T02:49:06.879888', '2023-01-05T22:44:27.824928');
INSERT INTO "Scheduling" ("id", "staff_id", "patient_id", "service_id", "date", "session", "status", "created_at", "updated_at") VALUES (364, 10, 162, 6, '2024-05-02', 'afternoon', 'completed', '2023-10-03T07:13:54.823112', '2023-05-04T21:06:09.149225');
INSERT INTO "MedicalRecord" ("id", "scheduling_id", "patient_id", "complaint", "medical_history", "physical_examination", "systolic", "diastolic", "heart_rate", "respiratory_rate", "temperature", "created_at", "updated_at") VALUES (364, 364, 162, 'Adult his decision federal place work. Thus manage call able on.
He friend sound worker.
Determine some gas it common final.', 'Ball policy daughter current. Phone doctor popular often.
Marriage reach person question growth authority. Trial forward mean wish most respond end. Paper certain add you method.', 'Water back country window reveal give president. Add arm author big report. Avoid these able why method group.
Radio program media billion. Expect foot five this record history follow guess.', 109, 85, 91, 17, 36.7, '2023-08-03T07:52:16.178529', '2023-02-09T06:22:07.207212');
INSERT INTO "ServiceNote" ("id", "scheduling_id", "medical_record_id", "additional_notes", "created_at", "updated_at") VALUES (364, 364, 364, 'Book those film wide. Economy region out see. Use in baby but.
Fear because reflect PM ability ask report. With age information often high. Personal hope let early determine risk.', '2023-11-09T21:42:23.778187', '2023-07-27T23:45:38.227774');
INSERT INTO "Prescription" ("id", "service_note_id", "created_at", "updated_at") VALUES (364, 364, '2023-08-22T05:05:43.542237', '2023-05-05T18:10:06.060210');
INSERT INTO "PrescriptionDetail" ("id", "prescription_id", "medical_inventory_id", "quantity", "dosage_instructions", "created_at", "updated_at") VALUES (237, 364, 85, 2, '1 times daily after meals', '2023-08-12T09:33:59.433503', '2023-01-03T16:43:05.827014');
INSERT INTO "Payment" ("id", "service_note_id", "amount", "status", "payment_method", "created_at", "updated_at") VALUES (364, 364, 103.24, 'pAID', 'cash', '2023-10-05T20:10:17.614177', '2023-12-01T21:47:59.676357');
INSERT INTO "Scheduling" ("id", "staff_id", "patient_id", "service_id", "date", "session", "status", "created_at", "updated_at") VALUES (365, 35, 149, 5, '2024-08-27', 'morning', 'completed', '2023-12-20T02:58:48.359527', '2023-02-28T21:34:42.026120');
INSERT INTO "MedicalRecord" ("id", "scheduling_id", "patient_id", "complaint", "medical_history", "physical_examination", "systolic", "diastolic", "heart_rate", "respiratory_rate", "temperature", "created_at", "updated_at") VALUES (365, 365, 149, 'Myself however former knowledge condition ago. Make level well business anyone visit on.', 'Since look poor commercial movement. Against choice away upon.
Fire blood possible rest certainly fine. Subject middle book write blood guy.', 'From training catch card long listen.
Apply figure letter performance practice partner. View receive goal public job sister back.', 90, 63, 75, 18, 37.2, '2023-08-13T04:59:33.331339', '2023-04-13T21:28:47.505044');
INSERT INTO "ServiceNote" ("id", "scheduling_id", "medical_record_id", "additional_notes", "created_at", "updated_at") VALUES (365, 365, 365, 'Probably sit play. Animal at this small. Sport win rule central what hard now.
Power travel decision necessary space. Defense image with avoid world.', '2023-03-06T16:48:05.460055', '2023-11-02T22:50:22.014889');
INSERT INTO "Prescription" ("id", "service_note_id", "created_at", "updated_at") VALUES (365, 365, '2023-05-04T08:47:22.997857', '2023-07-05T10:50:14.255160');
INSERT INTO "PrescriptionDetail" ("id", "prescription_id", "medical_inventory_id", "quantity", "dosage_instructions", "created_at", "updated_at") VALUES (238, 365, 64, 1, '1 times daily after meals', '2023-09-20T13:22:42.431356', '2023-04-14T23:03:44.986417');
INSERT INTO "PrescriptionDetail" ("id", "prescription_id", "medical_inventory_id", "quantity", "dosage_instructions", "created_at", "updated_at") VALUES (239, 365, 118, 2, '3 times daily after meals', '2023-05-17T23:35:31.935793', '2023-07-31T09:30:22.864638');
INSERT INTO "Payment" ("id", "service_note_id", "amount", "status", "payment_method", "created_at", "updated_at") VALUES (365, 365, 682.71, 'pending', 'insurance', '2023-03-17T03:57:33.737428', '2023-01-26T04:26:10.927160');
INSERT INTO "Scheduling" ("id", "staff_id", "patient_id", "service_id", "date", "session", "status", "created_at", "updated_at") VALUES (366, 25, 216, 3, '2024-10-20', 'afternoon', 'cancelled', '2023-04-13T08:09:29.676338', '2023-08-24T11:45:58.184227');
INSERT INTO "Scheduling" ("id", "staff_id", "patient_id", "service_id", "date", "session", "status", "created_at", "updated_at") VALUES (367, 47, 332, 9, '2024-05-09', 'evening', 'scheduled', '2023-06-30T20:36:49.000883', '2023-11-11T14:39:13.396836');
INSERT INTO "Scheduling" ("id", "staff_id", "patient_id", "service_id", "date", "session", "status", "created_at", "updated_at") VALUES (368, 17, 203, 4, '2024-08-30', 'evening', 'completed', '2023-07-08T23:22:43.792069', '2023-01-09T09:28:01.094846');
INSERT INTO "MedicalRecord" ("id", "scheduling_id", "patient_id", "complaint", "medical_history", "physical_examination", "systolic", "diastolic", "heart_rate", "respiratory_rate", "temperature", "created_at", "updated_at") VALUES (368, 368, 203, 'Assume threat standard marriage election fill any choose. Stay similar own color fill discuss parent. Image into appear finally sense.', 'Stop tough bit indeed force expect standard. Everyone should plan gas just lead.
Over rest live kind area final policy.', 'Happen garden position. Class surface bit light play great fly type.
Tree service see democratic film. Season site age camera every about fall. Image leader heavy choose article stock rather.', 93, 87, 73, 13, 36.4, '2023-12-27T08:28:38.885572', '2023-03-13T00:38:06.057864');
INSERT INTO "ServiceNote" ("id", "scheduling_id", "medical_record_id", "additional_notes", "created_at", "updated_at") VALUES (368, 368, 368, 'Hear ability rock among. Home pick pull should from must effect.
Design economic trade authority. Song some quality. Mrs heart identify.
Around smile century watch benefit.', '2023-01-17T23:45:59.157316', '2023-04-15T09:29:49.994062');
INSERT INTO "Prescription" ("id", "service_note_id", "created_at", "updated_at") VALUES (368, 368, '2023-01-29T15:15:30.689344', '2023-09-07T06:33:17.574823');
INSERT INTO "PrescriptionDetail" ("id", "prescription_id", "medical_inventory_id", "quantity", "dosage_instructions", "created_at", "updated_at") VALUES (240, 368, 84, 1, '1 times daily after meals', '2023-12-06T03:56:42.704715', '2023-06-16T11:57:37.654065');
INSERT INTO "PrescriptionDetail" ("id", "prescription_id", "medical_inventory_id", "quantity", "dosage_instructions", "created_at", "updated_at") VALUES (241, 368, 71, 10, '1 times daily after meals', '2023-03-02T09:54:31.794734', '2023-07-24T08:01:24.583081');
INSERT INTO "Payment" ("id", "service_note_id", "amount", "status", "payment_method", "created_at", "updated_at") VALUES (368, 368, 426.02, 'pending', 'cash', '2023-04-03T09:10:44.335859', '2023-12-05T22:45:17.852064');
INSERT INTO "Scheduling" ("id", "staff_id", "patient_id", "service_id", "date", "session", "status", "created_at", "updated_at") VALUES (369, 3, 294, 10, '2024-09-24', 'evening', 'scheduled', '2023-08-06T11:19:32.488929', '2023-05-02T00:29:30.564470');
INSERT INTO "Scheduling" ("id", "staff_id", "patient_id", "service_id", "date", "session", "status", "created_at", "updated_at") VALUES (370, 24, 131, 8, '2024-05-21', 'morning', 'scheduled', '2023-07-04T10:11:45.768268', '2023-03-12T01:29:30.843613');
INSERT INTO "Scheduling" ("id", "staff_id", "patient_id", "service_id", "date", "session", "status", "created_at", "updated_at") VALUES (371, 44, 81, 1, '2024-10-04', 'afternoon', 'completed', '2023-05-26T16:15:58.660857', '2023-12-06T09:26:18.384308');
INSERT INTO "MedicalRecord" ("id", "scheduling_id", "patient_id", "complaint", "medical_history", "physical_examination", "systolic", "diastolic", "heart_rate", "respiratory_rate", "temperature", "created_at", "updated_at") VALUES (371, 371, 81, 'Road almost main hot though political property. Late degree me themselves arm billion southern.
Common various character debate development under.', 'Alone such unit require individual how. Foot financial level easy probably number.
Building this prove back. Partner season alone list herself anyone.', 'Sign word speak act Mr. Their be or treat floor hotel. Compare control identify painting set.
Meet box girl represent race condition whose. If fact cause certainly.', 131, 64, 94, 13, 36.2, '2023-03-27T12:05:07.218249', '2023-08-30T07:01:44.208034');
INSERT INTO "ServiceNote" ("id", "scheduling_id", "medical_record_id", "additional_notes", "created_at", "updated_at") VALUES (371, 371, 371, 'Cut sport create memory hot player goal.
System increase image popular. My against open. From anything anyone speech machine half.', '2023-04-12T07:25:00.429964', '2023-07-27T16:34:02.492697');
INSERT INTO "Prescription" ("id", "service_note_id", "created_at", "updated_at") VALUES (371, 371, '2023-04-05T15:37:02.229550', '2023-07-01T13:02:40.995833');
INSERT INTO "PrescriptionDetail" ("id", "prescription_id", "medical_inventory_id", "quantity", "dosage_instructions", "created_at", "updated_at") VALUES (242, 371, 82, 9, '3 times daily after meals', '2023-06-01T15:18:39.138974', '2023-11-15T20:42:07.379369');
INSERT INTO "Payment" ("id", "service_note_id", "amount", "status", "payment_method", "created_at", "updated_at") VALUES (371, 371, 768.86, 'pAID', 'credit_card', '2023-08-11T07:27:34.309497', '2023-09-23T07:58:17.813408');
INSERT INTO "Scheduling" ("id", "staff_id", "patient_id", "service_id", "date", "session", "status", "created_at", "updated_at") VALUES (372, 2, 234, 3, '2024-10-22', 'afternoon', 'completed', '2023-10-04T22:48:42.097470', '2023-12-09T02:51:57.217737');
INSERT INTO "MedicalRecord" ("id", "scheduling_id", "patient_id", "complaint", "medical_history", "physical_examination", "systolic", "diastolic", "heart_rate", "respiratory_rate", "temperature", "created_at", "updated_at") VALUES (372, 372, 234, 'Democrat sell ahead likely sometimes middle site. Stock particularly bit travel indicate away may operation. Standard air move rich enjoy person discuss.', 'Continue challenge song you. Certainly anyone benefit peace official. Note traditional effect benefit.', 'House fight where assume quite mention. Tree care about choice say. On beautiful enjoy hundred.
Simple visit item. Future town as her think thank possible. Great peace sell away when here.', 92, 75, 88, 20, 36.4, '2023-02-13T13:10:58.383869', '2023-06-20T07:43:54.780813');
INSERT INTO "ServiceNote" ("id", "scheduling_id", "medical_record_id", "additional_notes", "created_at", "updated_at") VALUES (372, 372, 372, 'Challenge certain tax quite capital. Special soldier success court.
Property them radio agreement. Either daughter law big product. Up music rock force media day collection big.', '2023-08-19T08:01:03.243303', '2023-01-24T11:32:14.557641');
INSERT INTO "Prescription" ("id", "service_note_id", "created_at", "updated_at") VALUES (372, 372, '2023-12-30T23:57:04.585192', '2023-03-25T19:19:07.416252');
INSERT INTO "PrescriptionDetail" ("id", "prescription_id", "medical_inventory_id", "quantity", "dosage_instructions", "created_at", "updated_at") VALUES (243, 372, 126, 4, '3 times daily after meals', '2023-10-21T12:46:29.493425', '2023-10-04T12:44:29.646036');
INSERT INTO "PrescriptionDetail" ("id", "prescription_id", "medical_inventory_id", "quantity", "dosage_instructions", "created_at", "updated_at") VALUES (244, 372, 48, 9, '2 times daily after meals', '2023-04-06T01:46:21.260053', '2023-08-17T16:06:54.990723');
INSERT INTO "PrescriptionDetail" ("id", "prescription_id", "medical_inventory_id", "quantity", "dosage_instructions", "created_at", "updated_at") VALUES (245, 372, 83, 8, '2 times daily after meals', '2023-09-13T08:56:50.670269', '2023-11-14T06:34:46.081502');
INSERT INTO "Payment" ("id", "service_note_id", "amount", "status", "payment_method", "created_at", "updated_at") VALUES (372, 372, 874.28, 'cancelled', 'credit_card', '2023-11-11T23:42:27.226144', '2023-03-18T20:50:31.733352');
INSERT INTO "Scheduling" ("id", "staff_id", "patient_id", "service_id", "date", "session", "status", "created_at", "updated_at") VALUES (373, 5, 281, 5, '2024-09-11', 'morning', 'completed', '2023-12-07T23:46:00.707556', '2023-08-19T16:31:12.769930');
INSERT INTO "MedicalRecord" ("id", "scheduling_id", "patient_id", "complaint", "medical_history", "physical_examination", "systolic", "diastolic", "heart_rate", "respiratory_rate", "temperature", "created_at", "updated_at") VALUES (373, 373, 281, 'Few machine improve number cell purpose. Huge much now.', 'Letter fact history issue investment action. Drop laugh after sell soldier.
Like camera red low individual send. White source company law more she.', 'Never college crime pattern. Population threat necessary those.
Sea very his election who add. Parent century hair east. Laugh friend son employee.', 124, 71, 89, 12, 37.2, '2023-04-18T02:45:55.632277', '2023-04-04T21:52:34.928708');
INSERT INTO "ServiceNote" ("id", "scheduling_id", "medical_record_id", "additional_notes", "created_at", "updated_at") VALUES (373, 373, 373, 'Pattern hot impact rule. Meeting position civil sense control. Wait chance people into.
Thus teacher dark grow record. Pay blue paper think letter easy. Memory hot song offer center Republican.', '2023-03-19T05:37:08.249217', '2023-08-20T20:08:35.088416');
INSERT INTO "Prescription" ("id", "service_note_id", "created_at", "updated_at") VALUES (373, 373, '2023-08-06T07:07:12.253446', '2023-05-02T03:40:23.416406');
INSERT INTO "PrescriptionDetail" ("id", "prescription_id", "medical_inventory_id", "quantity", "dosage_instructions", "created_at", "updated_at") VALUES (246, 373, 98, 3, '1 times daily after meals', '2023-12-22T17:04:59.136523', '2023-08-09T09:36:17.439192');
INSERT INTO "PrescriptionDetail" ("id", "prescription_id", "medical_inventory_id", "quantity", "dosage_instructions", "created_at", "updated_at") VALUES (247, 373, 94, 10, '1 times daily after meals', '2023-12-03T18:56:52.713850', '2023-10-21T16:06:20.905446');
INSERT INTO "PrescriptionDetail" ("id", "prescription_id", "medical_inventory_id", "quantity", "dosage_instructions", "created_at", "updated_at") VALUES (248, 373, 83, 2, '3 times daily after meals', '2023-06-04T16:43:24.504498', '2023-07-26T19:05:50.943948');
INSERT INTO "Payment" ("id", "service_note_id", "amount", "status", "payment_method", "created_at", "updated_at") VALUES (373, 373, 968.8, 'pAID', 'credit_card', '2023-08-12T23:34:15.708478', '2023-07-02T22:18:04.248889');
INSERT INTO "Scheduling" ("id", "staff_id", "patient_id", "service_id", "date", "session", "status", "created_at", "updated_at") VALUES (374, 50, 195, 6, '2024-09-17', 'morning', 'completed', '2023-08-28T06:22:44.284863', '2023-08-09T22:01:19.880889');
INSERT INTO "MedicalRecord" ("id", "scheduling_id", "patient_id", "complaint", "medical_history", "physical_examination", "systolic", "diastolic", "heart_rate", "respiratory_rate", "temperature", "created_at", "updated_at") VALUES (374, 374, 195, 'Dog soon parent room region minute. Reason everybody land daughter strategy pattern. Be today relate enjoy treat.', 'Yeah so cut edge left herself spend. Anyone laugh who thing now. Major baby population old house pretty short whom.
Surface age college son direction week impact guy. Evening Republican artist.', 'Conference read and.
Kid total stock knowledge pay. Remain yourself focus drive.
Reason agreement party trip general. Finish up executive carry him. Decision want since surface newspaper.', 131, 70, 67, 13, 36.8, '2023-08-29T18:41:52.370812', '2023-09-27T02:47:33.486543');
INSERT INTO "ServiceNote" ("id", "scheduling_id", "medical_record_id", "additional_notes", "created_at", "updated_at") VALUES (374, 374, 374, 'Cut police not. Until budget magazine low this. Data responsibility prepare very remember. Whatever region trouble.', '2023-02-11T07:27:35.576408', '2023-01-31T22:10:35.582743');
INSERT INTO "Prescription" ("id", "service_note_id", "created_at", "updated_at") VALUES (374, 374, '2023-10-21T05:34:04.101590', '2023-01-10T22:15:30.200832');
INSERT INTO "PrescriptionDetail" ("id", "prescription_id", "medical_inventory_id", "quantity", "dosage_instructions", "created_at", "updated_at") VALUES (249, 374, 12, 3, '1 times daily after meals', '2023-10-20T01:57:42.227886', '2023-12-05T04:04:30.784307');
INSERT INTO "Payment" ("id", "service_note_id", "amount", "status", "payment_method", "created_at", "updated_at") VALUES (374, 374, 879.82, 'pending', 'cash', '2023-02-26T03:32:26.347028', '2023-11-13T17:17:00.108291');
INSERT INTO "Scheduling" ("id", "staff_id", "patient_id", "service_id", "date", "session", "status", "created_at", "updated_at") VALUES (375, 32, 67, 10, '2024-06-17', 'morning', 'cancelled', '2023-12-01T07:10:59.825885', '2023-07-22T18:54:14.037774');
INSERT INTO "Scheduling" ("id", "staff_id", "patient_id", "service_id", "date", "session", "status", "created_at", "updated_at") VALUES (376, 25, 320, 10, '2024-10-14', 'afternoon', 'cancelled', '2023-11-19T23:39:15.842937', '2023-12-29T23:45:33.867565');
INSERT INTO "Scheduling" ("id", "staff_id", "patient_id", "service_id", "date", "session", "status", "created_at", "updated_at") VALUES (377, 38, 238, 4, '2024-07-03', 'morning', 'cancelled', '2023-09-05T11:49:09.308922', '2023-11-28T04:18:46.536122');
INSERT INTO "Scheduling" ("id", "staff_id", "patient_id", "service_id", "date", "session", "status", "created_at", "updated_at") VALUES (378, 46, 157, 8, '2024-05-17', 'morning', 'scheduled', '2023-10-08T09:49:14.926139', '2023-02-21T02:50:11.258799');
INSERT INTO "Scheduling" ("id", "staff_id", "patient_id", "service_id", "date", "session", "status", "created_at", "updated_at") VALUES (379, 30, 235, 9, '2024-10-09', 'morning', 'cancelled', '2023-11-02T19:31:11.894312', '2023-10-16T16:18:31.606254');
INSERT INTO "Scheduling" ("id", "staff_id", "patient_id", "service_id", "date", "session", "status", "created_at", "updated_at") VALUES (380, 27, 80, 10, '2024-08-01', 'evening', 'completed', '2023-06-13T16:51:12.611639', '2023-11-18T07:43:24.677634');
INSERT INTO "MedicalRecord" ("id", "scheduling_id", "patient_id", "complaint", "medical_history", "physical_examination", "systolic", "diastolic", "heart_rate", "respiratory_rate", "temperature", "created_at", "updated_at") VALUES (380, 380, 80, 'Institution establish as attorney pretty country. Travel later continue hospital option.
Class southern professional discuss reflect whose. Arm audience plant performance. Fly parent own age course.', 'Office hospital past region dog. Gun generation former consumer available quite born.
Few final support man center. Even hand sometimes statement near wife add. Question color reveal later foreign.', 'Game strategy force ground why choose Democrat argue. Management parent show use.
Reduce someone citizen billion hit. Structure performance company town major individual.', 123, 61, 64, 16, 36.1, '2023-11-04T13:44:30.071977', '2023-01-12T23:13:08.495882');
INSERT INTO "ServiceNote" ("id", "scheduling_id", "medical_record_id", "additional_notes", "created_at", "updated_at") VALUES (380, 380, 380, 'Themselves avoid fear hair decade. Into cultural later new report statement. Which very show government into find.', '2023-01-02T21:49:29.865806', '2023-08-13T07:30:58.130118');
INSERT INTO "Prescription" ("id", "service_note_id", "created_at", "updated_at") VALUES (380, 380, '2023-11-14T22:56:51.786503', '2023-11-03T23:03:49.241294');
INSERT INTO "PrescriptionDetail" ("id", "prescription_id", "medical_inventory_id", "quantity", "dosage_instructions", "created_at", "updated_at") VALUES (250, 380, 133, 2, '1 times daily after meals', '2023-05-31T06:29:03.957144', '2023-06-16T02:49:51.734869');
INSERT INTO "Payment" ("id", "service_note_id", "amount", "status", "payment_method", "created_at", "updated_at") VALUES (380, 380, 738.91, 'cancelled', 'insurance', '2023-04-23T23:42:44.172262', '2023-03-02T07:28:55.322248');
INSERT INTO "Scheduling" ("id", "staff_id", "patient_id", "service_id", "date", "session", "status", "created_at", "updated_at") VALUES (381, 13, 178, 10, '2024-06-17', 'evening', 'cancelled', '2023-04-06T11:48:24.844523', '2023-12-15T12:05:10.225262');
INSERT INTO "Scheduling" ("id", "staff_id", "patient_id", "service_id", "date", "session", "status", "created_at", "updated_at") VALUES (382, 12, 336, 7, '2024-09-18', 'evening', 'cancelled', '2023-07-01T19:47:58.212431', '2023-05-10T23:42:46.468617');
INSERT INTO "Scheduling" ("id", "staff_id", "patient_id", "service_id", "date", "session", "status", "created_at", "updated_at") VALUES (383, 7, 234, 8, '2024-10-09', 'evening', 'cancelled', '2023-11-05T16:48:29.979757', '2023-07-18T13:07:43.699317');
INSERT INTO "Scheduling" ("id", "staff_id", "patient_id", "service_id", "date", "session", "status", "created_at", "updated_at") VALUES (384, 43, 136, 3, '2024-08-16', 'morning', 'cancelled', '2023-10-13T19:08:14.468044', '2023-04-19T23:35:40.737533');
INSERT INTO "Scheduling" ("id", "staff_id", "patient_id", "service_id", "date", "session", "status", "created_at", "updated_at") VALUES (385, 26, 131, 9, '2024-09-05', 'afternoon', 'cancelled', '2023-05-25T15:56:10.421941', '2023-11-02T11:47:31.188901');
INSERT INTO "Scheduling" ("id", "staff_id", "patient_id", "service_id", "date", "session", "status", "created_at", "updated_at") VALUES (386, 29, 332, 6, '2024-07-28', 'afternoon', 'completed', '2023-09-10T02:45:04.475119', '2023-08-17T14:49:55.955714');
INSERT INTO "MedicalRecord" ("id", "scheduling_id", "patient_id", "complaint", "medical_history", "physical_examination", "systolic", "diastolic", "heart_rate", "respiratory_rate", "temperature", "created_at", "updated_at") VALUES (386, 386, 332, 'Region standard contain he respond bill central. Form teacher picture clear police citizen free.
She spend night company. Enter star without these care.', 'Participant structure radio successful at opportunity development. Two population outside fund card resource.
Can according realize assume. Market few offer economic. Business expert parent draw.', 'Agreement relate pay happen. Debate treat yeah group save collection admit.
Admit meeting family bed. Cost phone we fly now strategy natural.', 116, 84, 100, 18, 37.2, '2023-10-13T08:57:15.405182', '2023-12-29T07:00:22.767867');
INSERT INTO "ServiceNote" ("id", "scheduling_id", "medical_record_id", "additional_notes", "created_at", "updated_at") VALUES (386, 386, 386, 'Begin prove only both set staff.
Energy television day summer finish simply growth. Mrs civil leg article important people.
Indeed stuff book hear. Pull through our itself again model concern.', '2023-07-24T17:43:50.708441', '2023-12-04T12:49:11.283324');
INSERT INTO "Prescription" ("id", "service_note_id", "created_at", "updated_at") VALUES (386, 386, '2023-08-29T09:39:39.119836', '2023-03-14T23:01:38.964357');
INSERT INTO "PrescriptionDetail" ("id", "prescription_id", "medical_inventory_id", "quantity", "dosage_instructions", "created_at", "updated_at") VALUES (251, 386, 62, 10, '3 times daily after meals', '2023-06-23T12:03:51.165113', '2023-07-26T10:05:11.134167');
INSERT INTO "PrescriptionDetail" ("id", "prescription_id", "medical_inventory_id", "quantity", "dosage_instructions", "created_at", "updated_at") VALUES (252, 386, 55, 7, '3 times daily after meals', '2023-07-06T08:05:32.871779', '2023-09-20T11:57:12.814110');
INSERT INTO "Payment" ("id", "service_note_id", "amount", "status", "payment_method", "created_at", "updated_at") VALUES (386, 386, 929.84, 'pAID', 'debit_card', '2023-08-04T13:57:18.661574', '2023-01-31T22:45:18.804018');
INSERT INTO "Scheduling" ("id", "staff_id", "patient_id", "service_id", "date", "session", "status", "created_at", "updated_at") VALUES (387, 29, 51, 1, '2024-08-21', 'afternoon', 'completed', '2023-09-24T14:07:03.923424', '2023-09-25T17:04:34.817230');
INSERT INTO "MedicalRecord" ("id", "scheduling_id", "patient_id", "complaint", "medical_history", "physical_examination", "systolic", "diastolic", "heart_rate", "respiratory_rate", "temperature", "created_at", "updated_at") VALUES (387, 387, 51, 'That both middle picture production talk race. Result do list for. Decade behind dog every.', 'Born make simply sing better thing. Government born serve song win protect future performance.
Reflect tend control.', 'Either difference threat arrive game. Off forward southern before development early girl.
Impact clear class bank these. Party until main industry.', 128, 60, 93, 14, 37.5, '2023-07-29T07:32:43.413827', '2023-02-12T07:44:49.166009');
INSERT INTO "ServiceNote" ("id", "scheduling_id", "medical_record_id", "additional_notes", "created_at", "updated_at") VALUES (387, 387, 387, 'Analysis table bit even under help. For operation star bar stay experience wait us.
Even treatment once same keep goal. Successful probably shake eye economy strong yard.', '2023-01-25T19:58:35.001794', '2023-04-17T10:28:42.446663');
INSERT INTO "Prescription" ("id", "service_note_id", "created_at", "updated_at") VALUES (387, 387, '2023-04-26T19:48:24.688763', '2023-04-26T09:57:25.607547');
INSERT INTO "PrescriptionDetail" ("id", "prescription_id", "medical_inventory_id", "quantity", "dosage_instructions", "created_at", "updated_at") VALUES (253, 387, 2, 5, '1 times daily after meals', '2023-09-14T00:07:45.650587', '2023-07-06T05:29:49.698982');
INSERT INTO "PrescriptionDetail" ("id", "prescription_id", "medical_inventory_id", "quantity", "dosage_instructions", "created_at", "updated_at") VALUES (254, 387, 55, 6, '1 times daily after meals', '2023-07-05T22:24:44.859599', '2023-08-31T13:09:30.966030');
INSERT INTO "Payment" ("id", "service_note_id", "amount", "status", "payment_method", "created_at", "updated_at") VALUES (387, 387, 782.95, 'cancelled', 'debit_card', '2023-05-24T09:08:33.951890', '2023-05-18T22:07:42.961991');
INSERT INTO "Scheduling" ("id", "staff_id", "patient_id", "service_id", "date", "session", "status", "created_at", "updated_at") VALUES (388, 36, 343, 10, '2024-09-06', 'evening', 'scheduled', '2023-11-11T17:03:25.110187', '2023-11-19T01:25:43.154197');
INSERT INTO "Scheduling" ("id", "staff_id", "patient_id", "service_id", "date", "session", "status", "created_at", "updated_at") VALUES (389, 7, 233, 3, '2024-05-08', 'afternoon', 'scheduled', '2023-08-11T04:14:59.158524', '2023-11-22T19:18:46.040950');
INSERT INTO "Scheduling" ("id", "staff_id", "patient_id", "service_id", "date", "session", "status", "created_at", "updated_at") VALUES (390, 17, 178, 4, '2024-07-31', 'evening', 'completed', '2023-04-02T00:01:10.351156', '2023-12-24T03:46:35.875835');
INSERT INTO "MedicalRecord" ("id", "scheduling_id", "patient_id", "complaint", "medical_history", "physical_examination", "systolic", "diastolic", "heart_rate", "respiratory_rate", "temperature", "created_at", "updated_at") VALUES (390, 390, 178, 'Family baby voice better since reflect pay. Future money past maintain low yourself security. Scene your edge charge either clearly.', 'Door doctor true page professional new.
Decide what city yeah most trouble country. Hand radio national size conference indeed difficult. Month exactly write she.', 'Stand represent dog care politics in couple. Seat throw five could final could nor law.
Know personal establish stock the push democratic fact. Simple still wife student allow.', 109, 62, 96, 18, 36.9, '2023-01-02T09:11:34.020545', '2023-07-07T17:46:28.329998');
INSERT INTO "ServiceNote" ("id", "scheduling_id", "medical_record_id", "additional_notes", "created_at", "updated_at") VALUES (390, 390, 390, 'Figure lose dream of. Type budget career. Hand people music onto.', '2023-05-11T09:54:37.927440', '2023-11-29T17:52:59.690880');
INSERT INTO "Prescription" ("id", "service_note_id", "created_at", "updated_at") VALUES (390, 390, '2023-12-05T23:09:43.077991', '2023-11-17T00:55:59.765926');
INSERT INTO "PrescriptionDetail" ("id", "prescription_id", "medical_inventory_id", "quantity", "dosage_instructions", "created_at", "updated_at") VALUES (255, 390, 20, 6, '2 times daily after meals', '2023-01-18T14:05:34.410414', '2023-05-16T13:35:16.955017');
INSERT INTO "Payment" ("id", "service_note_id", "amount", "status", "payment_method", "created_at", "updated_at") VALUES (390, 390, 214.26, 'cancelled', 'cash', '2023-04-19T00:28:51.983265', '2023-01-08T14:03:44.964929');
INSERT INTO "Scheduling" ("id", "staff_id", "patient_id", "service_id", "date", "session", "status", "created_at", "updated_at") VALUES (391, 39, 70, 10, '2024-10-10', 'afternoon', 'completed', '2023-02-22T09:20:44.828592', '2023-06-09T06:40:28.560817');
INSERT INTO "MedicalRecord" ("id", "scheduling_id", "patient_id", "complaint", "medical_history", "physical_examination", "systolic", "diastolic", "heart_rate", "respiratory_rate", "temperature", "created_at", "updated_at") VALUES (391, 391, 70, 'Program call best case. Happy agency almost democratic team seek give.
One use little poor nature. Will stage before really especially travel me.', 'Child check key. Already site pull news usually put.
Office for support soon. West sense public management development baby.', 'Manage popular onto everyone. Yet friend coach central right color. Growth site end.
Eye last apply even lot pay. Always positive face seek memory magazine.', 95, 84, 63, 17, 36.5, '2023-09-28T03:28:31.563060', '2023-09-24T02:22:57.694902');
INSERT INTO "ServiceNote" ("id", "scheduling_id", "medical_record_id", "additional_notes", "created_at", "updated_at") VALUES (391, 391, 391, 'Speech effort behavior age scientist. Subject let wish article modern. Ago source drive month security throughout worry.
End enjoy no health party off. Employee glass factor class ok work rule.', '2023-06-06T22:09:55.626114', '2023-10-19T22:48:38.091805');
INSERT INTO "Prescription" ("id", "service_note_id", "created_at", "updated_at") VALUES (391, 391, '2023-12-04T05:05:50.544117', '2023-10-05T17:14:04.824309');
INSERT INTO "PrescriptionDetail" ("id", "prescription_id", "medical_inventory_id", "quantity", "dosage_instructions", "created_at", "updated_at") VALUES (256, 391, 107, 2, '1 times daily after meals', '2023-03-26T15:43:23.023756', '2023-10-04T09:52:17.910458');
INSERT INTO "PrescriptionDetail" ("id", "prescription_id", "medical_inventory_id", "quantity", "dosage_instructions", "created_at", "updated_at") VALUES (257, 391, 3, 7, '1 times daily after meals', '2023-02-08T22:41:06.892484', '2023-07-12T21:33:12.642309');
INSERT INTO "Payment" ("id", "service_note_id", "amount", "status", "payment_method", "created_at", "updated_at") VALUES (391, 391, 339.54, 'pending', 'debit_card', '2023-07-17T18:33:45.914423', '2023-05-28T01:48:45.453197');
INSERT INTO "Scheduling" ("id", "staff_id", "patient_id", "service_id", "date", "session", "status", "created_at", "updated_at") VALUES (392, 35, 218, 9, '2024-09-20', 'morning', 'cancelled', '2023-06-09T19:48:06.738933', '2023-09-03T13:51:37.125996');
INSERT INTO "Scheduling" ("id", "staff_id", "patient_id", "service_id", "date", "session", "status", "created_at", "updated_at") VALUES (393, 15, 252, 8, '2024-06-07', 'morning', 'cancelled', '2023-12-03T14:59:36.389632', '2023-08-05T17:03:50.978451');
INSERT INTO "Scheduling" ("id", "staff_id", "patient_id", "service_id", "date", "session", "status", "created_at", "updated_at") VALUES (394, 37, 164, 7, '2024-09-05', 'morning', 'completed', '2023-05-16T19:41:08.273937', '2023-02-09T03:17:49.130221');
INSERT INTO "MedicalRecord" ("id", "scheduling_id", "patient_id", "complaint", "medical_history", "physical_examination", "systolic", "diastolic", "heart_rate", "respiratory_rate", "temperature", "created_at", "updated_at") VALUES (394, 394, 164, 'Quickly task sound include audience. Pay child from describe tonight after across. Rock performance society than. Course available short suggest go area.', 'Price deep manage most. Hold sit develop.
Entire audience before back couple almost eat religious. People big enough. Opportunity necessary live recently live wife black.', 'Across behind money full during law according. Stop beyond try seek.
College how stock them. Among benefit seat business whom baby trial national.', 140, 72, 69, 14, 36.5, '2023-04-21T23:44:32.017191', '2023-01-30T16:32:07.530734');
INSERT INTO "ServiceNote" ("id", "scheduling_id", "medical_record_id", "additional_notes", "created_at", "updated_at") VALUES (394, 394, 394, 'Structure next season guy note. Significant treatment true view medical. Business land board together machine test.
Education feeling sport hospital force will. Type church respond such professional.', '2023-03-20T08:35:40.849898', '2023-12-18T04:57:26.499813');
INSERT INTO "Prescription" ("id", "service_note_id", "created_at", "updated_at") VALUES (394, 394, '2023-03-07T07:33:54.474000', '2023-02-11T23:51:36.389323');
INSERT INTO "PrescriptionDetail" ("id", "prescription_id", "medical_inventory_id", "quantity", "dosage_instructions", "created_at", "updated_at") VALUES (258, 394, 147, 1, '3 times daily after meals', '2023-06-18T12:17:42.379487', '2023-04-27T14:31:53.491759');
INSERT INTO "PrescriptionDetail" ("id", "prescription_id", "medical_inventory_id", "quantity", "dosage_instructions", "created_at", "updated_at") VALUES (259, 394, 103, 5, '1 times daily after meals', '2023-07-03T03:50:08.210997', '2023-07-01T04:14:00.488816');
INSERT INTO "Payment" ("id", "service_note_id", "amount", "status", "payment_method", "created_at", "updated_at") VALUES (394, 394, 428.6, 'pAID', 'credit_card', '2023-02-15T11:32:24.508302', '2023-09-07T19:29:06.422374');
INSERT INTO "Scheduling" ("id", "staff_id", "patient_id", "service_id", "date", "session", "status", "created_at", "updated_at") VALUES (395, 49, 337, 4, '2024-06-02', 'afternoon', 'completed', '2023-03-12T17:21:38.553894', '2023-01-01T20:47:58.391531');
INSERT INTO "MedicalRecord" ("id", "scheduling_id", "patient_id", "complaint", "medical_history", "physical_examination", "systolic", "diastolic", "heart_rate", "respiratory_rate", "temperature", "created_at", "updated_at") VALUES (395, 395, 337, 'Bed deal soon candidate dog sing.
Interesting rule staff evidence million cold member. Never material crime article TV together partner. All official hit hot last.', 'Run training general left water. Reach too late general effort. Maybe old player company training less Democrat.
Should international fly series move face matter. Shoulder side face into figure.', 'Worry similar model white. Staff side provide field top chance. Win within subject.', 115, 80, 96, 15, 36.8, '2023-01-27T16:26:20.128290', '2023-05-11T09:08:36.419978');
INSERT INTO "ServiceNote" ("id", "scheduling_id", "medical_record_id", "additional_notes", "created_at", "updated_at") VALUES (395, 395, 395, 'Full officer ask dark outside they. Age thought star painting size case. Ask pretty page stop artist popular.
Determine along least different seek. From not certainly poor pick network.', '2023-04-07T20:57:16.673808', '2023-12-22T13:01:56.784141');
INSERT INTO "Prescription" ("id", "service_note_id", "created_at", "updated_at") VALUES (395, 395, '2023-03-09T16:27:13.181964', '2023-09-20T12:27:47.669147');
INSERT INTO "PrescriptionDetail" ("id", "prescription_id", "medical_inventory_id", "quantity", "dosage_instructions", "created_at", "updated_at") VALUES (260, 395, 135, 4, '1 times daily after meals', '2023-04-17T05:30:13.162642', '2023-08-04T11:00:39.420544');
INSERT INTO "PrescriptionDetail" ("id", "prescription_id", "medical_inventory_id", "quantity", "dosage_instructions", "created_at", "updated_at") VALUES (261, 395, 19, 5, '2 times daily after meals', '2023-01-12T04:31:22.871928', '2023-05-18T00:11:54.355072');
INSERT INTO "PrescriptionDetail" ("id", "prescription_id", "medical_inventory_id", "quantity", "dosage_instructions", "created_at", "updated_at") VALUES (262, 395, 83, 10, '1 times daily after meals', '2023-12-29T02:50:13.641316', '2023-04-04T15:34:18.346455');
INSERT INTO "Payment" ("id", "service_note_id", "amount", "status", "payment_method", "created_at", "updated_at") VALUES (395, 395, 156.9, 'pAID', 'insurance', '2023-05-19T20:28:09.861709', '2023-02-10T18:34:59.460518');
INSERT INTO "Scheduling" ("id", "staff_id", "patient_id", "service_id", "date", "session", "status", "created_at", "updated_at") VALUES (396, 24, 215, 6, '2024-07-27', 'morning', 'cancelled', '2023-12-09T08:12:18.962110', '2023-07-04T06:16:05.901061');
INSERT INTO "Scheduling" ("id", "staff_id", "patient_id", "service_id", "date", "session", "status", "created_at", "updated_at") VALUES (397, 42, 137, 6, '2024-05-05', 'afternoon', 'cancelled', '2023-03-15T10:44:01.867397', '2023-11-26T11:27:18.405441');
INSERT INTO "Scheduling" ("id", "staff_id", "patient_id", "service_id", "date", "session", "status", "created_at", "updated_at") VALUES (398, 29, 276, 1, '2024-10-05', 'morning', 'scheduled', '2023-07-04T06:40:40.729590', '2023-09-29T12:53:11.196383');
INSERT INTO "Scheduling" ("id", "staff_id", "patient_id", "service_id", "date", "session", "status", "created_at", "updated_at") VALUES (399, 13, 130, 2, '2024-10-21', 'afternoon', 'scheduled', '2023-05-31T08:13:44.375217', '2023-04-20T08:51:07.994329');
INSERT INTO "Scheduling" ("id", "staff_id", "patient_id", "service_id", "date", "session", "status", "created_at", "updated_at") VALUES (400, 48, 126, 5, '2024-05-12', 'morning', 'scheduled', '2023-09-21T14:43:30.497201', '2023-09-09T08:26:35.707923');
INSERT INTO "Scheduling" ("id", "staff_id", "patient_id", "service_id", "date", "session", "status", "created_at", "updated_at") VALUES (401, 22, 207, 8, '2024-10-23', 'morning', 'completed', '2023-09-22T08:36:21.448277', '2023-10-31T06:01:38.682498');
INSERT INTO "MedicalRecord" ("id", "scheduling_id", "patient_id", "complaint", "medical_history", "physical_examination", "systolic", "diastolic", "heart_rate", "respiratory_rate", "temperature", "created_at", "updated_at") VALUES (401, 401, 207, 'Green expect listen. Newspaper once major from someone.', 'School power return key people herself value. Organization support Democrat note song unit.
Second pick campaign.', 'Artist go make project. Newspaper in through strategy place buy.
Investment finally detail many natural attorney. Discuss week this democratic.', 91, 70, 73, 20, 36.3, '2023-08-23T11:00:43.863476', '2023-08-13T08:44:57.047036');
INSERT INTO "ServiceNote" ("id", "scheduling_id", "medical_record_id", "additional_notes", "created_at", "updated_at") VALUES (401, 401, 401, 'Produce product region next check reason. Form fire however keep carry realize keep. Already himself pattern billion value campaign.', '2023-02-15T13:35:23.000735', '2023-07-08T12:21:07.635388');
INSERT INTO "Prescription" ("id", "service_note_id", "created_at", "updated_at") VALUES (401, 401, '2023-05-24T02:49:23.433801', '2023-09-10T07:41:52.088451');
INSERT INTO "PrescriptionDetail" ("id", "prescription_id", "medical_inventory_id", "quantity", "dosage_instructions", "created_at", "updated_at") VALUES (263, 401, 134, 5, '3 times daily after meals', '2023-10-13T17:24:21.904052', '2023-09-18T12:56:03.987948');
INSERT INTO "PrescriptionDetail" ("id", "prescription_id", "medical_inventory_id", "quantity", "dosage_instructions", "created_at", "updated_at") VALUES (264, 401, 124, 10, '3 times daily after meals', '2023-10-01T01:42:09.279074', '2023-05-29T19:28:25.535776');
INSERT INTO "PrescriptionDetail" ("id", "prescription_id", "medical_inventory_id", "quantity", "dosage_instructions", "created_at", "updated_at") VALUES (265, 401, 37, 1, '2 times daily after meals', '2023-03-03T19:12:36.523734', '2023-09-07T05:54:01.116851');
INSERT INTO "Payment" ("id", "service_note_id", "amount", "status", "payment_method", "created_at", "updated_at") VALUES (401, 401, 603.85, 'cancelled', 'cash', '2023-09-27T06:02:54.966216', '2023-07-20T03:36:46.026206');
INSERT INTO "Scheduling" ("id", "staff_id", "patient_id", "service_id", "date", "session", "status", "created_at", "updated_at") VALUES (402, 17, 196, 4, '2024-06-11', 'morning', 'cancelled', '2023-11-12T13:50:29.139987', '2023-02-22T15:20:53.409878');
INSERT INTO "Scheduling" ("id", "staff_id", "patient_id", "service_id", "date", "session", "status", "created_at", "updated_at") VALUES (403, 40, 289, 1, '2024-07-07', 'morning', 'scheduled', '2023-08-28T22:33:08.494739', '2023-06-05T14:59:45.741487');
INSERT INTO "Scheduling" ("id", "staff_id", "patient_id", "service_id", "date", "session", "status", "created_at", "updated_at") VALUES (404, 25, 235, 2, '2024-10-15', 'afternoon', 'scheduled', '2023-05-09T21:27:28.851231', '2023-02-03T22:50:07.457886');
INSERT INTO "Scheduling" ("id", "staff_id", "patient_id", "service_id", "date", "session", "status", "created_at", "updated_at") VALUES (405, 19, 169, 7, '2024-10-12', 'afternoon', 'cancelled', '2023-09-11T01:43:16.612079', '2023-01-23T12:10:14.695676');
INSERT INTO "Scheduling" ("id", "staff_id", "patient_id", "service_id", "date", "session", "status", "created_at", "updated_at") VALUES (406, 46, 299, 10, '2024-05-24', 'afternoon', 'cancelled', '2023-06-10T05:43:09.554415', '2023-10-23T12:08:03.103732');
INSERT INTO "Scheduling" ("id", "staff_id", "patient_id", "service_id", "date", "session", "status", "created_at", "updated_at") VALUES (407, 6, 307, 8, '2024-06-15', 'morning', 'cancelled', '2023-10-19T00:28:23.542865', '2023-07-07T15:56:09.391521');
INSERT INTO "Scheduling" ("id", "staff_id", "patient_id", "service_id", "date", "session", "status", "created_at", "updated_at") VALUES (408, 46, 177, 9, '2024-05-04', 'morning', 'completed', '2023-06-09T08:28:25.499931', '2023-08-24T20:47:53.553046');
INSERT INTO "MedicalRecord" ("id", "scheduling_id", "patient_id", "complaint", "medical_history", "physical_examination", "systolic", "diastolic", "heart_rate", "respiratory_rate", "temperature", "created_at", "updated_at") VALUES (408, 408, 177, 'Eye fly even type current about position. Spring shake whom scene light fact.
Start security social test may best. Customer company happen teacher weight.', 'Rest high interview view offer purpose affect.
Interview we inside pattern. Get suggest decide history within market. Possible employee Congress evening.', 'Hold describe thought business. Represent ok political live not. Or southern next task well move themselves.
Including able summer western. Say lead season bill allow mind require.', 111, 75, 85, 14, 36.0, '2023-01-31T08:59:06.675874', '2023-08-12T14:26:12.355210');
INSERT INTO "ServiceNote" ("id", "scheduling_id", "medical_record_id", "additional_notes", "created_at", "updated_at") VALUES (408, 408, 408, 'Notice break for require soldier. Put interview consumer soon garden east man. Artist technology there fly send interest.', '2023-01-05T12:06:36.609720', '2023-06-22T07:32:07.562383');
INSERT INTO "Prescription" ("id", "service_note_id", "created_at", "updated_at") VALUES (408, 408, '2023-12-27T23:43:22.194920', '2023-06-01T08:35:10.621980');
INSERT INTO "PrescriptionDetail" ("id", "prescription_id", "medical_inventory_id", "quantity", "dosage_instructions", "created_at", "updated_at") VALUES (266, 408, 91, 6, '3 times daily after meals', '2023-08-20T00:45:58.361786', '2023-07-03T19:47:05.204991');
INSERT INTO "PrescriptionDetail" ("id", "prescription_id", "medical_inventory_id", "quantity", "dosage_instructions", "created_at", "updated_at") VALUES (267, 408, 78, 4, '3 times daily after meals', '2023-04-29T13:52:15.661741', '2023-04-20T18:05:59.381059');
INSERT INTO "PrescriptionDetail" ("id", "prescription_id", "medical_inventory_id", "quantity", "dosage_instructions", "created_at", "updated_at") VALUES (268, 408, 71, 1, '3 times daily after meals', '2023-09-29T03:27:31.023456', '2023-06-05T18:05:03.389218');
INSERT INTO "Payment" ("id", "service_note_id", "amount", "status", "payment_method", "created_at", "updated_at") VALUES (408, 408, 294.8, 'pAID', 'cash', '2023-04-25T18:29:26.587955', '2023-09-16T00:36:10.387792');
INSERT INTO "Scheduling" ("id", "staff_id", "patient_id", "service_id", "date", "session", "status", "created_at", "updated_at") VALUES (409, 36, 128, 6, '2024-07-09', 'morning', 'completed', '2023-07-16T03:21:24.197798', '2023-02-11T19:46:10.420365');
INSERT INTO "MedicalRecord" ("id", "scheduling_id", "patient_id", "complaint", "medical_history", "physical_examination", "systolic", "diastolic", "heart_rate", "respiratory_rate", "temperature", "created_at", "updated_at") VALUES (409, 409, 128, 'Pass newspaper computer serve thus. Member vote when evidence always single. Design assume at financial.', 'Tell beautiful interest since still. Particularly right window want.
Happen share we significant theory stand. Any door parent degree heart talk main eight. Almost save yeah next.', 'Cup role career where apply bag action. House top reduce benefit watch usually.', 132, 64, 65, 18, 36.8, '2023-01-25T09:37:47.577880', '2023-11-12T18:43:42.290708');
INSERT INTO "ServiceNote" ("id", "scheduling_id", "medical_record_id", "additional_notes", "created_at", "updated_at") VALUES (409, 409, 409, 'Open traditional computer different response sort.
Much power talk. Way seven provide while hotel.', '2023-12-30T10:29:18.864086', '2023-03-23T03:44:12.285835');
INSERT INTO "Prescription" ("id", "service_note_id", "created_at", "updated_at") VALUES (409, 409, '2023-05-03T18:43:52.086926', '2023-11-02T10:51:34.482701');
INSERT INTO "PrescriptionDetail" ("id", "prescription_id", "medical_inventory_id", "quantity", "dosage_instructions", "created_at", "updated_at") VALUES (269, 409, 59, 7, '1 times daily after meals', '2023-04-13T17:35:06.421439', '2023-05-16T23:26:29.667652');
INSERT INTO "PrescriptionDetail" ("id", "prescription_id", "medical_inventory_id", "quantity", "dosage_instructions", "created_at", "updated_at") VALUES (270, 409, 147, 3, '2 times daily after meals', '2023-06-09T03:45:07.847913', '2023-04-01T12:42:56.493395');
INSERT INTO "PrescriptionDetail" ("id", "prescription_id", "medical_inventory_id", "quantity", "dosage_instructions", "created_at", "updated_at") VALUES (271, 409, 80, 10, '2 times daily after meals', '2023-12-27T04:19:42.534980', '2023-10-02T03:21:29.754180');
INSERT INTO "Payment" ("id", "service_note_id", "amount", "status", "payment_method", "created_at", "updated_at") VALUES (409, 409, 476.71, 'pending', 'credit_card', '2023-06-01T23:59:23.803110', '2023-09-08T22:08:23.796349');
INSERT INTO "Scheduling" ("id", "staff_id", "patient_id", "service_id", "date", "session", "status", "created_at", "updated_at") VALUES (410, 42, 328, 4, '2024-06-03', 'evening', 'scheduled', '2023-12-28T18:03:29.381617', '2023-07-16T12:56:08.306785');
INSERT INTO "Scheduling" ("id", "staff_id", "patient_id", "service_id", "date", "session", "status", "created_at", "updated_at") VALUES (411, 20, 319, 3, '2024-10-22', 'evening', 'completed', '2023-10-14T07:22:17.352905', '2023-12-09T20:19:39.109987');
INSERT INTO "MedicalRecord" ("id", "scheduling_id", "patient_id", "complaint", "medical_history", "physical_examination", "systolic", "diastolic", "heart_rate", "respiratory_rate", "temperature", "created_at", "updated_at") VALUES (411, 411, 319, 'Sense opportunity approach significant. Miss interest know attorney reason. Large make charge wear vote cultural feel.', 'Two find win ahead compare billion quality. Democrat respond contain. Sometimes reveal design daughter stage.
Artist this key soon occur. That hour suddenly service situation light table.', 'Throw total short world rule make. Instead bag century reach production risk ever.
Performance information popular plan. Particular hot loss everybody. Appear interest unit most ready single job.', 139, 64, 96, 14, 36.5, '2023-08-27T16:28:20.590888', '2023-08-09T05:43:30.346456');
INSERT INTO "ServiceNote" ("id", "scheduling_id", "medical_record_id", "additional_notes", "created_at", "updated_at") VALUES (411, 411, 411, 'Here sea ability television wonder PM ability. Position officer interest claim.
Front kind wrong face cultural. Detail nation may.
Would whose interest week street film.', '2023-10-16T11:35:37.657993', '2023-07-13T09:24:50.815952');
INSERT INTO "Prescription" ("id", "service_note_id", "created_at", "updated_at") VALUES (411, 411, '2023-10-14T03:38:02.330190', '2023-04-15T10:46:04.606009');
INSERT INTO "PrescriptionDetail" ("id", "prescription_id", "medical_inventory_id", "quantity", "dosage_instructions", "created_at", "updated_at") VALUES (272, 411, 137, 2, '1 times daily after meals', '2023-06-26T05:11:52.345372', '2023-09-10T11:44:20.935780');
INSERT INTO "PrescriptionDetail" ("id", "prescription_id", "medical_inventory_id", "quantity", "dosage_instructions", "created_at", "updated_at") VALUES (273, 411, 82, 3, '3 times daily after meals', '2023-05-21T16:39:08.519128', '2023-04-29T01:03:44.211663');
INSERT INTO "PrescriptionDetail" ("id", "prescription_id", "medical_inventory_id", "quantity", "dosage_instructions", "created_at", "updated_at") VALUES (274, 411, 8, 6, '2 times daily after meals', '2023-01-02T13:11:10.101074', '2023-02-22T03:58:17.629876');
INSERT INTO "Payment" ("id", "service_note_id", "amount", "status", "payment_method", "created_at", "updated_at") VALUES (411, 411, 963.14, 'pAID', 'insurance', '2023-09-29T23:54:52.100649', '2023-06-02T08:27:13.883790');
INSERT INTO "Scheduling" ("id", "staff_id", "patient_id", "service_id", "date", "session", "status", "created_at", "updated_at") VALUES (412, 48, 191, 3, '2024-10-09', 'evening', 'scheduled', '2023-03-16T15:57:28.953379', '2023-11-28T14:39:02.174382');
INSERT INTO "Scheduling" ("id", "staff_id", "patient_id", "service_id", "date", "session", "status", "created_at", "updated_at") VALUES (413, 7, 64, 10, '2024-06-01', 'morning', 'cancelled', '2023-02-10T15:09:09.728173', '2023-02-16T22:38:46.451949');
INSERT INTO "Scheduling" ("id", "staff_id", "patient_id", "service_id", "date", "session", "status", "created_at", "updated_at") VALUES (414, 18, 169, 10, '2024-10-01', 'evening', 'scheduled', '2023-03-05T01:59:13.009810', '2023-12-23T03:51:59.093841');
INSERT INTO "Scheduling" ("id", "staff_id", "patient_id", "service_id", "date", "session", "status", "created_at", "updated_at") VALUES (415, 15, 234, 2, '2024-10-21', 'morning', 'cancelled', '2023-05-15T21:55:34.882052', '2023-04-05T03:51:54.729385');
INSERT INTO "Scheduling" ("id", "staff_id", "patient_id", "service_id", "date", "session", "status", "created_at", "updated_at") VALUES (416, 50, 308, 10, '2024-08-29', 'morning', 'completed', '2023-02-20T06:38:54.639076', '2023-06-03T10:46:24.988992');
INSERT INTO "MedicalRecord" ("id", "scheduling_id", "patient_id", "complaint", "medical_history", "physical_examination", "systolic", "diastolic", "heart_rate", "respiratory_rate", "temperature", "created_at", "updated_at") VALUES (416, 416, 308, 'Realize health set occur study. Have school popular discussion expert now.
Concern space education just able woman. South whom arrive which. Any effort moment suddenly.', 'Rest huge ok more generation but language. That its Mrs treat her Congress center.
Make still owner. Past lose window do place card often mission. Walk eight trip identify project upon.', 'Identify lead wonder southern Mrs including kitchen. Red lot mouth attack participant.', 135, 80, 83, 14, 37.3, '2023-03-10T08:40:09.463413', '2023-05-08T11:12:27.018530');
INSERT INTO "ServiceNote" ("id", "scheduling_id", "medical_record_id", "additional_notes", "created_at", "updated_at") VALUES (416, 416, 416, 'Event paper pass statement senior ball center. Again draw hair line enough. Summer outside give she space produce.', '2023-10-18T06:08:06.677414', '2023-12-26T23:14:22.793644');
INSERT INTO "Prescription" ("id", "service_note_id", "created_at", "updated_at") VALUES (416, 416, '2023-09-09T04:35:38.968976', '2023-12-05T10:31:35.721987');
INSERT INTO "PrescriptionDetail" ("id", "prescription_id", "medical_inventory_id", "quantity", "dosage_instructions", "created_at", "updated_at") VALUES (275, 416, 122, 3, '1 times daily after meals', '2023-01-24T14:03:28.976995', '2023-04-08T06:59:13.658519');
INSERT INTO "PrescriptionDetail" ("id", "prescription_id", "medical_inventory_id", "quantity", "dosage_instructions", "created_at", "updated_at") VALUES (276, 416, 50, 4, '1 times daily after meals', '2023-01-11T10:45:11.192970', '2023-07-03T04:08:05.208830');
INSERT INTO "Payment" ("id", "service_note_id", "amount", "status", "payment_method", "created_at", "updated_at") VALUES (416, 416, 438.16, 'pending', 'debit_card', '2023-06-20T01:09:46.089797', '2023-03-23T08:23:52.515147');
INSERT INTO "Scheduling" ("id", "staff_id", "patient_id", "service_id", "date", "session", "status", "created_at", "updated_at") VALUES (417, 27, 154, 4, '2024-06-24', 'evening', 'scheduled', '2023-09-20T09:12:53.738602', '2023-06-27T13:11:37.264734');
INSERT INTO "Scheduling" ("id", "staff_id", "patient_id", "service_id", "date", "session", "status", "created_at", "updated_at") VALUES (418, 12, 301, 6, '2024-08-19', 'evening', 'completed', '2023-04-10T10:49:27.761373', '2023-11-01T10:18:08.194408');
INSERT INTO "MedicalRecord" ("id", "scheduling_id", "patient_id", "complaint", "medical_history", "physical_examination", "systolic", "diastolic", "heart_rate", "respiratory_rate", "temperature", "created_at", "updated_at") VALUES (418, 418, 301, 'Yard subject peace hot respond. Material truth painting know central claim recently. That her push series food.
Wear action market career simple. Task live information their.', 'Week hand this get. Despite one product ten term eight green. Full deep camera field win worry. Evidence base perform similar off.', 'In born size space million. Fact relate maybe both law course agent. Official over strategy certainly every car.', 105, 73, 85, 12, 36.9, '2023-03-11T01:56:41.234257', '2023-02-08T21:18:41.905693');
INSERT INTO "ServiceNote" ("id", "scheduling_id", "medical_record_id", "additional_notes", "created_at", "updated_at") VALUES (418, 418, 418, 'Present apply reduce national. Note for party necessary nature even which.', '2023-01-04T19:50:37.584564', '2023-02-05T10:47:24.819390');
INSERT INTO "Prescription" ("id", "service_note_id", "created_at", "updated_at") VALUES (418, 418, '2023-11-02T18:42:25.785299', '2023-11-27T10:59:23.743361');
INSERT INTO "PrescriptionDetail" ("id", "prescription_id", "medical_inventory_id", "quantity", "dosage_instructions", "created_at", "updated_at") VALUES (277, 418, 81, 7, '3 times daily after meals', '2023-09-02T21:28:23.173172', '2023-09-22T04:15:00.814859');
INSERT INTO "PrescriptionDetail" ("id", "prescription_id", "medical_inventory_id", "quantity", "dosage_instructions", "created_at", "updated_at") VALUES (278, 418, 147, 10, '3 times daily after meals', '2023-11-30T18:39:55.313353', '2023-01-20T03:49:15.390805');
INSERT INTO "Payment" ("id", "service_note_id", "amount", "status", "payment_method", "created_at", "updated_at") VALUES (418, 418, 548.97, 'cancelled', 'cash', '2023-05-24T16:23:00.476372', '2023-05-17T11:46:45.395548');
INSERT INTO "Scheduling" ("id", "staff_id", "patient_id", "service_id", "date", "session", "status", "created_at", "updated_at") VALUES (419, 34, 284, 1, '2024-05-26', 'afternoon', 'scheduled', '2023-05-17T22:01:59.952803', '2023-11-01T10:12:31.894079');
INSERT INTO "Scheduling" ("id", "staff_id", "patient_id", "service_id", "date", "session", "status", "created_at", "updated_at") VALUES (420, 34, 71, 9, '2024-09-13', 'afternoon', 'completed', '2023-11-05T02:30:05.351539', '2023-10-30T02:38:28.081886');
INSERT INTO "MedicalRecord" ("id", "scheduling_id", "patient_id", "complaint", "medical_history", "physical_examination", "systolic", "diastolic", "heart_rate", "respiratory_rate", "temperature", "created_at", "updated_at") VALUES (420, 420, 71, 'Pay strong system popular recent into.
Through defense source of whose on unit. Maintain difficult charge note order. For charge really short note.', 'Doctor last yeah use. Situation way small account. During you have class make TV somebody.
History son scene Congress kitchen. Sort indicate idea together.', 'Table especially range would.
Music nice any lose per treat song. Unit turn sometimes they woman the boy prove. Western even image thousand.', 123, 84, 100, 12, 36.3, '2023-04-13T11:49:12.268334', '2023-10-09T16:44:50.344670');
INSERT INTO "ServiceNote" ("id", "scheduling_id", "medical_record_id", "additional_notes", "created_at", "updated_at") VALUES (420, 420, 420, 'Thus night strong Congress high. Member finally position money hot.
Though nature do design friend wait. Sell customer probably bank current quality.', '2023-10-08T05:07:48.802433', '2023-11-20T13:18:20.109210');
INSERT INTO "Prescription" ("id", "service_note_id", "created_at", "updated_at") VALUES (420, 420, '2023-09-29T23:32:50.350825', '2023-06-25T15:52:18.136892');
INSERT INTO "PrescriptionDetail" ("id", "prescription_id", "medical_inventory_id", "quantity", "dosage_instructions", "created_at", "updated_at") VALUES (279, 420, 102, 5, '2 times daily after meals', '2023-05-19T09:59:01.311367', '2023-08-11T02:16:09.915798');
INSERT INTO "PrescriptionDetail" ("id", "prescription_id", "medical_inventory_id", "quantity", "dosage_instructions", "created_at", "updated_at") VALUES (280, 420, 119, 3, '2 times daily after meals', '2023-12-20T19:45:44.058512', '2023-05-29T06:18:43.272413');
INSERT INTO "Payment" ("id", "service_note_id", "amount", "status", "payment_method", "created_at", "updated_at") VALUES (420, 420, 329.7, 'pending', 'credit_card', '2023-02-28T09:56:41.086991', '2023-03-03T22:30:55.441925');
INSERT INTO "Scheduling" ("id", "staff_id", "patient_id", "service_id", "date", "session", "status", "created_at", "updated_at") VALUES (421, 30, 97, 9, '2024-10-11', 'afternoon', 'scheduled', '2023-07-10T02:18:07.438032', '2023-05-05T04:04:08.830800');
INSERT INTO "Scheduling" ("id", "staff_id", "patient_id", "service_id", "date", "session", "status", "created_at", "updated_at") VALUES (422, 12, 330, 3, '2024-09-25', 'evening', 'completed', '2023-12-11T16:59:44.346790', '2023-12-27T01:17:23.952418');
INSERT INTO "MedicalRecord" ("id", "scheduling_id", "patient_id", "complaint", "medical_history", "physical_examination", "systolic", "diastolic", "heart_rate", "respiratory_rate", "temperature", "created_at", "updated_at") VALUES (422, 422, 330, 'Build play seem recent race. Address language language agree later.
Charge pick bit main imagine keep operation. His medical drug eye. Forget beat also first. Finish one we call bit two.', 'Believe itself pull here war year go listen. Little time military according people. Environment picture medical administration accept.', 'Himself already the company hour. Suddenly military movement drop. Million attention still financial cause life college.
Statement page lay. Skin rich his.', 116, 70, 88, 12, 36.3, '2023-06-24T12:06:37.495652', '2023-03-18T19:19:18.962691');
INSERT INTO "ServiceNote" ("id", "scheduling_id", "medical_record_id", "additional_notes", "created_at", "updated_at") VALUES (422, 422, 422, 'Manage station dream yes.
Coach site develop interview. Arrive story certainly power three forward. Employee doctor decision.
Industry station treat employee. Appear soldier seven technology which.', '2023-11-07T07:04:47.113595', '2023-04-16T21:49:46.617746');
INSERT INTO "Prescription" ("id", "service_note_id", "created_at", "updated_at") VALUES (422, 422, '2023-10-15T23:16:24.718150', '2023-08-10T07:34:51.637981');
INSERT INTO "PrescriptionDetail" ("id", "prescription_id", "medical_inventory_id", "quantity", "dosage_instructions", "created_at", "updated_at") VALUES (281, 422, 52, 8, '1 times daily after meals', '2023-11-08T01:58:32.541363', '2023-09-13T05:42:51.834724');
INSERT INTO "PrescriptionDetail" ("id", "prescription_id", "medical_inventory_id", "quantity", "dosage_instructions", "created_at", "updated_at") VALUES (282, 422, 65, 6, '3 times daily after meals', '2023-06-08T01:15:15.981882', '2023-06-02T20:09:13.681548');
INSERT INTO "PrescriptionDetail" ("id", "prescription_id", "medical_inventory_id", "quantity", "dosage_instructions", "created_at", "updated_at") VALUES (283, 422, 42, 2, '1 times daily after meals', '2023-09-19T01:19:53.277868', '2023-12-21T08:09:27.951938');
INSERT INTO "Payment" ("id", "service_note_id", "amount", "status", "payment_method", "created_at", "updated_at") VALUES (422, 422, 158.46, 'pAID', 'debit_card', '2023-12-23T00:07:42.762859', '2023-02-26T22:13:37.991001');
INSERT INTO "Scheduling" ("id", "staff_id", "patient_id", "service_id", "date", "session", "status", "created_at", "updated_at") VALUES (423, 6, 247, 9, '2024-09-10', 'evening', 'cancelled', '2023-05-12T07:07:36.635836', '2023-04-16T00:38:15.980929');
INSERT INTO "Scheduling" ("id", "staff_id", "patient_id", "service_id", "date", "session", "status", "created_at", "updated_at") VALUES (424, 11, 245, 1, '2024-08-03', 'evening', 'scheduled', '2023-10-28T19:36:52.267388', '2023-06-05T19:09:43.771520');
INSERT INTO "Scheduling" ("id", "staff_id", "patient_id", "service_id", "date", "session", "status", "created_at", "updated_at") VALUES (425, 22, 127, 3, '2024-09-20', 'evening', 'scheduled', '2023-01-16T08:12:27.960100', '2023-02-16T06:55:14.196188');
INSERT INTO "Scheduling" ("id", "staff_id", "patient_id", "service_id", "date", "session", "status", "created_at", "updated_at") VALUES (426, 12, 208, 5, '2024-05-12', 'afternoon', 'cancelled', '2023-10-01T21:37:11.379323', '2023-07-29T08:43:49.527749');
INSERT INTO "Scheduling" ("id", "staff_id", "patient_id", "service_id", "date", "session", "status", "created_at", "updated_at") VALUES (427, 50, 143, 2, '2024-08-21', 'afternoon', 'scheduled', '2023-03-08T16:00:49.839873', '2023-03-10T22:04:04.980644');
INSERT INTO "Scheduling" ("id", "staff_id", "patient_id", "service_id", "date", "session", "status", "created_at", "updated_at") VALUES (428, 13, 180, 1, '2024-04-29', 'evening', 'completed', '2023-04-05T13:11:17.032123', '2023-05-12T00:57:38.992458');
INSERT INTO "MedicalRecord" ("id", "scheduling_id", "patient_id", "complaint", "medical_history", "physical_examination", "systolic", "diastolic", "heart_rate", "respiratory_rate", "temperature", "created_at", "updated_at") VALUES (428, 428, 180, 'Tree could position five of happen toward north. For political everything main. OTHERs performance learn huge.', 'Manage skill political quite energy available expert. Democrat society eye simply former six eye.', 'Wait item mouth. Policy speak same charge see like while. Single indeed black nation professor baby song.
Conference bill cause old.', 121, 87, 91, 20, 37.2, '2023-09-28T18:00:48.163689', '2023-09-29T17:41:46.826739');
INSERT INTO "ServiceNote" ("id", "scheduling_id", "medical_record_id", "additional_notes", "created_at", "updated_at") VALUES (428, 428, 428, 'Enough data little from already. By pay major technology management matter.
Quickly police seven beyond.
Mr control trade relationship hotel front. Increase quite debate response state.', '2023-03-08T07:16:21.363136', '2023-03-20T08:34:51.428676');
INSERT INTO "Prescription" ("id", "service_note_id", "created_at", "updated_at") VALUES (428, 428, '2023-06-06T08:08:19.764274', '2023-01-08T23:19:45.076824');
INSERT INTO "PrescriptionDetail" ("id", "prescription_id", "medical_inventory_id", "quantity", "dosage_instructions", "created_at", "updated_at") VALUES (284, 428, 127, 4, '1 times daily after meals', '2023-09-04T00:42:54.256527', '2023-03-26T17:04:10.814412');
INSERT INTO "PrescriptionDetail" ("id", "prescription_id", "medical_inventory_id", "quantity", "dosage_instructions", "created_at", "updated_at") VALUES (285, 428, 122, 8, '2 times daily after meals', '2023-08-15T14:27:23.535860', '2023-10-04T14:02:52.935232');
INSERT INTO "PrescriptionDetail" ("id", "prescription_id", "medical_inventory_id", "quantity", "dosage_instructions", "created_at", "updated_at") VALUES (286, 428, 114, 2, '3 times daily after meals', '2023-07-14T09:40:22.239335', '2023-07-05T05:07:56.318024');
INSERT INTO "Payment" ("id", "service_note_id", "amount", "status", "payment_method", "created_at", "updated_at") VALUES (428, 428, 620.1, 'pending', 'debit_card', '2023-12-23T01:42:51.989859', '2023-08-07T07:02:31.996470');
INSERT INTO "Scheduling" ("id", "staff_id", "patient_id", "service_id", "date", "session", "status", "created_at", "updated_at") VALUES (429, 40, 157, 1, '2024-10-06', 'evening', 'scheduled', '2023-05-16T19:12:09.847869', '2023-06-25T08:09:21.154150');
INSERT INTO "Scheduling" ("id", "staff_id", "patient_id", "service_id", "date", "session", "status", "created_at", "updated_at") VALUES (430, 10, 229, 1, '2024-05-13', 'evening', 'scheduled', '2023-07-24T02:07:28.589973', '2023-06-30T08:11:36.152176');
INSERT INTO "Scheduling" ("id", "staff_id", "patient_id", "service_id", "date", "session", "status", "created_at", "updated_at") VALUES (431, 3, 203, 6, '2024-10-16', 'evening', 'scheduled', '2023-07-27T02:37:33.185690', '2023-05-23T16:20:21.600272');
INSERT INTO "Scheduling" ("id", "staff_id", "patient_id", "service_id", "date", "session", "status", "created_at", "updated_at") VALUES (432, 4, 142, 3, '2024-05-26', 'afternoon', 'cancelled', '2023-07-28T00:02:19.193027', '2023-07-26T02:24:49.836499');
INSERT INTO "Scheduling" ("id", "staff_id", "patient_id", "service_id", "date", "session", "status", "created_at", "updated_at") VALUES (433, 19, 344, 9, '2024-10-02', 'evening', 'scheduled', '2023-09-01T02:36:53.994214', '2023-12-13T01:18:52.868570');
INSERT INTO "Scheduling" ("id", "staff_id", "patient_id", "service_id", "date", "session", "status", "created_at", "updated_at") VALUES (434, 30, 69, 2, '2024-09-24', 'afternoon', 'completed', '2023-12-30T11:35:31.432174', '2023-12-30T08:11:07.257540');
INSERT INTO "MedicalRecord" ("id", "scheduling_id", "patient_id", "complaint", "medical_history", "physical_examination", "systolic", "diastolic", "heart_rate", "respiratory_rate", "temperature", "created_at", "updated_at") VALUES (434, 434, 69, 'Nothing no stand radio evening brOTHER doctor process. Receive across center before front manager tree mind.', 'Tell senior fight past success deal. Various safe range face cut adult government manager. Usually quite your.', 'Cold big generation thank value item. Catch why above person mention necessary.
President their result. Once first sometimes few billion able skin next.
Region purpose look evening.', 110, 71, 84, 13, 37.1, '2023-08-07T06:59:46.615901', '2023-09-21T11:58:44.223183');
INSERT INTO "ServiceNote" ("id", "scheduling_id", "medical_record_id", "additional_notes", "created_at", "updated_at") VALUES (434, 434, 434, 'Call ago west law remain.
Happen down number reduce. Month front personal laugh spend yet.
Affect better positive bill. Fill woman his but. This single Mr painting major.', '2023-11-29T15:16:01.063998', '2023-10-30T11:46:28.365927');
INSERT INTO "Prescription" ("id", "service_note_id", "created_at", "updated_at") VALUES (434, 434, '2023-09-07T19:25:01.643821', '2023-08-15T16:19:48.247890');
INSERT INTO "PrescriptionDetail" ("id", "prescription_id", "medical_inventory_id", "quantity", "dosage_instructions", "created_at", "updated_at") VALUES (287, 434, 17, 5, '2 times daily after meals', '2023-01-28T05:27:47.199400', '2023-05-05T08:00:51.530414');
INSERT INTO "PrescriptionDetail" ("id", "prescription_id", "medical_inventory_id", "quantity", "dosage_instructions", "created_at", "updated_at") VALUES (288, 434, 35, 2, '3 times daily after meals', '2023-03-19T14:43:53.504696', '2023-02-12T16:43:00.893682');
INSERT INTO "PrescriptionDetail" ("id", "prescription_id", "medical_inventory_id", "quantity", "dosage_instructions", "created_at", "updated_at") VALUES (289, 434, 71, 6, '3 times daily after meals', '2023-01-20T23:23:36.555631', '2023-09-02T03:20:23.895702');
INSERT INTO "Payment" ("id", "service_note_id", "amount", "status", "payment_method", "created_at", "updated_at") VALUES (434, 434, 443.07, 'pending', 'credit_card', '2023-05-08T12:05:58.762339', '2023-03-16T04:24:31.892721');
INSERT INTO "Scheduling" ("id", "staff_id", "patient_id", "service_id", "date", "session", "status", "created_at", "updated_at") VALUES (435, 40, 343, 9, '2024-05-13', 'morning', 'scheduled', '2023-07-01T14:01:12.663751', '2023-06-22T12:29:34.069232');
INSERT INTO "Scheduling" ("id", "staff_id", "patient_id", "service_id", "date", "session", "status", "created_at", "updated_at") VALUES (436, 31, 198, 7, '2024-10-22', 'evening', 'cancelled', '2023-07-13T10:10:11.484666', '2023-01-19T17:18:27.186002');
INSERT INTO "Scheduling" ("id", "staff_id", "patient_id", "service_id", "date", "session", "status", "created_at", "updated_at") VALUES (437, 21, 345, 10, '2024-07-04', 'evening', 'completed', '2023-11-23T21:58:56.256704', '2023-03-27T18:48:33.995377');
INSERT INTO "MedicalRecord" ("id", "scheduling_id", "patient_id", "complaint", "medical_history", "physical_examination", "systolic", "diastolic", "heart_rate", "respiratory_rate", "temperature", "created_at", "updated_at") VALUES (437, 437, 345, 'Nearly conference happy level manage along. Follow drive agent current. From him tree indeed.
Trouble attack under door type. Before increase dinner fact much smile. Citizen include it beautiful few.', 'Political cultural star here many debate. Industry trade cultural base until. Collection middle police defense thing reach.', 'A raise family west eye century upon. Food American final woman. Daughter third laugh free blood culture marriage. When practice number.', 98, 79, 96, 19, 36.8, '2023-05-28T20:46:44.713086', '2023-12-11T13:26:16.710082');
INSERT INTO "ServiceNote" ("id", "scheduling_id", "medical_record_id", "additional_notes", "created_at", "updated_at") VALUES (437, 437, 437, 'Dark main meeting want loss. Long figure look talk control OTHER. Remember above small real deal car.', '2023-10-26T03:53:55.838682', '2023-07-07T14:50:25.337297');
INSERT INTO "Prescription" ("id", "service_note_id", "created_at", "updated_at") VALUES (437, 437, '2023-03-08T22:45:49.454360', '2023-02-27T09:35:07.444667');
INSERT INTO "PrescriptionDetail" ("id", "prescription_id", "medical_inventory_id", "quantity", "dosage_instructions", "created_at", "updated_at") VALUES (290, 437, 128, 8, '1 times daily after meals', '2023-07-02T15:05:57.614549', '2023-07-26T03:16:38.084353');
INSERT INTO "PrescriptionDetail" ("id", "prescription_id", "medical_inventory_id", "quantity", "dosage_instructions", "created_at", "updated_at") VALUES (291, 437, 60, 5, '1 times daily after meals', '2023-09-16T16:37:01.266705', '2023-01-27T01:46:17.365010');
INSERT INTO "PrescriptionDetail" ("id", "prescription_id", "medical_inventory_id", "quantity", "dosage_instructions", "created_at", "updated_at") VALUES (292, 437, 1, 2, '1 times daily after meals', '2023-10-11T10:31:16.968759', '2023-10-02T05:02:31.189849');
INSERT INTO "Payment" ("id", "service_note_id", "amount", "status", "payment_method", "created_at", "updated_at") VALUES (437, 437, 491.64, 'pending', 'credit_card', '2023-07-25T21:10:00.003216', '2023-05-19T10:50:54.997815');
INSERT INTO "Scheduling" ("id", "staff_id", "patient_id", "service_id", "date", "session", "status", "created_at", "updated_at") VALUES (438, 40, 74, 6, '2024-08-13', 'afternoon', 'completed', '2023-01-26T10:57:08.447258', '2023-12-07T13:41:28.486259');
INSERT INTO "MedicalRecord" ("id", "scheduling_id", "patient_id", "complaint", "medical_history", "physical_examination", "systolic", "diastolic", "heart_rate", "respiratory_rate", "temperature", "created_at", "updated_at") VALUES (438, 438, 74, 'Per couple rule well. Month animal natural friend those interest address. Sport there development save. Say stand whether same bad any light.
Tough their personal where.', 'Black build drop share. Old several light somebody must product own keep. Hope join mouth choose hot play research.
Or himself their summer. Forget fight rather someone heavy least.', 'Reflect center community opportunity bad decade service. Even two despite build face base relate. Senior away whether just. Eat crime personal yet your send.', 125, 85, 100, 15, 36.0, '2023-12-04T01:38:04.118928', '2023-10-17T19:29:00.316819');
INSERT INTO "ServiceNote" ("id", "scheduling_id", "medical_record_id", "additional_notes", "created_at", "updated_at") VALUES (438, 438, 438, 'Purpose option without which. Event around scientist short. War pressure into car.
Cultural add too floor. Baby drug in city increase. Over business for growth theory move.', '2023-03-06T16:53:01.897387', '2023-08-08T20:01:40.713854');
INSERT INTO "Prescription" ("id", "service_note_id", "created_at", "updated_at") VALUES (438, 438, '2023-02-06T18:20:34.065565', '2023-05-04T04:33:34.620792');
INSERT INTO "PrescriptionDetail" ("id", "prescription_id", "medical_inventory_id", "quantity", "dosage_instructions", "created_at", "updated_at") VALUES (293, 438, 73, 5, '1 times daily after meals', '2023-10-09T03:23:37.957766', '2023-12-03T05:36:37.834660');
INSERT INTO "Payment" ("id", "service_note_id", "amount", "status", "payment_method", "created_at", "updated_at") VALUES (438, 438, 342.38, 'cancelled', 'debit_card', '2023-09-03T09:00:21.022804', '2023-05-05T02:27:32.281990');
INSERT INTO "Scheduling" ("id", "staff_id", "patient_id", "service_id", "date", "session", "status", "created_at", "updated_at") VALUES (439, 50, 221, 6, '2024-04-30', 'morning', 'completed', '2023-02-13T23:06:08.962151', '2023-02-05T20:00:21.033153');
INSERT INTO "MedicalRecord" ("id", "scheduling_id", "patient_id", "complaint", "medical_history", "physical_examination", "systolic", "diastolic", "heart_rate", "respiratory_rate", "temperature", "created_at", "updated_at") VALUES (439, 439, 221, 'Ball building war behind himself capital she. Economic full size will meeting member. Best establish answer.
Really from direction bank. Stage house central believe night conference more.', 'Discussion ability phone air young clearly behind. Region recently stuff common.', 'Growth article billion hair project. Picture Democrat kitchen home hope.
Hit upon hold. News environment including someone Mrs treatment. Use mission call.', 136, 78, 99, 12, 37.2, '2023-04-23T12:11:53.738034', '2023-10-03T04:43:47.267855');
INSERT INTO "ServiceNote" ("id", "scheduling_id", "medical_record_id", "additional_notes", "created_at", "updated_at") VALUES (439, 439, 439, 'So sister improve cultural. Check religious on impact wear why.', '2023-01-19T13:32:39.751704', '2023-10-20T17:19:23.650580');
INSERT INTO "Prescription" ("id", "service_note_id", "created_at", "updated_at") VALUES (439, 439, '2023-06-25T05:42:46.116790', '2023-10-11T13:27:12.464496');
INSERT INTO "PrescriptionDetail" ("id", "prescription_id", "medical_inventory_id", "quantity", "dosage_instructions", "created_at", "updated_at") VALUES (294, 439, 85, 6, '3 times daily after meals', '2023-12-04T20:45:30.491325', '2023-09-10T13:21:29.253031');
INSERT INTO "Payment" ("id", "service_note_id", "amount", "status", "payment_method", "created_at", "updated_at") VALUES (439, 439, 505.15, 'pAID', 'cash', '2023-02-02T03:51:18.202423', '2023-11-23T05:07:28.222876');
INSERT INTO "Scheduling" ("id", "staff_id", "patient_id", "service_id", "date", "session", "status", "created_at", "updated_at") VALUES (440, 42, 130, 8, '2024-06-02', 'afternoon', 'cancelled', '2023-02-27T20:26:55.518140', '2023-06-01T14:45:55.925314');
INSERT INTO "Scheduling" ("id", "staff_id", "patient_id", "service_id", "date", "session", "status", "created_at", "updated_at") VALUES (441, 22, 79, 9, '2024-08-25', 'afternoon', 'completed', '2023-05-22T07:58:10.071029', '2023-05-07T02:40:40.914796');
INSERT INTO "MedicalRecord" ("id", "scheduling_id", "patient_id", "complaint", "medical_history", "physical_examination", "systolic", "diastolic", "heart_rate", "respiratory_rate", "temperature", "created_at", "updated_at") VALUES (441, 441, 79, 'Quite firm hope leader. Learn society born bar budget although.
Bit read adult. Personal should court happen institution piece. Sound this consumer return.', 'Standard daughter west. Or them subject music.
Step buy ready ask. Despite on north describe north.
Answer majority spend. General finally save throw note strategy.', 'Nor even cover painting attention organization offer born. Shoulder information entire senior could. Impact travel increase including.
Well public little at true leader. Our respond race religious.', 126, 83, 80, 20, 36.8, '2023-10-01T19:35:57.259566', '2023-06-21T22:07:50.687494');
INSERT INTO "ServiceNote" ("id", "scheduling_id", "medical_record_id", "additional_notes", "created_at", "updated_at") VALUES (441, 441, 441, 'Society source line. American involve enter successful move myself. Mouth start history might option happy agent.
Both officer moment artist TV study ball. Against drive student spring.', '2023-08-30T09:42:02.690430', '2023-06-25T06:34:27.986568');
INSERT INTO "Prescription" ("id", "service_note_id", "created_at", "updated_at") VALUES (441, 441, '2023-03-24T17:07:20.673208', '2023-01-18T06:17:50.275146');
INSERT INTO "PrescriptionDetail" ("id", "prescription_id", "medical_inventory_id", "quantity", "dosage_instructions", "created_at", "updated_at") VALUES (295, 441, 148, 6, '2 times daily after meals', '2023-08-29T13:08:12.895378', '2023-01-05T04:32:52.053656');
INSERT INTO "Payment" ("id", "service_note_id", "amount", "status", "payment_method", "created_at", "updated_at") VALUES (441, 441, 112.9, 'pending', 'debit_card', '2023-04-22T07:32:46.306359', '2023-10-10T16:05:51.730731');
INSERT INTO "Scheduling" ("id", "staff_id", "patient_id", "service_id", "date", "session", "status", "created_at", "updated_at") VALUES (442, 2, 324, 3, '2024-07-24', 'afternoon', 'cancelled', '2023-04-23T19:09:58.838411', '2023-08-27T12:43:26.845811');
INSERT INTO "Scheduling" ("id", "staff_id", "patient_id", "service_id", "date", "session", "status", "created_at", "updated_at") VALUES (443, 39, 110, 5, '2024-08-06', 'morning', 'cancelled', '2023-04-14T03:00:52.554432', '2023-11-25T15:38:58.439063');
INSERT INTO "Scheduling" ("id", "staff_id", "patient_id", "service_id", "date", "session", "status", "created_at", "updated_at") VALUES (444, 21, 262, 2, '2024-05-07', 'afternoon', 'completed', '2023-12-17T23:13:34.206924', '2023-03-07T00:35:26.763424');
INSERT INTO "MedicalRecord" ("id", "scheduling_id", "patient_id", "complaint", "medical_history", "physical_examination", "systolic", "diastolic", "heart_rate", "respiratory_rate", "temperature", "created_at", "updated_at") VALUES (444, 444, 262, 'Tend order fast. Hit industry maintain soon program arm total not.
Per reason return particularly until plan society.', 'Almost money get serve team wind gas age. Share fear available interview. Quite among traditional risk time market. Choice this that against box floor.', 'Through evidence woman cover. Dinner letter type trouble.
Live under very hold nation daughter control. Whose family executive industry. Page win rock thought kid live plant.', 105, 71, 88, 16, 36.3, '2023-07-15T21:22:09.197241', '2023-02-16T09:18:48.961393');
INSERT INTO "ServiceNote" ("id", "scheduling_id", "medical_record_id", "additional_notes", "created_at", "updated_at") VALUES (444, 444, 444, 'Well before generation contain miss wish debate. Beat level morning drive. Attack expect total professor kid knowledge imagine culture. Probably back why adult attack Mr system.', '2023-09-13T20:34:29.121525', '2023-08-30T22:38:09.051248');
INSERT INTO "Prescription" ("id", "service_note_id", "created_at", "updated_at") VALUES (444, 444, '2023-11-03T06:02:03.976046', '2023-06-21T07:43:55.493990');
INSERT INTO "PrescriptionDetail" ("id", "prescription_id", "medical_inventory_id", "quantity", "dosage_instructions", "created_at", "updated_at") VALUES (296, 444, 45, 2, '2 times daily after meals', '2023-12-19T07:37:02.575220', '2023-05-27T20:27:02.404200');
INSERT INTO "PrescriptionDetail" ("id", "prescription_id", "medical_inventory_id", "quantity", "dosage_instructions", "created_at", "updated_at") VALUES (297, 444, 10, 4, '1 times daily after meals', '2023-02-22T12:05:34.762566', '2023-01-26T08:39:42.976313');
INSERT INTO "Payment" ("id", "service_note_id", "amount", "status", "payment_method", "created_at", "updated_at") VALUES (444, 444, 471.59, 'pending', 'insurance', '2023-03-18T03:56:18.473130', '2023-10-08T20:57:07.889816');
INSERT INTO "Scheduling" ("id", "staff_id", "patient_id", "service_id", "date", "session", "status", "created_at", "updated_at") VALUES (445, 33, 225, 8, '2024-06-07', 'morning', 'cancelled', '2023-05-01T06:53:34.125216', '2023-07-13T09:11:08.208987');
INSERT INTO "Scheduling" ("id", "staff_id", "patient_id", "service_id", "date", "session", "status", "created_at", "updated_at") VALUES (446, 34, 124, 2, '2024-07-17', 'afternoon', 'cancelled', '2023-05-28T07:23:25.056192', '2023-04-26T17:57:58.793960');
INSERT INTO "Scheduling" ("id", "staff_id", "patient_id", "service_id", "date", "session", "status", "created_at", "updated_at") VALUES (447, 44, 69, 8, '2024-06-01', 'morning', 'completed', '2023-02-11T05:39:50.906092', '2023-03-26T17:00:42.991260');
INSERT INTO "MedicalRecord" ("id", "scheduling_id", "patient_id", "complaint", "medical_history", "physical_examination", "systolic", "diastolic", "heart_rate", "respiratory_rate", "temperature", "created_at", "updated_at") VALUES (447, 447, 69, 'Fall author teach Republican. Pick maybe success perhaps.
Produce interview skin TV effect study. Situation bill add. Note pass leg blood today reach.', 'City this respond bar.
Anyone central section over appear rest wish. Kitchen rate spring four land.
Face population change Congress third. Could yes relationship at. Indeed oil risk enjoy military.', 'Everybody nor within risk own here us. Off level cup. Staff chair suddenly. If world maybe mOTHER not.', 135, 87, 93, 13, 36.0, '2023-05-05T05:01:22.521092', '2023-02-05T01:40:49.667629');
INSERT INTO "ServiceNote" ("id", "scheduling_id", "medical_record_id", "additional_notes", "created_at", "updated_at") VALUES (447, 447, 447, 'Government decision meeting allow fact board hold. Close discover account short teacher later.', '2023-03-21T10:48:08.608420', '2023-03-26T10:19:29.993064');
INSERT INTO "Prescription" ("id", "service_note_id", "created_at", "updated_at") VALUES (447, 447, '2023-12-06T03:16:21.313655', '2023-10-22T03:01:50.982202');
INSERT INTO "PrescriptionDetail" ("id", "prescription_id", "medical_inventory_id", "quantity", "dosage_instructions", "created_at", "updated_at") VALUES (298, 447, 23, 6, '2 times daily after meals', '2023-10-23T04:54:37.817610', '2023-03-30T08:16:51.668231');
INSERT INTO "Payment" ("id", "service_note_id", "amount", "status", "payment_method", "created_at", "updated_at") VALUES (447, 447, 894.73, 'pending', 'debit_card', '2023-09-18T08:25:42.446707', '2023-12-15T21:56:10.303180');
INSERT INTO "Scheduling" ("id", "staff_id", "patient_id", "service_id", "date", "session", "status", "created_at", "updated_at") VALUES (448, 2, 158, 6, '2024-09-23', 'afternoon', 'scheduled', '2023-06-25T02:55:44.625773', '2023-01-21T01:34:24.235721');
INSERT INTO "Scheduling" ("id", "staff_id", "patient_id", "service_id", "date", "session", "status", "created_at", "updated_at") VALUES (449, 13, 323, 6, '2024-07-11', 'afternoon', 'completed', '2023-05-10T09:51:55.478553', '2023-05-05T19:10:29.739668');
INSERT INTO "MedicalRecord" ("id", "scheduling_id", "patient_id", "complaint", "medical_history", "physical_examination", "systolic", "diastolic", "heart_rate", "respiratory_rate", "temperature", "created_at", "updated_at") VALUES (449, 449, 323, 'Per those everyone game. Information chance even behavior carry program bag green.
Maybe mind save collection deal local build. Camera simply form again. Late around marriage people push win.', 'Street decision purpose candidate church source fish. Though occur evidence into expert message. Space song address tax.
Me live her race reason list. Stuff make audience. Home contain second common.', 'Seat yet dream increase country. Small common threat television third write.
Rather whether always. Condition write grow capital. Amount only office grow.', 132, 63, 77, 14, 36.2, '2023-02-03T13:06:14.158356', '2023-06-21T03:20:50.050755');
INSERT INTO "ServiceNote" ("id", "scheduling_id", "medical_record_id", "additional_notes", "created_at", "updated_at") VALUES (449, 449, 449, 'Enjoy letter good north. Shoulder toward course analysis. Industry around idea most road half.
Consumer way culture. After stop give child figure that. Hour whose current.', '2023-08-29T06:57:28.443471', '2023-09-17T01:00:12.843220');
INSERT INTO "Prescription" ("id", "service_note_id", "created_at", "updated_at") VALUES (449, 449, '2023-05-30T20:55:02.549998', '2023-11-08T22:01:47.688376');
INSERT INTO "PrescriptionDetail" ("id", "prescription_id", "medical_inventory_id", "quantity", "dosage_instructions", "created_at", "updated_at") VALUES (299, 449, 4, 10, '3 times daily after meals', '2023-02-13T17:14:59.678915', '2023-03-02T08:38:11.484546');
INSERT INTO "Payment" ("id", "service_note_id", "amount", "status", "payment_method", "created_at", "updated_at") VALUES (449, 449, 538.36, 'pending', 'debit_card', '2023-07-03T19:55:09.976618', '2023-01-04T01:01:20.417978');
INSERT INTO "Scheduling" ("id", "staff_id", "patient_id", "service_id", "date", "session", "status", "created_at", "updated_at") VALUES (450, 36, 123, 5, '2024-07-19', 'afternoon', 'cancelled', '2023-01-02T20:05:28.957385', '2023-11-26T01:19:46.785276');
INSERT INTO "Scheduling" ("id", "staff_id", "patient_id", "service_id", "date", "session", "status", "created_at", "updated_at") VALUES (451, 16, 210, 10, '2024-06-11', 'morning', 'completed', '2023-01-05T22:03:15.474648', '2023-09-11T22:07:15.603584');
INSERT INTO "MedicalRecord" ("id", "scheduling_id", "patient_id", "complaint", "medical_history", "physical_examination", "systolic", "diastolic", "heart_rate", "respiratory_rate", "temperature", "created_at", "updated_at") VALUES (451, 451, 210, 'Enjoy language even rule admit listen. Speech couple Congress foot rich production my.
Lose sister tough politics center. Result environmental and garden budget.', 'Perhaps personal deal feeling professor. Expect campaign wife politics. White time beat floor record plan. Answer affect lose marriage full foreign water.', 'Black cup must. Media resource town fear board. Computer difficult week science yard.
Assume technology where. Economic subject maintain also anOTHER guess husband. Family right north bar list do.', 124, 74, 63, 14, 36.0, '2023-11-09T22:46:54.198437', '2023-03-10T00:30:15.272994');
INSERT INTO "ServiceNote" ("id", "scheduling_id", "medical_record_id", "additional_notes", "created_at", "updated_at") VALUES (451, 451, 451, 'Tell relationship would finish. Fight guess speak against manage development. Reality cup whatever official word.', '2023-12-07T19:26:18.725375', '2023-08-31T23:18:39.826773');
INSERT INTO "Prescription" ("id", "service_note_id", "created_at", "updated_at") VALUES (451, 451, '2023-03-03T17:27:21.177267', '2023-01-11T10:17:16.079906');
INSERT INTO "PrescriptionDetail" ("id", "prescription_id", "medical_inventory_id", "quantity", "dosage_instructions", "created_at", "updated_at") VALUES (300, 451, 13, 2, '2 times daily after meals', '2023-10-22T13:17:49.333531', '2023-10-07T11:39:14.700571');
INSERT INTO "PrescriptionDetail" ("id", "prescription_id", "medical_inventory_id", "quantity", "dosage_instructions", "created_at", "updated_at") VALUES (301, 451, 14, 2, '2 times daily after meals', '2023-11-21T06:34:54.832270', '2023-07-28T17:05:49.913153');
INSERT INTO "PrescriptionDetail" ("id", "prescription_id", "medical_inventory_id", "quantity", "dosage_instructions", "created_at", "updated_at") VALUES (302, 451, 101, 3, '3 times daily after meals', '2023-02-25T18:06:19.035500', '2023-10-09T15:32:53.401743');
INSERT INTO "Payment" ("id", "service_note_id", "amount", "status", "payment_method", "created_at", "updated_at") VALUES (451, 451, 616.32, 'cancelled', 'insurance', '2023-07-12T10:47:59.541704', '2023-03-29T13:54:08.436531');
INSERT INTO "Scheduling" ("id", "staff_id", "patient_id", "service_id", "date", "session", "status", "created_at", "updated_at") VALUES (452, 40, 221, 4, '2024-07-29', 'afternoon', 'cancelled', '2023-01-04T22:43:50.360494', '2023-10-19T02:41:59.369690');
INSERT INTO "Scheduling" ("id", "staff_id", "patient_id", "service_id", "date", "session", "status", "created_at", "updated_at") VALUES (453, 49, 91, 8, '2024-10-17', 'evening', 'cancelled', '2023-05-08T06:55:25.259377', '2023-01-22T11:57:32.424633');
INSERT INTO "Scheduling" ("id", "staff_id", "patient_id", "service_id", "date", "session", "status", "created_at", "updated_at") VALUES (454, 9, 290, 2, '2024-05-22', 'evening', 'completed', '2023-09-13T20:01:26.014602', '2023-07-20T20:22:33.504594');
INSERT INTO "MedicalRecord" ("id", "scheduling_id", "patient_id", "complaint", "medical_history", "physical_examination", "systolic", "diastolic", "heart_rate", "respiratory_rate", "temperature", "created_at", "updated_at") VALUES (454, 454, 290, 'If worry early season pay rest. Medical girl discussion. Trip drive be part senior cost right.', 'Program budget difficult analysis apply trouble the. At financial lawyer yes black phone. Maybe police accept society.
Theory bed draw.
Everybody natural adult trouble. Behavior start easy skin.', 'International of better tough play. Deal however foreign set finally. Us picture opportunity.
Left yet budget continue pull senior tend. Development mission capital second girl.', 109, 81, 89, 19, 36.3, '2023-09-03T08:33:39.968021', '2023-09-03T17:25:19.712114');
INSERT INTO "ServiceNote" ("id", "scheduling_id", "medical_record_id", "additional_notes", "created_at", "updated_at") VALUES (454, 454, 454, 'Receive heavy lay toward fast much. He OTHERs kind well over travel. Its degree program south medical always left.
Modern court room sister dog too.', '2023-06-17T09:46:09.534559', '2023-11-16T12:49:51.281296');
INSERT INTO "Prescription" ("id", "service_note_id", "created_at", "updated_at") VALUES (454, 454, '2023-03-18T11:31:32.164080', '2023-01-25T06:46:33.821399');
INSERT INTO "PrescriptionDetail" ("id", "prescription_id", "medical_inventory_id", "quantity", "dosage_instructions", "created_at", "updated_at") VALUES (303, 454, 37, 10, '2 times daily after meals', '2023-03-21T07:10:44.376321', '2023-08-21T07:12:57.695311');
INSERT INTO "Payment" ("id", "service_note_id", "amount", "status", "payment_method", "created_at", "updated_at") VALUES (454, 454, 917.22, 'pAID', 'credit_card', '2023-07-07T01:54:57.539433', '2023-06-09T17:28:38.819412');
INSERT INTO "Scheduling" ("id", "staff_id", "patient_id", "service_id", "date", "session", "status", "created_at", "updated_at") VALUES (455, 45, 217, 8, '2024-10-16', 'afternoon', 'completed', '2023-07-24T00:09:51.207253', '2023-03-02T22:52:33.439325');
INSERT INTO "MedicalRecord" ("id", "scheduling_id", "patient_id", "complaint", "medical_history", "physical_examination", "systolic", "diastolic", "heart_rate", "respiratory_rate", "temperature", "created_at", "updated_at") VALUES (455, 455, 217, 'Moment address clearly research put choose prevent. Four sell stage huge series area. Mr marriage raise just rule rise strategy. Situation act camera rate power generation example significant.', 'Help eight institution store wind teach wide economy. Value piece single sign white condition. Measure here nice.', 'Respond and special travel. Nearly property against common drug yeah old huge. Alone try his test plant list. Bed with tonight either because.', 91, 62, 90, 13, 36.5, '2023-07-05T06:22:31.739012', '2023-05-02T03:06:46.566417');
INSERT INTO "ServiceNote" ("id", "scheduling_id", "medical_record_id", "additional_notes", "created_at", "updated_at") VALUES (455, 455, 455, 'Visit energy for tonight first prepare ask.
Including discuss employee after. Prepare party such personal question magazine. Between suffer enter final garden ever task natural.', '2023-10-11T19:07:02.806998', '2023-03-16T10:06:57.087815');
INSERT INTO "Prescription" ("id", "service_note_id", "created_at", "updated_at") VALUES (455, 455, '2023-11-30T23:50:02.047997', '2023-02-01T05:30:55.003242');
INSERT INTO "PrescriptionDetail" ("id", "prescription_id", "medical_inventory_id", "quantity", "dosage_instructions", "created_at", "updated_at") VALUES (304, 455, 44, 5, '2 times daily after meals', '2023-01-13T13:43:41.845742', '2023-08-14T00:52:37.364229');
INSERT INTO "PrescriptionDetail" ("id", "prescription_id", "medical_inventory_id", "quantity", "dosage_instructions", "created_at", "updated_at") VALUES (305, 455, 148, 3, '3 times daily after meals', '2023-08-01T03:45:55.153352', '2023-11-12T02:05:36.655616');
INSERT INTO "Payment" ("id", "service_note_id", "amount", "status", "payment_method", "created_at", "updated_at") VALUES (455, 455, 147.79, 'cancelled', 'cash', '2023-06-06T06:02:13.287418', '2023-12-14T02:29:11.025128');
INSERT INTO "Scheduling" ("id", "staff_id", "patient_id", "service_id", "date", "session", "status", "created_at", "updated_at") VALUES (456, 21, 87, 5, '2024-09-18', 'evening', 'cancelled', '2023-11-26T02:51:06.292996', '2023-04-13T00:24:12.005769');
INSERT INTO "Scheduling" ("id", "staff_id", "patient_id", "service_id", "date", "session", "status", "created_at", "updated_at") VALUES (457, 30, 262, 4, '2024-08-09', 'evening', 'cancelled', '2023-10-02T00:59:45.580700', '2023-12-18T14:44:01.297809');
INSERT INTO "Scheduling" ("id", "staff_id", "patient_id", "service_id", "date", "session", "status", "created_at", "updated_at") VALUES (458, 16, 297, 7, '2024-09-16', 'morning', 'scheduled', '2023-04-07T13:29:46.177381', '2023-06-21T19:48:51.241772');
INSERT INTO "Scheduling" ("id", "staff_id", "patient_id", "service_id", "date", "session", "status", "created_at", "updated_at") VALUES (459, 22, 271, 7, '2024-06-21', 'evening', 'cancelled', '2023-01-10T10:02:56.915998', '2023-08-11T01:03:41.179788');
INSERT INTO "Scheduling" ("id", "staff_id", "patient_id", "service_id", "date", "session", "status", "created_at", "updated_at") VALUES (460, 22, 171, 3, '2024-09-15', 'evening', 'cancelled', '2023-02-05T16:12:35.391778', '2023-10-19T12:07:53.029401');
INSERT INTO "Scheduling" ("id", "staff_id", "patient_id", "service_id", "date", "session", "status", "created_at", "updated_at") VALUES (461, 43, 344, 8, '2024-05-18', 'evening', 'scheduled', '2023-08-24T13:10:00.109028', '2023-05-12T21:41:02.305036');
INSERT INTO "Scheduling" ("id", "staff_id", "patient_id", "service_id", "date", "session", "status", "created_at", "updated_at") VALUES (462, 21, 278, 3, '2024-09-18', 'morning', 'completed', '2023-12-05T10:53:50.930057', '2023-02-04T14:29:11.697332');
INSERT INTO "MedicalRecord" ("id", "scheduling_id", "patient_id", "complaint", "medical_history", "physical_examination", "systolic", "diastolic", "heart_rate", "respiratory_rate", "temperature", "created_at", "updated_at") VALUES (462, 462, 278, 'Dream put walk probably stand. Camera old detail that investment majority. Book reason treat collection.
Sea cause shoulder travel deep this into. Serve both deep type pretty.', 'Watch reflect north eat decide. Bank health good cold senior.
Responsibility word recently plant. Responsibility young reality off billion. Professor bed strategy nearly mOTHER particular community.', 'Customer world news Democrat mention bad. Edge family yourself value sing walk.
Live particularly everyone letter recent. Interest Democrat especially about leader federal. Hit focus sense.', 115, 62, 98, 13, 37.0, '2023-07-20T05:55:58.828658', '2023-09-11T20:11:38.741457');
INSERT INTO "ServiceNote" ("id", "scheduling_id", "medical_record_id", "additional_notes", "created_at", "updated_at") VALUES (462, 462, 462, 'Fish speak management response six season protect. Treatment interest get. Billion investment community.
Crime strategy kitchen by partner.', '2023-11-10T01:29:34.570875', '2023-07-23T17:18:46.981407');
INSERT INTO "Prescription" ("id", "service_note_id", "created_at", "updated_at") VALUES (462, 462, '2023-01-18T03:11:07.543784', '2023-03-05T22:00:17.601147');
INSERT INTO "PrescriptionDetail" ("id", "prescription_id", "medical_inventory_id", "quantity", "dosage_instructions", "created_at", "updated_at") VALUES (306, 462, 98, 6, '2 times daily after meals', '2023-09-21T17:49:06.294923', '2023-08-22T10:59:30.504377');
INSERT INTO "PrescriptionDetail" ("id", "prescription_id", "medical_inventory_id", "quantity", "dosage_instructions", "created_at", "updated_at") VALUES (307, 462, 16, 2, '1 times daily after meals', '2023-11-07T17:52:52.293815', '2023-08-05T04:54:50.700462');
INSERT INTO "PrescriptionDetail" ("id", "prescription_id", "medical_inventory_id", "quantity", "dosage_instructions", "created_at", "updated_at") VALUES (308, 462, 36, 10, '3 times daily after meals', '2023-07-07T05:57:54.471805', '2023-03-08T09:52:52.185255');
INSERT INTO "Payment" ("id", "service_note_id", "amount", "status", "payment_method", "created_at", "updated_at") VALUES (462, 462, 819.35, 'pending', 'credit_card', '2023-12-30T08:05:03.453395', '2023-07-31T05:15:33.858337');
INSERT INTO "Scheduling" ("id", "staff_id", "patient_id", "service_id", "date", "session", "status", "created_at", "updated_at") VALUES (463, 29, 250, 10, '2024-09-12', 'afternoon', 'cancelled', '2023-02-17T02:13:15.701381', '2023-03-06T09:42:45.887772');
INSERT INTO "Scheduling" ("id", "staff_id", "patient_id", "service_id", "date", "session", "status", "created_at", "updated_at") VALUES (464, 29, 213, 5, '2024-06-18', 'morning', 'cancelled', '2023-02-11T20:47:52.521459', '2023-08-24T09:56:22.559992');
INSERT INTO "Scheduling" ("id", "staff_id", "patient_id", "service_id", "date", "session", "status", "created_at", "updated_at") VALUES (465, 44, 227, 2, '2024-07-15', 'afternoon', 'cancelled', '2023-10-19T18:11:51.079782', '2023-04-10T15:25:27.828719');
INSERT INTO "Scheduling" ("id", "staff_id", "patient_id", "service_id", "date", "session", "status", "created_at", "updated_at") VALUES (466, 1, 257, 3, '2024-10-02', 'evening', 'completed', '2023-02-22T11:41:36.373026', '2023-08-20T05:13:24.533377');
INSERT INTO "MedicalRecord" ("id", "scheduling_id", "patient_id", "complaint", "medical_history", "physical_examination", "systolic", "diastolic", "heart_rate", "respiratory_rate", "temperature", "created_at", "updated_at") VALUES (466, 466, 257, 'North deep role majority sing candidate suffer. Action firm age somebody trial college our under.
Study occur smile stock too easy. Reality school economy deep issue almost condition color.', 'Any here foreign family add member. Someone hard office western anyone force watch.
Cell team indicate himself. Again occur perhaps.', 'Evidence ready especially director career north rate. Must produce pick avoid fine vote. Speak rule note several.', 93, 71, 95, 12, 36.0, '2023-02-11T15:26:29.485444', '2023-12-06T18:33:11.819029');
INSERT INTO "ServiceNote" ("id", "scheduling_id", "medical_record_id", "additional_notes", "created_at", "updated_at") VALUES (466, 466, 466, 'Entire whatever send beautiful fly. Population its easy upon work power project.', '2023-04-22T04:35:59.731693', '2023-02-13T16:10:49.369289');
INSERT INTO "Prescription" ("id", "service_note_id", "created_at", "updated_at") VALUES (466, 466, '2023-03-23T04:22:39.348744', '2023-03-21T08:28:12.722284');
INSERT INTO "PrescriptionDetail" ("id", "prescription_id", "medical_inventory_id", "quantity", "dosage_instructions", "created_at", "updated_at") VALUES (309, 466, 92, 2, '2 times daily after meals', '2023-06-14T00:00:49.979251', '2023-04-07T01:05:19.881820');
INSERT INTO "PrescriptionDetail" ("id", "prescription_id", "medical_inventory_id", "quantity", "dosage_instructions", "created_at", "updated_at") VALUES (310, 466, 8, 4, '2 times daily after meals', '2023-12-27T19:16:02.480202', '2023-09-28T23:41:38.013926');
INSERT INTO "PrescriptionDetail" ("id", "prescription_id", "medical_inventory_id", "quantity", "dosage_instructions", "created_at", "updated_at") VALUES (311, 466, 101, 6, '3 times daily after meals', '2023-09-12T18:43:06.163914', '2023-07-26T07:45:15.921834');
INSERT INTO "Payment" ("id", "service_note_id", "amount", "status", "payment_method", "created_at", "updated_at") VALUES (466, 466, 413.65, 'pAID', 'insurance', '2023-01-22T03:30:07.100025', '2023-02-12T14:46:33.627923');
INSERT INTO "Scheduling" ("id", "staff_id", "patient_id", "service_id", "date", "session", "status", "created_at", "updated_at") VALUES (467, 35, 139, 8, '2024-06-22', 'evening', 'scheduled', '2023-02-09T03:19:30.158366', '2023-11-23T13:03:38.966009');
INSERT INTO "Scheduling" ("id", "staff_id", "patient_id", "service_id", "date", "session", "status", "created_at", "updated_at") VALUES (468, 13, 235, 7, '2024-09-18', 'afternoon', 'scheduled', '2023-04-01T06:40:19.816513', '2023-03-01T22:10:46.568120');
INSERT INTO "Scheduling" ("id", "staff_id", "patient_id", "service_id", "date", "session", "status", "created_at", "updated_at") VALUES (469, 19, 119, 1, '2024-10-17', 'morning', 'scheduled', '2023-04-10T15:04:07.532877', '2023-04-09T18:45:27.122678');
INSERT INTO "Scheduling" ("id", "staff_id", "patient_id", "service_id", "date", "session", "status", "created_at", "updated_at") VALUES (470, 42, 300, 7, '2024-05-03', 'morning', 'scheduled', '2023-02-27T20:15:27.456337', '2023-05-07T10:17:38.763639');
INSERT INTO "Scheduling" ("id", "staff_id", "patient_id", "service_id", "date", "session", "status", "created_at", "updated_at") VALUES (471, 6, 263, 8, '2024-06-03', 'evening', 'cancelled', '2023-04-07T15:28:55.964757', '2023-12-01T18:25:44.789500');
INSERT INTO "Scheduling" ("id", "staff_id", "patient_id", "service_id", "date", "session", "status", "created_at", "updated_at") VALUES (472, 39, 143, 8, '2024-08-15', 'evening', 'cancelled', '2023-10-27T14:01:31.301874', '2023-04-25T09:10:59.561565');
INSERT INTO "Scheduling" ("id", "staff_id", "patient_id", "service_id", "date", "session", "status", "created_at", "updated_at") VALUES (473, 28, 247, 6, '2024-09-17', 'afternoon', 'scheduled', '2023-08-31T10:24:38.471614', '2023-08-10T06:13:07.369303');
INSERT INTO "Scheduling" ("id", "staff_id", "patient_id", "service_id", "date", "session", "status", "created_at", "updated_at") VALUES (474, 12, 54, 10, '2024-08-15', 'evening', 'completed', '2023-08-27T21:44:14.234904', '2023-02-13T20:47:27.588609');
INSERT INTO "MedicalRecord" ("id", "scheduling_id", "patient_id", "complaint", "medical_history", "physical_examination", "systolic", "diastolic", "heart_rate", "respiratory_rate", "temperature", "created_at", "updated_at") VALUES (474, 474, 54, 'May professional teach assume late both expect. Husband newspaper so throughout together. Happen research move organization agreement. Pay any anOTHER there almost.', 'Huge operation serve hope. Explain several structure down answer get.
Stand note pretty issue after boy heart. Arm bit perhaps hard. Source yeah painting.', 'Be hair success itself run. Eight north early try western black. Shoulder improve nature rule. Light two picture.', 136, 67, 92, 16, 36.6, '2023-02-12T08:15:32.639830', '2023-09-26T12:46:05.310361');
INSERT INTO "ServiceNote" ("id", "scheduling_id", "medical_record_id", "additional_notes", "created_at", "updated_at") VALUES (474, 474, 474, 'Better guy believe ahead young teacher. Camera home itself record will. Effect probably catch without.', '2023-04-20T10:54:41.247117', '2023-11-08T14:04:52.480954');
INSERT INTO "Prescription" ("id", "service_note_id", "created_at", "updated_at") VALUES (474, 474, '2023-06-03T21:23:39.037399', '2023-08-25T07:06:37.004688');
INSERT INTO "PrescriptionDetail" ("id", "prescription_id", "medical_inventory_id", "quantity", "dosage_instructions", "created_at", "updated_at") VALUES (312, 474, 148, 6, '1 times daily after meals', '2023-12-03T04:45:22.534969', '2023-02-22T15:52:07.303889');
INSERT INTO "PrescriptionDetail" ("id", "prescription_id", "medical_inventory_id", "quantity", "dosage_instructions", "created_at", "updated_at") VALUES (313, 474, 10, 10, '2 times daily after meals', '2023-02-09T20:49:10.657311', '2023-05-08T04:02:42.722285');
INSERT INTO "PrescriptionDetail" ("id", "prescription_id", "medical_inventory_id", "quantity", "dosage_instructions", "created_at", "updated_at") VALUES (314, 474, 95, 2, '3 times daily after meals', '2023-07-20T19:16:09.428951', '2023-10-28T07:54:27.740736');
INSERT INTO "Payment" ("id", "service_note_id", "amount", "status", "payment_method", "created_at", "updated_at") VALUES (474, 474, 507.46, 'cancelled', 'cash', '2023-06-16T06:11:12.881661', '2023-10-10T10:59:50.977125');
INSERT INTO "Scheduling" ("id", "staff_id", "patient_id", "service_id", "date", "session", "status", "created_at", "updated_at") VALUES (475, 10, 289, 9, '2024-09-10', 'afternoon', 'scheduled', '2023-10-23T17:21:55.575135', '2023-03-21T00:30:53.701519');
INSERT INTO "Scheduling" ("id", "staff_id", "patient_id", "service_id", "date", "session", "status", "created_at", "updated_at") VALUES (476, 34, 176, 8, '2024-10-02', 'morning', 'cancelled', '2023-07-31T20:56:04.175455', '2023-11-19T01:57:46.020610');
INSERT INTO "Scheduling" ("id", "staff_id", "patient_id", "service_id", "date", "session", "status", "created_at", "updated_at") VALUES (477, 48, 90, 9, '2024-10-15', 'evening', 'cancelled', '2023-11-28T05:36:42.269316', '2023-01-18T12:40:17.942242');
INSERT INTO "Scheduling" ("id", "staff_id", "patient_id", "service_id", "date", "session", "status", "created_at", "updated_at") VALUES (478, 20, 226, 9, '2024-10-02', 'morning', 'scheduled', '2023-11-24T20:19:43.819951', '2023-05-23T02:18:37.724003');
INSERT INTO "Scheduling" ("id", "staff_id", "patient_id", "service_id", "date", "session", "status", "created_at", "updated_at") VALUES (479, 31, 291, 10, '2024-08-23', 'evening', 'cancelled', '2023-05-27T10:38:36.411234', '2023-05-10T19:28:21.521755');
INSERT INTO "Scheduling" ("id", "staff_id", "patient_id", "service_id", "date", "session", "status", "created_at", "updated_at") VALUES (480, 22, 201, 5, '2024-08-14', 'afternoon', 'scheduled', '2023-02-25T05:37:38.327456', '2023-04-04T11:03:26.748005');
INSERT INTO "Scheduling" ("id", "staff_id", "patient_id", "service_id", "date", "session", "status", "created_at", "updated_at") VALUES (481, 3, 206, 10, '2024-10-23', 'evening', 'completed', '2023-04-19T07:01:01.520531', '2023-01-06T03:13:40.019609');
INSERT INTO "MedicalRecord" ("id", "scheduling_id", "patient_id", "complaint", "medical_history", "physical_examination", "systolic", "diastolic", "heart_rate", "respiratory_rate", "temperature", "created_at", "updated_at") VALUES (481, 481, 206, 'Study short lose order. Identify total situation.
Your everyone serious somebody. Nearly itself force put perhaps same.
Notice yeah least shake.', 'Visit stay turn think bank. Campaign dark simple car physical arm coach. Amount stop thank human safe.
Behind under writer someone detail both back.', 'Effect week level as himself power. Responsibility debate car benefit serve. Require message letter believe choose year story. From enjoy speech pull today way.', 93, 80, 90, 14, 36.9, '2023-06-09T01:24:10.307893', '2023-05-22T07:30:17.268557');
INSERT INTO "ServiceNote" ("id", "scheduling_id", "medical_record_id", "additional_notes", "created_at", "updated_at") VALUES (481, 481, 481, 'Character cut later billion magazine seek. Direction window ready. Reality business woman know herself woman special. Decade accept various continue.', '2023-09-10T12:56:58.416662', '2023-11-30T11:09:09.828010');
INSERT INTO "Prescription" ("id", "service_note_id", "created_at", "updated_at") VALUES (481, 481, '2023-10-23T05:41:46.113299', '2023-08-15T14:44:31.958527');
INSERT INTO "PrescriptionDetail" ("id", "prescription_id", "medical_inventory_id", "quantity", "dosage_instructions", "created_at", "updated_at") VALUES (315, 481, 75, 10, '1 times daily after meals', '2023-06-14T09:41:49.136701', '2023-09-28T16:57:43.266254');
INSERT INTO "PrescriptionDetail" ("id", "prescription_id", "medical_inventory_id", "quantity", "dosage_instructions", "created_at", "updated_at") VALUES (316, 481, 74, 8, '1 times daily after meals', '2023-12-01T02:15:48.336294', '2023-01-25T01:06:46.960852');
INSERT INTO "PrescriptionDetail" ("id", "prescription_id", "medical_inventory_id", "quantity", "dosage_instructions", "created_at", "updated_at") VALUES (317, 481, 33, 9, '1 times daily after meals', '2023-04-26T06:58:18.622319', '2023-12-15T22:05:03.165066');
INSERT INTO "Payment" ("id", "service_note_id", "amount", "status", "payment_method", "created_at", "updated_at") VALUES (481, 481, 858.87, 'pAID', 'debit_card', '2023-08-12T08:28:39.951847', '2023-06-10T20:42:26.616513');
INSERT INTO "Scheduling" ("id", "staff_id", "patient_id", "service_id", "date", "session", "status", "created_at", "updated_at") VALUES (482, 9, 191, 5, '2024-10-03', 'afternoon', 'scheduled', '2023-11-04T10:28:04.921114', '2023-11-02T04:34:20.845156');
INSERT INTO "Scheduling" ("id", "staff_id", "patient_id", "service_id", "date", "session", "status", "created_at", "updated_at") VALUES (483, 48, 140, 10, '2024-05-27', 'evening', 'cancelled', '2023-12-21T06:53:52.725367', '2023-12-05T22:31:52.907767');
INSERT INTO "Scheduling" ("id", "staff_id", "patient_id", "service_id", "date", "session", "status", "created_at", "updated_at") VALUES (484, 10, 240, 3, '2024-10-14', 'afternoon', 'completed', '2023-07-30T12:59:47.542502', '2023-09-22T01:24:06.327065');
INSERT INTO "MedicalRecord" ("id", "scheduling_id", "patient_id", "complaint", "medical_history", "physical_examination", "systolic", "diastolic", "heart_rate", "respiratory_rate", "temperature", "created_at", "updated_at") VALUES (484, 484, 240, 'Investment either answer week recognize bring significant. Turn strong tell early always always than. What she hot.
Control type find future hit individual.', 'More name up man young. Stage represent ground list human find occur while.
Note eight door authority them side garden. Else energy reflect wife term.', 'Everything smile property few field. Size house people the financial wife. Record computer picture less.', 140, 82, 75, 19, 36.3, '2023-08-21T10:21:15.216558', '2023-08-31T20:43:02.622622');
INSERT INTO "ServiceNote" ("id", "scheduling_id", "medical_record_id", "additional_notes", "created_at", "updated_at") VALUES (484, 484, 484, 'While leave ago table partner degree hundred house. Research gas water.
Break out set situation old couple usually. Various north base subject decision truth fly.', '2023-10-08T02:51:27.681442', '2023-08-19T23:52:11.441779');
INSERT INTO "Prescription" ("id", "service_note_id", "created_at", "updated_at") VALUES (484, 484, '2023-02-28T14:50:38.699477', '2023-06-20T21:22:09.385344');
INSERT INTO "PrescriptionDetail" ("id", "prescription_id", "medical_inventory_id", "quantity", "dosage_instructions", "created_at", "updated_at") VALUES (318, 484, 9, 6, '1 times daily after meals', '2023-12-08T13:30:47.701092', '2023-10-02T06:54:45.806637');
INSERT INTO "PrescriptionDetail" ("id", "prescription_id", "medical_inventory_id", "quantity", "dosage_instructions", "created_at", "updated_at") VALUES (319, 484, 38, 10, '1 times daily after meals', '2023-12-04T01:16:02.344186', '2023-09-03T16:03:16.373008');
INSERT INTO "PrescriptionDetail" ("id", "prescription_id", "medical_inventory_id", "quantity", "dosage_instructions", "created_at", "updated_at") VALUES (320, 484, 127, 7, '2 times daily after meals', '2023-11-15T16:45:48.011394', '2023-03-06T11:35:45.095643');
INSERT INTO "Payment" ("id", "service_note_id", "amount", "status", "payment_method", "created_at", "updated_at") VALUES (484, 484, 276.05, 'pAID', 'credit_card', '2023-03-25T17:39:38.378952', '2023-07-03T23:10:03.025045');
INSERT INTO "Scheduling" ("id", "staff_id", "patient_id", "service_id", "date", "session", "status", "created_at", "updated_at") VALUES (485, 14, 227, 1, '2024-09-23', 'evening', 'cancelled', '2023-02-14T19:38:25.387948', '2023-11-24T21:15:47.662872');
INSERT INTO "Scheduling" ("id", "staff_id", "patient_id", "service_id", "date", "session", "status", "created_at", "updated_at") VALUES (486, 17, 136, 8, '2024-05-28', 'morning', 'completed', '2023-04-08T23:07:14.066379', '2023-05-12T23:40:46.572707');
INSERT INTO "MedicalRecord" ("id", "scheduling_id", "patient_id", "complaint", "medical_history", "physical_examination", "systolic", "diastolic", "heart_rate", "respiratory_rate", "temperature", "created_at", "updated_at") VALUES (486, 486, 136, 'Remember teacher or laugh. Practice attorney employee see each. Focus exist son become pretty.
Traditional wind son positive. Father beyond bad will where then each.', 'That cut natural need her impact.
Raise adult according war. Maintain foreign system oil important half stop.', 'People employee soon weight. Congress threat get floor dinner beyond special.
These goal a hold under expect. Add whom staff road approach city. Me site office whether oil soldier step.', 120, 69, 90, 20, 36.4, '2023-02-04T19:08:32.316498', '2023-10-29T17:50:35.447748');
INSERT INTO "ServiceNote" ("id", "scheduling_id", "medical_record_id", "additional_notes", "created_at", "updated_at") VALUES (486, 486, 486, 'Adult point market end cause ahead. Apply power family skill though kind.
Own kitchen safe mention bar. Meet one voice sign agent. Ten color station news language executive. Final should material.', '2023-08-04T07:38:37.433993', '2023-12-07T08:17:00.024179');
INSERT INTO "Prescription" ("id", "service_note_id", "created_at", "updated_at") VALUES (486, 486, '2023-03-14T15:05:03.584447', '2023-08-19T00:08:57.223409');
INSERT INTO "PrescriptionDetail" ("id", "prescription_id", "medical_inventory_id", "quantity", "dosage_instructions", "created_at", "updated_at") VALUES (321, 486, 100, 8, '2 times daily after meals', '2023-07-31T23:08:43.729631', '2023-08-17T19:02:25.226569');
INSERT INTO "PrescriptionDetail" ("id", "prescription_id", "medical_inventory_id", "quantity", "dosage_instructions", "created_at", "updated_at") VALUES (322, 486, 38, 9, '2 times daily after meals', '2023-05-25T20:37:14.541400', '2023-07-10T13:17:01.471859');
INSERT INTO "PrescriptionDetail" ("id", "prescription_id", "medical_inventory_id", "quantity", "dosage_instructions", "created_at", "updated_at") VALUES (323, 486, 4, 5, '2 times daily after meals', '2023-09-03T10:40:36.698712', '2023-04-23T04:01:17.848232');
INSERT INTO "Payment" ("id", "service_note_id", "amount", "status", "payment_method", "created_at", "updated_at") VALUES (486, 486, 412.9, 'pAID', 'cash', '2023-06-23T21:05:02.100139', '2023-05-27T23:32:00.986310');
INSERT INTO "Scheduling" ("id", "staff_id", "patient_id", "service_id", "date", "session", "status", "created_at", "updated_at") VALUES (487, 7, 232, 7, '2024-09-12', 'evening', 'cancelled', '2023-03-27T18:29:12.426387', '2023-01-05T04:10:31.179254');
INSERT INTO "Scheduling" ("id", "staff_id", "patient_id", "service_id", "date", "session", "status", "created_at", "updated_at") VALUES (488, 42, 189, 5, '2024-07-07', 'afternoon', 'scheduled', '2023-08-15T19:17:17.431929', '2023-12-22T21:34:45.512360');
INSERT INTO "Scheduling" ("id", "staff_id", "patient_id", "service_id", "date", "session", "status", "created_at", "updated_at") VALUES (489, 17, 251, 8, '2024-10-13', 'evening', 'cancelled', '2023-07-31T18:30:46.460661', '2023-06-21T10:11:32.293537');
INSERT INTO "Scheduling" ("id", "staff_id", "patient_id", "service_id", "date", "session", "status", "created_at", "updated_at") VALUES (490, 48, 150, 9, '2024-06-29', 'evening', 'completed', '2023-08-22T08:52:26.060208', '2023-02-06T10:07:08.802568');
INSERT INTO "MedicalRecord" ("id", "scheduling_id", "patient_id", "complaint", "medical_history", "physical_examination", "systolic", "diastolic", "heart_rate", "respiratory_rate", "temperature", "created_at", "updated_at") VALUES (490, 490, 150, 'Pressure special control west may catch. Make success everything item drop know.', 'Make clearly image easy rule. Community because but bank close. Model really size occur significant establish apply.
Animal bank law figure. Record behavior finish little job.', 'Quickly art common person blue. Station product huge job personal two.
Simple company learn capital senior dog break.', 133, 82, 71, 17, 36.8, '2023-09-19T19:45:30.972232', '2023-04-28T06:32:35.455085');
INSERT INTO "ServiceNote" ("id", "scheduling_id", "medical_record_id", "additional_notes", "created_at", "updated_at") VALUES (490, 490, 490, 'Animal catch field ability type late customer. Probably need traditional traditional. To board themselves think space leader area expert. Bank doctor make paper husband point.', '2023-10-16T09:14:42.783882', '2023-02-20T13:36:13.710990');
INSERT INTO "Prescription" ("id", "service_note_id", "created_at", "updated_at") VALUES (490, 490, '2023-04-08T14:05:27.055425', '2023-04-25T07:38:58.929526');
INSERT INTO "PrescriptionDetail" ("id", "prescription_id", "medical_inventory_id", "quantity", "dosage_instructions", "created_at", "updated_at") VALUES (324, 490, 3, 2, '1 times daily after meals', '2023-04-25T02:52:05.376283', '2023-01-02T17:38:22.833446');
INSERT INTO "PrescriptionDetail" ("id", "prescription_id", "medical_inventory_id", "quantity", "dosage_instructions", "created_at", "updated_at") VALUES (325, 490, 106, 2, '3 times daily after meals', '2023-02-23T16:04:21.960189', '2023-03-07T21:04:05.273258');
INSERT INTO "PrescriptionDetail" ("id", "prescription_id", "medical_inventory_id", "quantity", "dosage_instructions", "created_at", "updated_at") VALUES (326, 490, 27, 8, '2 times daily after meals', '2023-03-03T21:28:06.621967', '2023-02-16T12:18:56.087890');
INSERT INTO "Payment" ("id", "service_note_id", "amount", "status", "payment_method", "created_at", "updated_at") VALUES (490, 490, 258.45, 'pAID', 'debit_card', '2023-07-19T07:49:28.917206', '2023-05-26T03:13:54.214379');
INSERT INTO "Scheduling" ("id", "staff_id", "patient_id", "service_id", "date", "session", "status", "created_at", "updated_at") VALUES (491, 13, 98, 1, '2024-05-07', 'morning', 'cancelled', '2023-01-08T14:23:45.949782', '2023-10-17T07:51:31.669222');
INSERT INTO "Scheduling" ("id", "staff_id", "patient_id", "service_id", "date", "session", "status", "created_at", "updated_at") VALUES (492, 43, 113, 2, '2024-06-23', 'evening', 'scheduled', '2023-04-27T13:41:15.686430', '2023-07-15T07:07:13.318517');
INSERT INTO "Scheduling" ("id", "staff_id", "patient_id", "service_id", "date", "session", "status", "created_at", "updated_at") VALUES (493, 39, 340, 3, '2024-06-01', 'afternoon', 'scheduled', '2023-03-21T00:11:18.593035', '2023-12-20T10:49:27.784106');
INSERT INTO "Scheduling" ("id", "staff_id", "patient_id", "service_id", "date", "session", "status", "created_at", "updated_at") VALUES (494, 45, 201, 8, '2024-06-15', 'afternoon', 'cancelled', '2023-03-05T12:38:43.570386', '2023-11-23T05:25:47.722842');
INSERT INTO "Scheduling" ("id", "staff_id", "patient_id", "service_id", "date", "session", "status", "created_at", "updated_at") VALUES (495, 5, 192, 7, '2024-10-09', 'afternoon', 'cancelled', '2023-03-24T20:42:29.927129', '2023-06-30T03:19:01.815273');
INSERT INTO "Scheduling" ("id", "staff_id", "patient_id", "service_id", "date", "session", "status", "created_at", "updated_at") VALUES (496, 43, 133, 2, '2024-07-20', 'afternoon', 'completed', '2023-03-24T01:59:07.044402', '2023-04-05T07:00:50.100853');
INSERT INTO "MedicalRecord" ("id", "scheduling_id", "patient_id", "complaint", "medical_history", "physical_examination", "systolic", "diastolic", "heart_rate", "respiratory_rate", "temperature", "created_at", "updated_at") VALUES (496, 496, 133, 'Together thing sure middle. Modern popular bank serious once organization my.
Democrat western camera maybe. Interesting tax house own note.
Meet behind meeting. Chair trouble book poor land.', 'Party team customer despite education teacher. Positive modern situation just especially develop.
Hundred above possible.', 'Forward develop deep she operation. Continue move us.
Sit argue join rule quickly. Here bit partner leg scene modern check. Left place choice. Along off party citizen energy car lawyer.', 139, 61, 84, 18, 36.5, '2023-05-02T04:35:46.592333', '2023-05-23T11:45:06.621945');
INSERT INTO "ServiceNote" ("id", "scheduling_id", "medical_record_id", "additional_notes", "created_at", "updated_at") VALUES (496, 496, 496, 'Look happy amount industry resource. Employee painting painting meet write. We red major man to school middle.
Special with worker. Support despite put ability turn nice difference.', '2023-02-08T09:02:39.625117', '2023-12-02T11:00:21.469736');
INSERT INTO "Prescription" ("id", "service_note_id", "created_at", "updated_at") VALUES (496, 496, '2023-06-10T12:46:20.932189', '2023-03-22T02:19:23.821090');
INSERT INTO "PrescriptionDetail" ("id", "prescription_id", "medical_inventory_id", "quantity", "dosage_instructions", "created_at", "updated_at") VALUES (327, 496, 67, 5, '1 times daily after meals', '2023-02-24T23:12:10.713861', '2023-09-16T21:06:36.027892');
INSERT INTO "Payment" ("id", "service_note_id", "amount", "status", "payment_method", "created_at", "updated_at") VALUES (496, 496, 468.55, 'pAID', 'credit_card', '2023-05-15T08:52:38.332707', '2023-09-10T17:51:47.926546');
INSERT INTO "Scheduling" ("id", "staff_id", "patient_id", "service_id", "date", "session", "status", "created_at", "updated_at") VALUES (497, 40, 302, 2, '2024-08-07', 'morning', 'scheduled', '2023-10-17T06:55:55.879972', '2023-04-09T11:39:16.565989');
INSERT INTO "Scheduling" ("id", "staff_id", "patient_id", "service_id", "date", "session", "status", "created_at", "updated_at") VALUES (498, 35, 105, 8, '2024-08-17', 'morning', 'cancelled', '2023-11-24T08:11:20.065347', '2023-08-17T05:01:05.396356');
INSERT INTO "Scheduling" ("id", "staff_id", "patient_id", "service_id", "date", "session", "status", "created_at", "updated_at") VALUES (499, 17, 88, 2, '2024-05-25', 'morning', 'cancelled', '2023-12-21T15:11:33.080268', '2023-09-24T16:22:39.437865');
INSERT INTO "Scheduling" ("id", "staff_id", "patient_id", "service_id", "date", "session", "status", "created_at", "updated_at") VALUES (500, 47, 60, 8, '2024-07-02', 'afternoon', 'scheduled', '2023-02-09T10:20:56.975434', '2023-08-13T09:14:55.295384');

COMMIT;
